event_id_1pd,date,n_reports,event_ids_matching,sources_matching,source_urls,target_classes,target_terms,attack_terms,geonameid,asciiname,ADM1_NAME,ADM2_NAME,longitude,latitude,location_bucket,location_method,nearest_ru_distance_km,nearest_ru_geonameid,nearest_ru_name,a_ukr_init_field,a_ukr_init,a_ukr_field,a_ukr,a_rus_init_field,a_rus_init,a_rus_field,a_rus,ua_actor_text,ru_scope_text,representative_text,Stage1Triage,CandidateCensusComplete
159488,20240102,1,875856,ria,https://ria.ru/20240102/udar-1919456801.html,DEFENSE_INDUSTRY,ВПК,удар,703448,Kyiv,Kiev City,Shevchenkivs'kyi,30.52355,50.450441,DROP,DROP_LOCATION_NOT_RU,,,,a_ukr_init_b,,a_ukr_b,0,a_rus_init_b,,a_rus_b,0,FALSE,FALSE,ВС России нанесли групповой удар по предприятиям ВПК в Киеве и пригородах,MACHINE_NONCANDIDATE,FALSE
214606,20240104,2,882254,ria,https://ria.ru/20240104/spetsoperatsiya-1919703209.html,AMMUNITION_ARSENAL,склад боеприпас,уничтож,706483,Kharkiv,Kharkiv,Kharkivs'ka,36.231202,49.992167,DROP,DROP_LOCATION_NOT_RU,,,,a_ukr_init_b,,a_ukr_b,0,a_rus_init_b,,a_rus_b,0,TRUE,FALSE,Российские военные уничтожили склад боеприпасов ВСУ в Харьковской области,MACHINE_NONCANDIDATE,FALSE
314906,20240106,1,1255091,liveuamap,https://t.me/kpszsu/9492,STRATEGIC_AIRBASE,авіабаз,знищ,7039154,Novofedorovka,Crimea,Saks'kyi,33.58353,45.08837,REVIEW,REVIEW_DISPUTED_CRIMEA,,,,a_ukr_init_b,,a_ukr_b,0,a_rus_init_b,,a_rus_b,0,TRUE,FALSE,ВВС України заявили про знищення командного пункту на авіабазі Саки в Криму,REVIEW,FALSE
58255,20240106,1,1650119,liga,https://news.liga.net/politics/news/boytsy-gur-unichtozhili-sklady-boepripasov-rossiyan-v-krymu-4-yanvarya-sputnikovye-snimki,AMMUNITION_ARSENAL,склады боеприпас,уничтож,693805,Simferopol,Crimea,Simferopol's'ka,34.0994127132379,44.9536335,REVIEW,REVIEW_DISPUTED_CRIMEA,,,,a_ukr_init_b,,a_ukr_b,0,a_rus_init_b,,a_rus_b,1,FALSE,FALSE,Бойцы ГУР уничтожили склады боеприпасов россиян в Крыму 4 января – спутниковые снимки,REVIEW,FALSE
58253,20240106,1,1650123,liga,https://news.liga.net/politics/news/vzryvy-v-krymu-letchiki-vsu-unichtozhili-komandnyy-punkt-na-aerodrome-saki-komanduyushtiy,STRATEGIC_AIRBASE,аэродром,Взрыв|уничтож,693805,Simferopol,Crimea,Simferopol's'ka,34.0994127132379,44.9536335,REVIEW,REVIEW_DISPUTED_CRIMEA,,,,a_ukr_init_b,,a_ukr_b,1,a_rus_init_b,,a_rus_b,0,TRUE,FALSE,Взрывы в Крыму: летчики ВСУ уничтожили командный пункт на аэродроме Саки – командующий,REVIEW,FALSE
58249,20240106,1,1723611,unian,https://www.unian.ua/war/u-krimu-znovu-bavovna-pid-udar-potrapiv-viyskoviy-aerodrom-saki-merezha-12503070.html,STRATEGIC_AIRBASE,аеродром,удар,693805,Simferopol,Crimea,Simferopol's'ka,34.0994127132379,44.9536335,REVIEW,REVIEW_DISPUTED_CRIMEA,,,,a_ukr_init_b,,a_ukr_b,0,a_rus_init_b,,a_rus_b,0,FALSE,FALSE,"У Криму знову """"бавовна"""": під удар потрапив військовий аеродром """"Саки"""", - мережа",REVIEW,FALSE
58248,20240106,1,1723616,unian,https://www.unian.ua/war/aerodrom-saki-povitryani-sili-pidtverdili-fakt-uspishnoji-ataki-foto-12503142.html,STRATEGIC_AIRBASE,аеродром,удар,693805,Simferopol,Crimea,Simferopol's'ka,34.0994127132379,44.9536335,REVIEW,REVIEW_DISPUTED_CRIMEA,,,,a_ukr_init_b,,a_ukr_b,0,a_rus_init_b,,a_rus_b,0,FALSE,FALSE,"Мінус пункт управління у Криму: Олещук підтвердив удари по аеродрому """"Саки"""" (фото)",REVIEW,FALSE
314907,20240106,1,1843662,liveuamap,https://t.me/kpszsu/9492,STRATEGIC_AIRBASE,авіабаз,знищ,7039154,Novofedorovka,Crimea,Saks'kyi,33.58353,45.08837,REVIEW,REVIEW_DISPUTED_CRIMEA,,,,a_ukr_init_b,,a_ukr_b,1,a_rus_init_b,,a_rus_b,0,TRUE,FALSE,ВВС України заявили про знищення командного пункту на авіабазі Саки в Криму,REVIEW,FALSE
314909,20240107,1,1255109,liveuamap,https://t.me/kpszsu/9492,STRATEGIC_AIRBASE,авіабаз,знищ,7039154,Novofedorovka,Crimea,Saks'kyi,33.58353,45.08837,REVIEW,REVIEW_DISPUTED_CRIMEA,,,,a_ukr_init_b,,a_ukr_b,0,a_rus_init_b,,a_rus_b,1,TRUE,FALSE,ВВС України заявили про знищення командного пункту на авіабазі Саки в Криму,REVIEW,FALSE
314908,20240107,1,1843868,liveuamap,https://t.me/kpszsu/9492,STRATEGIC_AIRBASE,авіабаз,знищ,7039154,Novofedorovka,Crimea,Saks'kyi,33.58353,45.08837,REVIEW,REVIEW_DISPUTED_CRIMEA,,,,a_ukr_init_b,,a_ukr_b,1,a_rus_init_b,,a_rus_b,0,TRUE,FALSE,ВВС України заявили про знищення командного пункту на авіабазі Саки в Криму,REVIEW,FALSE
305868,20240109,1,1636497,meduza,https://t.me/The_Wrong_Side/14078,AMMUNITION_ARSENAL,складу боеприпас,удар,807359,Zavody Pervyye,Kharkiv,Vovchans'kyi,36.942443,50.262666,REVIEW,REVIEW_COORDINATE_NEAR_RU,12.029,489051,Staraya Tavolzhanka,a_ukr_init_b,,a_ukr_b,0,a_rus_init_b,,a_rus_b,1,TRUE,FALSE,"Авиация ВС РФ, как утверждается, нанесла удар по украинскому складу боеприпасов в Волчанске в Харьковской области.",REVIEW,FALSE
331832,20240109,1,1636500,meduza,https://t.me/rvvoenkorym/34693,ENERGY_GRID_SUPPORT,подстанц,Пожар|удар,9644143,Mandrykyne,Donets'k,Donets'ka,37.687258,47.930115,DROP,DROP_LOCATION_NOT_RU,,,,a_ukr_init_b,,a_ukr_b,1,a_rus_init_b,,a_rus_b,0,TRUE,FALSE,"Пожар на электроподстанции в Донецке, сообщается, что это последствия удара ВСУ.",MACHINE_NONCANDIDATE,FALSE
131145,20240109,1,1636514,meduza,https://twitter.com/neonhandrail/status/1749687804513398920,ENERGY_GRID_SUPPORT,подстанц,Пожар,702320,Makiivka,Donets'k,Maki‹vs'ka,37.916964,48.022469,DROP,DROP_LOCATION_NOT_RU,,,,a_ukr_init_b,,a_ukr_b,0,a_rus_init_b,,a_rus_b,0,FALSE,FALSE,Пожар и столб черного дыма в Макеевке (Донецкая область) - возможно горит электроподстанция.,MACHINE_NONCANDIDATE,FALSE
70775,20240109,1,1636515,meduza,https://twitter.com/neonhandrail/status/1749687804513398920,ENERGY_GRID_SUPPORT,подстанц,Пожар,695094,Ruttschenkowo,Donets'k,Donets'ka,37.675289,47.955082,DROP,DROP_LOCATION_NOT_RU,,,,a_ukr_init_b,,a_ukr_b,0,a_rus_init_b,,a_rus_b,0,FALSE,FALSE,Пожар и столб черного дыма в Макеевке (Донецкая область) - возможно горит электроподстанция.,MACHINE_NONCANDIDATE,FALSE
58290,20240114,1,1723818,unian,https://www.unian.ua/war/ataka-na-aerodrom-saki-likvidovano-rosiyskogo-pidpolkovnika-chornobrivogo-12510867.html,STRATEGIC_AIRBASE,аеродром,атак,693805,Simferopol,Crimea,Simferopol's'ka,34.0994127132379,44.9536335,REVIEW,REVIEW_DISPUTED_CRIMEA,,,,a_ukr_init_b,,a_ukr_b,0,a_rus_init_b,,a_rus_b,0,FALSE,FALSE,"В Криму під час атаки на аеродром """"задвохсотили"""" топ-окупанта (фото)",REVIEW,FALSE
248848,20240117,3,926664,ria,https://ria.ru/20240117/sklad-1921762382.html,AMMUNITION_ARSENAL,склад с боеприпас,уничтож,709930,Dnipro,Dnipropetrovs'k,Dnipropetrovs'ka,35.046181,48.464717,DROP,DROP_LOCATION_NOT_RU,,,,a_ukr_init_b,,a_ukr_b,0,a_rus_init_b,,a_rus_b,0,TRUE,FALSE,Артиллеристы уничтожили склад с боеприпасами ВСУ на правом берегу Днепра,MACHINE_NONCANDIDATE,FALSE
63441,20240118,1,930351,espreso,https://espreso.tv/peremoga-ukraini-peremozhni-novini-694-dnya-viyni-gur-atakuvalo-naftoviy-terminal-u-rf-a-v-sevastopoli-zatonuv-korabel-okupantiv,FUEL_STORAGE_TERMINAL,нафтовий термінал,атак,694423,Sevastopol,Sevastopol',Lenins'kyi,33.5229142,44.6010512,REVIEW,REVIEW_DISPUTED_CRIMEA,,,,a_ukr_init_b,,a_ukr_b,0,a_rus_init_b,,a_rus_b,0,FALSE,FALSE,"Переможні новини 694-го дня війни: ГУР атакувало нафтовий термінал у РФ, а в Севастополі затонув корабель окупантів",REVIEW,FALSE
337844,20240127,1,957256,ria,https://ria.ru/20240127/ukraina-1923828667.html,PIPELINE_PUMPING,трубопровод,поврежд,10361692,Demianivka,Dnipropetrovs'k,Shyrokivs'kyi,33.156188,47.683323,DROP,DROP_LOCATION_NOT_RU,,,,a_ukr_init_b,,a_ukr_b,1,a_rus_init_b,,a_rus_b,0,FALSE,FALSE,Часть Кривого Рога осталась без тепла из-за повреждения трубопровода,MACHINE_NONCANDIDATE,FALSE
341063,20240127,1,957257,ria,https://ria.ru/20240127/ukraina-1923828667.html,PIPELINE_PUMPING,трубопровод,поврежд,11147681,Kryvyy Rih,Dnipropetrovs'k,KryvyiRig,33.442544,47.919883,DROP,DROP_LOCATION_NOT_RU,,,,a_ukr_init_b,,a_ukr_b,1,a_rus_init_b,,a_rus_b,0,FALSE,FALSE,Часть Кривого Рога осталась без тепла из-за повреждения трубопровода,MACHINE_NONCANDIDATE,FALSE
63470,20240128,1,957756,espreso,https://espreso.tv/viyna-z-rosiyeyu-pozhezha-u-moskvi-guchni-vibukhi-u-sevastopoli-ta-ataka-droniv-na-naftobazu-u-krasnodarskomu-krai-de-u-rosiyan-vibukhalo-ta-palalo-tsogo-tizhnya,FUEL_STORAGE_TERMINAL,нафтобаз,Пожеж|атак|вибух|дрон,694423,Sevastopol,Sevastopol',Lenins'kyi,33.5229142,44.6010512,REVIEW,REVIEW_DISPUTED_CRIMEA,,,,a_ukr_init_b,,a_ukr_b,0,a_rus_init_b,,a_rus_b,0,FALSE,FALSE,"Пожежа у Москві, гучні вибухи у Севастополі та атака дронів на нафтобазу в Краснодарському краї: де у росіян вибухало та палало цього тижня",REVIEW,FALSE
248910,20240130,1,962513,ria,https://ria.ru/20240130/desant-1924262587.html,AMMUNITION_ARSENAL,склады с ГСМ и боеприпас,уничтож,709930,Dnipro,Dnipropetrovs'k,Dnipropetrovs'ka,35.046181,48.464717,DROP,DROP_LOCATION_NOT_RU,,,,a_ukr_init_b,,a_ukr_b,0,a_rus_init_b,,a_rus_b,0,TRUE,FALSE,Десант уничтожил на правом берегу Днепра склады с ГСМ и боеприпасами ВСУ,MACHINE_NONCANDIDATE,FALSE
58375,20240130,1,962961,espreso,https://espreso.tv/viyna-z-rosiyeyu-u-rosii-zayavili-pro-ataku-21-bezpilotnika-na-4-regioni-rf-ta-krim,FUEL_STORAGE_TERMINAL,нафтобаз,атак|безпілот,693805,Simferopol,Crimea,Simferopol's'ka,34.0994127132379,44.9536335,REVIEW,REVIEW_DISPUTED_CRIMEA,,,,a_ukr_init_b,,a_ukr_b,0,a_rus_init_b,,a_rus_b,1,FALSE,FALSE,Росіяни заявили про атаку 21 безпілотника на 4 регіони РФ та Крим: ЗМІ пишуть про падіння БПЛА на територію нафтобази у Калузі,REVIEW,FALSE
63477,20240131,1,965531,espreso,https://espreso.tv/viyna-z-rosiyeyu-u-sevastopoli-pozhezha-v-rayoni-aerodromu-belbek-okupanti-zayavili-pro-robotu-ppo,STRATEGIC_AIRBASE,аеродром,пожеж,694423,Sevastopol,Sevastopol',Lenins'kyi,33.5229142,44.6010512,REVIEW,REVIEW_DISPUTED_CRIMEA,,,,a_ukr_init_b,,a_ukr_b,0,a_rus_init_b,,a_rus_b,1,FALSE,FALSE,У Севастополі пожежа в районі аеродрому Бельбек. Окупанти заявили про роботу ППО,REVIEW,FALSE
120163,20240131,1,1257627,liveuamap,https://t.me/Crimeanwind/53031,STRATEGIC_AIRBASE,аеродром,вибух,701419,Mekenziievi Hory,Sevastopol',Nakhimovs'kyi,33.57423,44.6626,REVIEW,REVIEW_DISPUTED_CRIMEA,,,,a_ukr_init_b,,a_ukr_b,0,a_rus_init_b,,a_rus_b,1,FALSE,FALSE,Повідомляється про вибухи біля аеродрому Бельбек під Севастополем,REVIEW,FALSE
58381,20240131,2,1685856,pravdaua,https://www.pravda.com.ua/news/2024/01/31/7439735/,STRATEGIC_AIRBASE,аеродром,вибух,693805,Simferopol,Crimea,Simferopol's'ka,34.0994127132379,44.9536335,REVIEW,REVIEW_DISPUTED_CRIMEA,,,,a_ukr_init_b,,a_ukr_b,0,a_rus_init_b,,a_rus_b,0,FALSE,FALSE,"У кількох містах Криму пролунали вибухи, над аеродромом """"Бельбек"""" видно дим – ЗМІ.",REVIEW,FALSE
132888,20240131,1,1847451,liveuamap,https://t.me/Crimeanwind/53088,STRATEGIC_AIRBASE,аеродром,знищ|пошкодж|ракет|удар,702463,Liubymivka,Sevastopol',Nakhimovs'kyi,33.57061,44.69037,REVIEW,REVIEW_DISPUTED_CRIMEA,,,,a_ukr_init_b,,a_ukr_b,0,a_rus_init_b,,a_rus_b,1,FALSE,FALSE,Повідомляється про знищення радару і пошкодження літаків на аеродромі Бельбек в результаті ракетного удару,REVIEW,FALSE
120162,20240131,1,1847462,liveuamap,https://t.me/Crimeanwind/53031,STRATEGIC_AIRBASE,аеродром,вибух,701419,Mekenziievi Hory,Sevastopol',Nakhimovs'kyi,33.57423,44.6626,REVIEW,REVIEW_DISPUTED_CRIMEA,,,,a_ukr_init_b,,a_ukr_b,0,a_rus_init_b,,a_rus_b,0,FALSE,FALSE,Повідомляється про вибухи біля аеродрому Бельбек під Севастополем,REVIEW,FALSE
120164,20240201,1,1257867,liveuamap,https://t.me/Crimeanwind/53031,STRATEGIC_AIRBASE,аеродром,вибух,701419,Mekenziievi Hory,Sevastopol',Nakhimovs'kyi,33.57423,44.6626,REVIEW,REVIEW_DISPUTED_CRIMEA,,,,a_ukr_init_b,,a_ukr_b,0,a_rus_init_b,,a_rus_b,0,FALSE,FALSE,Повідомляється про вибухи біля аеродрому Бельбек під Севастополем,REVIEW,FALSE
132889,20240201,1,1847701,liveuamap,https://t.me/Crimeanwind/53088,STRATEGIC_AIRBASE,аеродром,знищ|пошкодж|ракет|удар,702463,Liubymivka,Sevastopol',Nakhimovs'kyi,33.57061,44.69037,REVIEW,REVIEW_DISPUTED_CRIMEA,,,,a_ukr_init_b,,a_ukr_b,0,a_rus_init_b,,a_rus_b,1,FALSE,FALSE,Повідомляється про знищення радару і пошкодження літаків на аеродромі Бельбек в результаті ракетного удару,REVIEW,FALSE
120165,20240201,1,1847712,liveuamap,https://t.me/Crimeanwind/53031,STRATEGIC_AIRBASE,аеродром,вибух,701419,Mekenziievi Hory,Sevastopol',Nakhimovs'kyi,33.57423,44.6626,REVIEW,REVIEW_DISPUTED_CRIMEA,,,,a_ukr_init_b,,a_ukr_b,0,a_rus_init_b,,a_rus_b,0,FALSE,FALSE,Повідомляється про вибухи біля аеродрому Бельбек під Севастополем,REVIEW,FALSE
63484,20240204,1,975679,espreso,https://espreso.tv/viyna-z-rosiyeyu-ataka-na-naftopererobni-zavodi-na-teritorii-rf-ta-pozhezha-u-sevastopoli-bilya-belbeku-de-u-rosiyan-vibukhalo-ta-palalo-tsogo-tizhnya,REFINING_PETROCHEM_GAS,нафтоперероб,Атак|вибух|знищ|пожеж,694423,Sevastopol,Sevastopol',Lenins'kyi,33.5229142,44.6010512,REVIEW,REVIEW_DISPUTED_CRIMEA,,,,a_ukr_init_b,,a_ukr_b,0,a_rus_init_b,,a_rus_b,1,FALSE,FALSE,"Атака на нафтопереробні заводи на території РФ, пожежа в Севастополі біля Бельбеку та знищений катер: де у росіян вибухало та палало цього тижня",REVIEW,FALSE
89735,20240206,1,1258433,liveuamap,https://x.com/Osinttechnical/status/1754897963820646729,STRATEGIC_AIRBASE,аеродром,ракет,698380,Orlovka,Sevastopol',Nakhimovs'kyi,33.56914,44.70527,REVIEW,REVIEW_DISPUTED_CRIMEA,,,,a_ukr_init_b,,a_ukr_b,0,a_rus_init_b,,a_rus_b,1,TRUE,FALSE,"Кадри двох українських крилатих ракет Шторм Шадо/Скальп, що пролітають прямо над російською батареєю С-400 у західному Криму, коли вони прямують до аеродрому Бельбек, 31 січня",REVIEW,FALSE
89734,20240206,1,1848302,liveuamap,https://x.com/Osinttechnical/status/1754897963820646729,STRATEGIC_AIRBASE,аеродром,ракет,698380,Orlovka,Sevastopol',Nakhimovs'kyi,33.56914,44.70527,REVIEW,REVIEW_DISPUTED_CRIMEA,,,,a_ukr_init_b,,a_ukr_b,0,a_rus_init_b,,a_rus_b,0,TRUE,FALSE,"Кадри двох українських крилатих ракет Шторм Шадо/Скальп, що пролітають прямо над російською батареєю С-400 у західному Криму, коли вони прямують до аеродрому Бельбек, 31 січня",REVIEW,FALSE
89737,20240207,1,1258655,liveuamap,https://x.com/Osinttechnical/status/1754897963820646729,STRATEGIC_AIRBASE,аеродром,ракет,698380,Orlovka,Sevastopol',Nakhimovs'kyi,33.56914,44.70527,REVIEW,REVIEW_DISPUTED_CRIMEA,,,,a_ukr_init_b,,a_ukr_b,0,a_rus_init_b,,a_rus_b,1,TRUE,FALSE,"Кадри двох українських крилатих ракет Шторм Шадо/Скальп, що пролітають прямо над російською батареєю С-400 у західному Криму, коли вони прямують до аеродрому Бельбек, 31 січня",REVIEW,FALSE
89736,20240207,1,1848527,liveuamap,https://x.com/Osinttechnical/status/1754897963820646729,STRATEGIC_AIRBASE,аеродром,ракет,698380,Orlovka,Sevastopol',Nakhimovs'kyi,33.56914,44.70527,REVIEW,REVIEW_DISPUTED_CRIMEA,,,,a_ukr_init_b,,a_ukr_b,0,a_rus_init_b,,a_rus_b,0,TRUE,FALSE,"Кадри двох українських крилатих ракет Шторм Шадо/Скальп, що пролітають прямо над російською батареєю С-400 у західному Криму, коли вони прямують до аеродрому Бельбек, 31 січня",REVIEW,FALSE
58444,20240210,1,990955,espreso,https://espreso.tv/viyna-z-rosiyeyu-britanska-rozvidka-otsinila-naslidki-udaru-po-aerodromu-belbek-u-krimu,STRATEGIC_AIRBASE,аеродром,удар,693805,Simferopol,Crimea,Simferopol's'ka,34.0994127132379,44.9536335,REVIEW,REVIEW_DISPUTED_CRIMEA,,,,a_ukr_init_b,,a_ukr_b,0,a_rus_init_b,,a_rus_b,0,FALSE,FALSE,Британська розвідка оцінила наслідки удару по аеродрому Бельбек у Криму,REVIEW,FALSE
214916,20240212,2,996022|996044,espreso|interfaxua,https://espreso.tv/viyna-z-rosiyeyu-udar-rf-po-naftobazi-v-kharkovi-v-navkolishne-seredovishche-viteklo-blizko-3-tis-tonn-produktiv|https://interfax.com.ua/news/general/966600.html,FUEL_STORAGE_TERMINAL,нафтобаз,Удар|атак|дрон|пожеж,706483,Kharkiv,Kharkiv,Kharkivs'ka,36.231202,49.992167,DROP,DROP_LOCATION_NOT_RU,,,,a_ukr_init_b,,a_ukr_b,0,a_rus_init_b,,a_rus_b,0,FALSE,FALSE,"Удар РФ по нафтобазі в Харкові: в навколишнє середовище витекло близько 3 тис. тонн продуктів || Рятувальники загасили пожежу на нафтобазі в Харкові, спровоковану атакою дронів - ДСНС",MACHINE_NONCANDIDATE,FALSE
214918,20240212,1,996061,interfaxua,https://interfax.com.ua/news/general/966741.html,FUEL_STORAGE_TERMINAL,нафтобаз,дрон,706483,Kharkiv,Kharkiv,Kharkivs'ka,36.231202,49.992167,DROP,DROP_LOCATION_NOT_RU,,,,a_ukr_init_b,,a_ukr_b,0,a_rus_init_b,,a_rus_b,1,FALSE,FALSE,У Харкові внаслідок влучення ворожих дронів по нафтобазі в довкілля потрапило близько 3 тис. тон нафтопродуктів,MACHINE_NONCANDIDATE,FALSE
248983,20240212,2,998077,ria,https://ria.ru/20240212/elektropodstantsiya-1926775638.html,ENERGY_GRID_SUPPORT,подстанц,взрыв,709930,Dnipro,Dnipropetrovs'k,Dnipropetrovs'ka,35.046181,48.464717,DROP,DROP_LOCATION_NOT_RU,,,,a_ukr_init_b,,a_ukr_b,0,a_rus_init_b,,a_rus_b,0,FALSE,FALSE,В Днепропетровской области из-за взрывов пострадала электроподстанция,MACHINE_NONCANDIDATE,FALSE
248988,20240212,2,1650457|1686144,liga|pravdaua,https://news.liga.net/politics/news/rossiya-udarila-shahedami-po-dnepropetrovskoy-oblasti-prilety-po-podstantsii-blekaut|https://www.epravda.com.ua/publications/2024/02/12/709772/,ENERGY_GRID_SUPPORT,подстанц|підстанц,дрон|удар,709930,Dnipro,Dnipropetrovs'k,Dnipropetrovs'ka,35.046181,48.464717,DROP,DROP_LOCATION_NOT_RU,,,,a_ukr_init_b,,a_ukr_b,0,a_rus_init_b,,a_rus_b,1,FALSE,FALSE,"Россия ударила """"шахедами"""" по Днепропетровской области. Прилеты по подстанции, блекаут || Державні банки готують до продажу: хто претендує на Сенс та Укргазбанк. В ніч на 12 лютого росіяни пошкодили дронами підстанцію """"Укренерго"""" на Дніпропетровщині, без світла залишалися понад 53 тисячі абонентів, зокрема сім шахт, де перебувала понад 1 тисяча працівників.",MACHINE_NONCANDIDATE,FALSE
214913,20240212,2,1686126,pravdaua,https://www.pravda.com.ua/news/2024/02/12/7441556/,FUEL_STORAGE_TERMINAL,нафтобаз,удар,706483,Kharkiv,Kharkiv,Kharkivs'ka,36.231202,49.992167,DROP,DROP_LOCATION_NOT_RU,,,,a_ukr_init_b,,a_ukr_b,0,a_rus_init_b,,a_rus_b,0,FALSE,FALSE,У Харкові через удар по нафтобазі забруднено 10 тис. кв м землі.,MACHINE_NONCANDIDATE,FALSE
248987,20240212,1,1686145,pravdaua,https://www.epravda.com.ua/news/2024/02/12/709781/,ENERGY_GRID_SUPPORT,підстанц,атак,709930,Dnipro,Dnipropetrovs'k,Dnipropetrovs'ka,35.046181,48.464717,DROP,DROP_LOCATION_NOT_RU,,,,a_ukr_init_b,,a_ukr_b,0,a_rus_init_b,,a_rus_b,1,FALSE,FALSE,"Ворог вночі атакував підстанцію """"Укренерго"""" на Дніпропетровщині. Світова економіка продовжує зростати і демонструвати стійкість перед різними війнами та геополітичними кризами, однак конфлікт на Близькому Сході матиме ширші наслідки.",MACHINE_NONCANDIDATE,FALSE
214932,20240215,1,1003836,espreso,https://espreso.tv/viyna-z-rosiyeyu-vodoyu-z-richok-sverdlovin-i-krinits-radyat-ne-koristuvatisya-deputatka-oblradi-kuts-pro-naslidki-udaru-rf-po-naftobazi-v-kharkovi,FUEL_STORAGE_TERMINAL,нафтобаз,удар,706483,Kharkiv,Kharkiv,Kharkivs'ka,36.231202,49.992167,DROP,DROP_LOCATION_NOT_RU,,,,a_ukr_init_b,,a_ukr_b,0,a_rus_init_b,,a_rus_b,0,FALSE,FALSE,"Водою з річок, свердловин і криниць радять не користуватися: депутатка облради Куц про наслідки удару РФ по нафтобазі в Харкові",MACHINE_NONCANDIDATE,FALSE
79250,20240215,1,1005869,ria,https://ria.ru/20240215/podstantsiya-1927499369.html,ENERGY_GRID_SUPPORT,подстанц,пожар,696032,Pustomyty,L'viv,Pustomytivs'kyi,23.916737,49.717495,DROP,DROP_LOCATION_NOT_RU,,,,a_ukr_init_b,,a_ukr_b,0,a_rus_init_b,,a_rus_b,0,TRUE,FALSE,В Львовской области Украины произошел пожар на электрической подстанции,MACHINE_NONCANDIDATE,FALSE
186547,20240215,1,1686197,pravdaua,https://www.epravda.com.ua/news/2024/02/15/710000/,FUEL_STORAGE_TERMINAL,нафтобаз,удар,705183,Slobozhans'ke,Kharkiv,Zmiïvs'kyi,36.505117,49.61494,DROP,DROP_LOCATION_NOT_RU,,,,a_ukr_init_b,,a_ukr_b,0,a_rus_init_b,,a_rus_b,0,FALSE,FALSE,Збитки довкіллю від удару РФ по нафтобазі на Харківщині сягнули понад 30 мільйонів.,MACHINE_NONCANDIDATE,FALSE
136141,20240215,3,1686211,pravdaua,https://www.pravda.com.ua/news/2024/02/15/7442004/,ENERGY_GRID_SUPPORT,підстанц,Ракет|знищ,702550,Lviv,L'viv,L'vivs'ka,24.029898,49.839323,DROP,DROP_LOCATION_NOT_RU,,,,a_ukr_init_b,,a_ukr_b,0,a_rus_init_b,,a_rus_b,1,FALSE,FALSE,"Ракети РФ знищили електропідстанцію у Львові, пошкодили об'єкти інфраструктури в Запоріжжі й Дніпрі.",MACHINE_NONCANDIDATE,FALSE
15031,20240215,1,1686212,pravdaua,https://www.pravda.com.ua/news/2024/02/15/7442004/,ENERGY_GRID_SUPPORT,підстанц,Ракет|знищ,687700,Zaporizhzhya,Zaporizhzhya,Zaporiz'ka,35.138851,47.838312,DROP,DROP_LOCATION_NOT_RU,,,,a_ukr_init_b,,a_ukr_b,0,a_rus_init_b,,a_rus_b,1,FALSE,FALSE,"Ракети РФ знищили електропідстанцію у Львові, пошкодили об'єкти інфраструктури в Запоріжжі й Дніпрі.",MACHINE_NONCANDIDATE,FALSE
249017,20240215,1,1686213,pravdaua,https://www.pravda.com.ua/news/2024/02/15/7442004/,ENERGY_GRID_SUPPORT,підстанц,Ракет|знищ,709930,Dnipro,Dnipropetrovs'k,Dnipropetrovs'ka,35.046181,48.464717,DROP,DROP_LOCATION_NOT_RU,,,,a_ukr_init_b,,a_ukr_b,0,a_rus_init_b,,a_rus_b,1,FALSE,FALSE,"Ракети РФ знищили електропідстанцію у Львові, пошкодили об'єкти інфраструктури в Запоріжжі й Дніпрі.",MACHINE_NONCANDIDATE,FALSE
186559,20240216,1,1006407,espreso,https://espreso.tv/ekonomika-zbitki-dovkillyu-vnaslidok-udaru-rf-po-naftobazi-na-kharkivshchini-otsinili-v-ponad-30-mln-grn,FUEL_STORAGE_TERMINAL,нафтобаз,удар,705183,Slobozhans'ke,Kharkiv,Zmiïvs'kyi,36.505117,49.61494,DROP,DROP_LOCATION_NOT_RU,,,,a_ukr_init_b,,a_ukr_b,0,a_rus_init_b,,a_rus_b,0,FALSE,FALSE,Збитки довкіллю внаслідок удару РФ по нафтобазі на Харківщині оцінили в понад 30 млн грн,MACHINE_NONCANDIDATE,FALSE
214936,20240216,1,1724596,unian,https://www.unian.ua/ecology/udar-po-naftobazi-u-harkovi-namagayutsya-vryatuvati-richku-vid-zabrudnennya-benzinom-foto-novini-harkova-12546000.html,FUEL_STORAGE_TERMINAL,нафтобаз,Удар,706483,Kharkiv,Kharkiv,Kharkivs'ka,36.231202,49.992167,DROP,DROP_LOCATION_NOT_RU,,,,a_ukr_init_b,,a_ukr_b,0,a_rus_init_b,,a_rus_b,0,FALSE,FALSE,Удар по нафтобазі: у Харкові намагаються врятувати річку від забруднення бензином (фото),MACHINE_NONCANDIDATE,FALSE
214941,20240217,1,1009081,espreso,https://espreso.tv/viyna-z-rosiyeyu-udar-rf-po-naftobazi-v-kharkovi-9-lyutogo-odna-z-postrazhdalikh-dosi-perebuvae-u-likarni-zi-znachnimi-opikami,FUEL_STORAGE_TERMINAL,нафтобаз,Удар,706483,Kharkiv,Kharkiv,Kharkivs'ka,36.231202,49.992167,DROP,DROP_LOCATION_NOT_RU,,,,a_ukr_init_b,,a_ukr_b,0,a_rus_init_b,,a_rus_b,0,FALSE,FALSE,Удар РФ по нафтобазі в Харкові 9 лютого: одна з постраждалих досі перебуває у лікарні зі значними опіками,MACHINE_NONCANDIDATE,FALSE
132227,20240219,1,1686333,pravdaua,https://www.pravda.com.ua/news/2024/02/19/7442516/,FUEL_STORAGE_TERMINAL,нафтобаз,вибух,702320,Makiivka,Donets'k,Maki‹vs'ka,37.965831,48.046529,DROP,DROP_LOCATION_NOT_RU,,,,a_ukr_init_b,,a_ukr_b,0,a_rus_init_b,,a_rus_b,0,FALSE,FALSE,В окупованій Макіївці прогриміли вибухи: у мережі пишуть про влучання по нафтобазі.,MACHINE_NONCANDIDATE,FALSE
264020,20240224,2,1030400,ria,https://ria.ru/20240224/podstantsiya-1929250752.html,ENERGY_GRID_SUPPORT,подстанц,поврежд,710771,Chorna Dolyna,Kherson,Kakhovs'kyi,33.481729,46.55783,DROP,DROP_LOCATION_NOT_RU,,,,a_ukr_init_b,,a_ukr_b,0,a_rus_init_b,,a_rus_b,0,TRUE,FALSE,В подконтрольной ВСУ части Херсонской области повреждена подстанция,MACHINE_NONCANDIDATE,FALSE
58525,20240301,1,1686635,pravdaua,https://www.pravda.com.ua/news/2024/03/1/7444547/,STRATEGIC_AIRBASE,авіабаз,вибух,693805,Simferopol,Crimea,Simferopol's'ka,34.0994127132379,44.9536335,REVIEW,REVIEW_DISPUTED_CRIMEA,,,,a_ukr_init_b,,a_ukr_b,0,a_rus_init_b,,a_rus_b,0,FALSE,FALSE,"У Криму чули вибухи в районі Севастополя і Гвардійського, де розташована авіабаза.",REVIEW,FALSE
63511,20240301,1,1686636,pravdaua,https://www.pravda.com.ua/news/2024/03/1/7444547/,STRATEGIC_AIRBASE,авіабаз,вибух,694423,Sevastopol,Sevastopol',Lenins'kyi,33.5229142,44.6010512,REVIEW,REVIEW_DISPUTED_CRIMEA,,,,a_ukr_init_b,,a_ukr_b,0,a_rus_init_b,,a_rus_b,0,FALSE,FALSE,"У Криму чули вибухи в районі Севастополя і Гвардійського, де розташована авіабаза.",REVIEW,FALSE
240255,20240303,1,1050232,interfaxua,https://interfax.com.ua/news/general/971199.html,AMMUNITION_ARSENAL,склад боєприпас,знищ,709717,Donetsk,Donets'k,Donets'ka,37.80285,48.015884,REVIEW,REVIEW_NAME_ONLY_RU_SUPPORT,,,Donetsk,a_ukr_init_b,,a_ukr_b,1,a_rus_init_b,,a_rus_b,0,TRUE,FALSE,"ССО знищили на Донецькому напрямку ворожий склад боєприпасів, БПЛА та ретранслятор",REVIEW,FALSE
349304,20240303,1,1686681,pravdaua,https://www.pravda.com.ua/news/2024/03/3/7444754/,PIPELINE_PUMPING,нафтопров,знищ,,,,,35.383911,45.026654,REVIEW,REVIEW_DISPUTED_CRIMEA,,,,a_ukr_init_b,,a_ukr_b,0,a_rus_init_b,,a_rus_b,0,FALSE,FALSE,У Феодосії знищено нафтопровід окупантів - кримські партизани.,REVIEW,FALSE
58554,20240304,1,1725051,unian,https://www.unian.ua/war/rosiyani-zayavili-pro-raketnu-ataku-na-aviabazu-gvardiyske-v-krimu-12562461.html,STRATEGIC_AIRBASE,авіабаз,атак|ракет,693805,Simferopol,Crimea,Simferopol's'ka,34.0994127132379,44.9536335,REVIEW,REVIEW_DISPUTED_CRIMEA,,,,a_ukr_init_b,,a_ukr_b,0,a_rus_init_b,,a_rus_b,1,FALSE,FALSE,"Росіяни заявили про """"ракетну атаку"""" на авіабазу """"Гвардійське"""" в Криму",REVIEW,FALSE
120093,20240308,1,1063604,espreso,https://espreso.tv/viyna-z-rosiyeyu-v-okupovanomu-melitopoli-vibukhnuv-sklad-iz-boepripasami-a-u-tokmaku-viyskova-baza-rf,AMMUNITION_ARSENAL,склад із боєприпас,вибух,701404,Melitopol,Zaporizhzhya,Melitopol's'kyi,35.37288,46.842187,DROP,DROP_LOCATION_NOT_RU,,,,a_ukr_init_b,,a_ukr_b,0,a_rus_init_b,,a_rus_b,0,FALSE,FALSE,"В окупованому Мелітополі вибухнув склад із боєприпасами, а у Токмаку - військова база РФ",MACHINE_NONCANDIDATE,FALSE
38198,20240308,1,1063605,espreso,https://espreso.tv/viyna-z-rosiyeyu-v-okupovanomu-melitopoli-vibukhnuv-sklad-iz-boepripasami-a-u-tokmaku-viyskova-baza-rf,AMMUNITION_ARSENAL,склад із боєприпас,вибух,691469,Tokmak,Zaporizhzhya,Tokmats'kyi,35.709191,47.255103,REVIEW,REVIEW_NAME_ONLY_RU_SUPPORT,,,Tokmak,a_ukr_init_b,,a_ukr_b,0,a_rus_init_b,,a_rus_b,0,FALSE,FALSE,"В окупованому Мелітополі вибухнув склад із боєприпасами, а у Токмаку - військова база РФ",REVIEW,FALSE
120092,20240308,1,1725144,unian,https://www.unian.ua/incidents/u-melitopoli-vibuhnuv-sklad-z-boyepripasami-rosiyan-fedorov-12566970.html,AMMUNITION_ARSENAL,склад з боєприпас,вибух,701404,Melitopol,Zaporizhzhya,Melitopol's'kyi,35.37288,46.842187,DROP,DROP_LOCATION_NOT_RU,,,,a_ukr_init_b,,a_ukr_b,0,a_rus_init_b,,a_rus_b,0,FALSE,FALSE,"У Мелітополі вибухнув склад з боєприпасами росіян, – Федоров",MACHINE_NONCANDIDATE,FALSE
15170,20240309,1,1066219,espreso,https://espreso.tv/v-ukraini-znestrumleno-mayzhe-400-naselenikh-punktiv-situatsiya-v-energosistemi,ENERGY_GRID_SUPPORT,підстанц,атак,687700,Zaporizhzhya,Zaporizhzhya,Zaporiz'ka,35.138851,47.838312,DROP,DROP_LOCATION_NOT_RU,,,,a_ukr_init_b,,a_ukr_b,0,a_rus_init_b,,a_rus_b,1,FALSE,FALSE,"Ворог атакував підстанцію """"Укренерго"""" у Запорізькій області: ситуація в енергосистемі станом на 9 березня",MACHINE_NONCANDIDATE,FALSE
203297,20240309,1,1066254,interfaxua,https://interfax.com.ua/news/general/972549.html,AMMUNITION_ARSENAL,склад боєприпас,знищ,706448,Kherson,Kherson,Khersons'ka,32.614962,46.640319,REVIEW,REVIEW_NAME_ONLY_RU_SUPPORT,,,Kherson,a_ukr_init_b,,a_ukr_b,1,a_rus_init_b,,a_rus_b,0,TRUE,FALSE,Українські аеророзвідники знищили гаубицю і склад боєприпасів противника в Херсонській області,REVIEW,FALSE
339758,20240309,2,1068378,ria,https://ria.ru/20240309/ataka-1932059558.html,ENERGY_GRID_SUPPORT,подстанц,атак|дрон,10951287,Vesele,Zaporizhzhya,Tokmats'kyi,35.767196,47.178945,DROP,DROP_LOCATION_NOT_RU,,,,a_ukr_init_b,,a_ukr_b,0,a_rus_init_b,,a_rus_b,0,TRUE,FALSE,Украинские дроны атаковали электроподстанцию в Запорожской области,MACHINE_NONCANDIDATE,FALSE
321030,20240312,1,1077167,ria,https://ria.ru/20240312/nefteprovod-1932466257.html,PIPELINE_PUMPING,нефтепровод,поврежд,8718704,Luhove,Poltava,Velykobahachans'kyi,33.778487,49.732386,DROP,DROP_LOCATION_NOT_RU,,,,a_ukr_init_b,,a_ukr_b,0,a_rus_init_b,,a_rus_b,0,FALSE,FALSE,В Полтавской области получил повреждения нефтепровод,MACHINE_NONCANDIDATE,FALSE
342719,20240315,1,1636822,meduza,https://t.me/russian_airborne/4781,STRATEGIC_AIRBASE,аэродром,Атак|дрон,11566276,Mykolayivske,Mykolayiv,Zhovtnevyi,32.09677,46.94581,DROP,DROP_LOCATION_NOT_RU,,,,a_ukr_init_b,,a_ukr_b,1,a_rus_init_b,,a_rus_b,0,TRUE,FALSE,"Атака дроном """"""""Ланцет"""""""" самолета ВСУ L-39 на аэродроме Кульбакино под Николаевом.",MACHINE_NONCANDIDATE,FALSE
115694,20240315,1,1636823,meduza,https://t.me/russian_airborne/4781,STRATEGIC_AIRBASE,аэродром,Атак|дрон,700569,Mykolayiv,Mykolayiv,Mykola‹vs'ka,31.993813,46.975574,DROP,DROP_LOCATION_NOT_RU,,,,a_ukr_init_b,,a_ukr_b,1,a_rus_init_b,,a_rus_b,0,TRUE,FALSE,"Атака дроном """"""""Ланцет"""""""" самолета ВСУ L-39 на аэродроме Кульбакино под Николаевом.",MACHINE_NONCANDIDATE,FALSE
50902,20240317,1,1090643,espreso,https://espreso.tv/viyna-z-rosiyeyu-vid-moskvi-do-krasnodarskogo-krayu-u-rf-zayavili-pro-ataku-bpla-na-8-regioniv,REFINING_PETROCHEM_GAS,НПЗ,атак|дрон,693468,Sloviansk,Donets'k,Slovians'ka,37.6058241,48.8522691,DROP,DROP_LOCATION_NOT_RU,,,,a_ukr_init_b,,a_ukr_b,1,a_rus_init_b,,a_rus_b,0,TRUE,FALSE,У РФ заявили про атаку БПЛА на 8 регіонів: українські дрони влучили у Слов'янський НПЗ у Краснодарському краї,MACHINE_NONCANDIDATE,FALSE
50901,20240317,1,1090677,interfaxua,https://interfax.com.ua/news/general/974018.html,REFINING_PETROCHEM_GAS,НПЗ,Удар|безпілот|дрон,693468,Sloviansk,Donets'k,Slovians'ka,37.6058241,48.8522691,DROP,DROP_LOCATION_NOT_RU,,,,a_ukr_init_b,,a_ukr_b,1,a_rus_init_b,,a_rus_b,0,TRUE,FALSE,"Удар по Слов'янському НПЗ завдано дронами СБУ, ССО і Сил безпілотних систем - джерела",MACHINE_NONCANDIDATE,FALSE
50899,20240317,4,1092859|1092860|1092862|1092885,ria,https://ria.ru/20240317/ataka-1933662032.html|https://ria.ru/20240317/evakuatsiya-1933590004.html|https://ria.ru/20240317/pozhar-1933588523.html|https://ria.ru/20240317/slavyanskiy_npz-1933587955.html,REFINING_PETROCHEM_GAS,НПЗ,Беспилот|Пожар|атак|пожар,693468,Sloviansk,Donets'k,Slovians'ka,37.6058241,48.8522691,DROP,DROP_LOCATION_NOT_RU,,,,a_ukr_init_b,,a_ukr_b,0,a_rus_init_b,,a_rus_b,0,FALSE,FALSE,"Беспилотники атаковали Славянский НПЗ на Кубани, возник пожар || Пожар на территории Славянского НПЗ полностью ликвидировали || Работников Славянского НПЗ эвакуировали из-за пожара",MACHINE_NONCANDIDATE,FALSE
160324,20240317,5,1092884,ria,https://ria.ru/20240317/ataka-1933662032.html,REFINING_PETROCHEM_GAS,НПЗ,атак,703448,Kyiv,Kiev City,Shevchenkivs'kyi,30.52355,50.450441,DROP,DROP_LOCATION_NOT_RU,,,,a_ukr_init_b,,a_ukr_b,0,a_rus_init_b,,a_rus_b,0,FALSE,FALSE,В Киеве признали ответственность за попытку атаковать НПЗ в Славянске,MACHINE_NONCANDIDATE,FALSE
50898,20240317,1,1650850,liga,https://news.liga.net/all/news/nochyu-proizoshla-masshtabnaya-ataka-dronov-na-rossiyu-gorel-slavyanskiy-npz-video,REFINING_PETROCHEM_GAS,НПЗ,атак|дрон,693468,Sloviansk,Donets'k,Slovians'ka,37.6058241,48.8522691,DROP,DROP_LOCATION_NOT_RU,,,,a_ukr_init_b,,a_ukr_b,0,a_rus_init_b,,a_rus_b,0,FALSE,FALSE,Ночью произошла масштабная атака дронов на Россию. Горел Славянский НПЗ – видео,MACHINE_NONCANDIDATE,FALSE
50903,20240317,1,1687037,pravdaua,https://www.pravda.com.ua/news/2024/03/17/7446848/,REFINING_PETROCHEM_GAS,НПЗ,безпілот|дрон,693468,Sloviansk,Donets'k,Slovians'ka,37.6058241,48.8522691,DROP,DROP_LOCATION_NOT_RU,,,,a_ukr_init_b,,a_ukr_b,1,a_rus_init_b,,a_rus_b,0,TRUE,TRUE,"По Слов'янському НПЗ у Росії відпрацювали дрони СБУ, ССО та Сил безпілотників – джерело.",REVIEW,FALSE
50900,20240317,1,1687043,pravdaua,https://www.pravda.com.ua/news/2024/03/17/7446828/,REFINING_PETROCHEM_GAS,НПЗ,Безпілот|атак,693468,Sloviansk,Donets'k,Slovians'ka,37.6058241,48.8522691,DROP,DROP_LOCATION_NOT_RU,,,,a_ukr_init_b,,a_ukr_b,0,a_rus_init_b,,a_rus_b,0,FALSE,FALSE,Безпілотники атакували Слов'янський НПЗ у Краснодарському краї Росії.,MACHINE_NONCANDIDATE,FALSE
115716,20240319,1,1096205,interfaxua,https://interfax.com.ua/news/general/974377.html,DEFENSE_INDUSTRY,оборонного завод,дрон,700569,Mykolayiv,Mykolayiv,Mykola‹vs'ka,31.993813,46.975574,DROP,DROP_LOCATION_NOT_RU,,,,a_ukr_init_b,,a_ukr_b,0,a_rus_init_b,,a_rus_b,0,FALSE,FALSE,Експрацівник оборонного заводу в Миколаєві за допомогою дронів шпигував для ворога за комплексами ППО,MACHINE_NONCANDIDATE,FALSE
249178,20240320,1,1098850,espreso,https://espreso.tv/peremoga-ukraini-peremozhni-novini-756-dnya-viyni-gur-atakuvalo-rosiysku-aviabazu-v-engelsi-a-na-livoberezhzhi-dnipra-zsu-uspishno-likvidovuyut-voroga,STRATEGIC_AIRBASE,авіабаз,атак,709930,Dnipro,Dnipropetrovs'k,Dnipropetrovs'ka,35.046181,48.464717,DROP,DROP_LOCATION_NOT_RU,,,,a_ukr_init_b,,a_ukr_b,1,a_rus_init_b,,a_rus_b,0,TRUE,FALSE,"Переможні новини 756 дня війни: ГУР атакувало російську авіабазу в Енгельсі, а на лівобережжі Дніпра ЗСУ успішно ліквідовують ворога",MACHINE_NONCANDIDATE,FALSE
319114,20240321,1,1264384,liveuamap,https://t.me/vitaliy_klitschko/2917,ENERGY_GRID_SUPPORT,підстанц,ракет,8519916,Obolon,Kiev City,Obolons'kyi,30.45015,50.49511,DROP,DROP_LOCATION_NOT_RU,,,,a_ukr_init_b,,a_ukr_b,0,a_rus_init_b,,a_rus_b,1,FALSE,FALSE,У Подільському районі в результаті падіння уламків ракети загоряння в трансформаторній підстанції та в двоповерховій нежитловій будівлі.,MACHINE_NONCANDIDATE,FALSE
319113,20240321,1,1854463,liveuamap,https://t.me/vitaliy_klitschko/2917,ENERGY_GRID_SUPPORT,підстанц,ракет,8519916,Obolon,Kiev City,Obolons'kyi,30.45015,50.49511,DROP,DROP_LOCATION_NOT_RU,,,,a_ukr_init_b,,a_ukr_b,0,a_rus_init_b,,a_rus_b,0,FALSE,FALSE,У Подільському районі в результаті падіння уламків ракети загоряння в трансформаторній підстанції та в двоповерховій нежитловій будівлі.,MACHINE_NONCANDIDATE,FALSE
323829,20240323,1,1106762,ria,https://ria.ru/20240323/pozhar-1935167481.html,REFINING_PETROCHEM_GAS,НПЗ,пожар,9113068,Lozivskyi,Donets'k,Donets'ka,37.725649,48.020512,DROP,DROP_LOCATION_NOT_RU,,,,a_ukr_init_b,,a_ukr_b,0,a_rus_init_b,,a_rus_b,0,FALSE,TRUE,На Куйбышевском НПЗ в Самарской области произошел пожар,MACHINE_NONCANDIDATE,FALSE
249220,20240323,1,1107238,interfaxua,https://interfax.com.ua/news/general/975520.html,ENERGY_GRID_SUPPORT,підстанц,атак|пошкодж,709930,Dnipro,Dnipropetrovs'k,Dnipropetrovs'ka,35.046181,48.464717,DROP,DROP_LOCATION_NOT_RU,,,,a_ukr_init_b,,a_ukr_b,0,a_rus_init_b,,a_rus_b,0,FALSE,FALSE,"РФ у ніч на суботу знову атакувала енергетику, пошкоджено підстанцію та мережі в Дніпропетровській області - """"Укренерго""""",MACHINE_NONCANDIDATE,FALSE
323828,20240323,1,1109470,ria,https://ria.ru/20240323/npz-1935179426.html,REFINING_PETROCHEM_GAS,НПЗ,атак,9113068,Lozivskyi,Donets'k,Donets'ka,37.725649,48.020512,DROP,DROP_LOCATION_NOT_RU,,,,a_ukr_init_b,,a_ukr_b,0,a_rus_init_b,,a_rus_b,0,FALSE,TRUE,БПЛА атаковали Куйбышевский НПЗ в Самарской области,MACHINE_NONCANDIDATE,FALSE
58667,20240323,1,1725458,unian,https://www.unian.ua/war/novini-krimu-na-pivostrovi-ogolosili-trivogu-lunayut-vibuhi-video-12582321.html,STRATEGIC_AIRBASE,аеродром,вибух,693805,Simferopol,Crimea,Simferopol's'ka,34.0994127132379,44.9536335,REVIEW,REVIEW_DISPUTED_CRIMEA,,,,a_ukr_init_b,,a_ukr_b,0,a_rus_init_b,,a_rus_b,0,FALSE,FALSE,"В окупованому Криму пролунали вибухи: можливий """"приліт"""" по кораблях та аеродрому (відео)",REVIEW,FALSE
240318,20240324,1,1109521,ria,https://ria.ru/20240324/spetsoperatsiya-1935407397.html,AMMUNITION_ARSENAL,склад боеприпас,уничтож,709717,Donetsk,Donets'k,Donets'ka,37.80285,48.015884,REVIEW,REVIEW_NAME_ONLY_RU_SUPPORT,,,Donetsk,a_ukr_init_b,,a_ukr_b,0,a_rus_init_b,,a_rus_b,0,TRUE,FALSE,"""""Ураганы"""" уничтожили склад боеприпасов ВСУ на Донецком направлении",REVIEW,FALSE
323830,20240324,1,1109949,espreso,https://espreso.tv/viyna-z-rosiyeyu-zyavilos-video-udaru-ukrainskogo-bpla-po-npz-v-rosiyskomu-kuybishevsku,REFINING_PETROCHEM_GAS,НПЗ,удар,9113068,Lozivskyi,Donets'k,Donets'ka,37.725649,48.020512,DROP,DROP_LOCATION_NOT_RU,,,,a_ukr_init_b,,a_ukr_b,1,a_rus_init_b,,a_rus_b,0,TRUE,FALSE,З'явилось відео удару українського БПЛА по Куйбишевському НПЗ в Самарі,MACHINE_NONCANDIDATE,FALSE
63541,20240324,1,1109954,espreso,https://espreso.tv/viyna-z-rosiyeyu-ataka-droniv-gur-na-engels-pozhezha-na-npz-u-saratovskiy-oblasti-i-znishcheni-korabli-u-timchasovo-okupovanomu-sevastopoli-de-v-rosiyan-vibukhalo-ta-palalo-tsogo-tizhnya,REFINING_PETROCHEM_GAS,НПЗ,Атак|вибух|дрон|знищ|пожеж,694423,Sevastopol,Sevastopol',Lenins'kyi,33.5229142,44.6010512,REVIEW,REVIEW_DISPUTED_CRIMEA,,,,a_ukr_init_b,,a_ukr_b,0,a_rus_init_b,,a_rus_b,1,FALSE,FALSE,"Атака дронів ГУР на Енгельс, пожежа на НПЗ у Саратовській області і знищені кораблі у тимчасово окупованому Севастополі: де в росіян вибухало та палало цього тижня",REVIEW,FALSE
215153,20240324,1,1264854,liveuamap,https://t.me/liganet/34960,ENERGY_GRID_SUPPORT,підстанц,удар,706483,Kharkiv,Kharkiv,Kharkivs'ka,36.231202,49.992167,DROP,DROP_LOCATION_NOT_RU,,,,a_ukr_init_b,,a_ukr_b,0,a_rus_init_b,,a_rus_b,1,FALSE,FALSE,"У Харкові через російські удари зруйновано усі трансформаторні підстанції та теплоелектростанцію. Наразі у Харкові у близько 40% будинків є електроенергія, проте неможливо сказати, коли повністю відновиться постачання: ситуація є """"""""дуже важкою"""""""", повідомив міський голова Ігор Терехов.",MACHINE_NONCANDIDATE,FALSE
49469,20240324,1,1264866,liveuamap,https://t.me/Crimeanwind/56155,FUEL_STORAGE_TERMINAL,нафтобаз,Пожеж,693342,Sofiivka,Crimea,Simferopol's'kyi,33.99335,45.11456,REVIEW,REVIEW_DISPUTED_CRIMEA,,,,a_ukr_init_b,,a_ukr_b,0,a_rus_init_b,,a_rus_b,1,FALSE,FALSE,Пожежа на нафтобазі в Гвардійському під Сімферополем окупованого Криму,REVIEW,FALSE
311582,20240324,1,1264942,liveuamap,https://t.me/liganet/34960,ENERGY_GRID_SUPPORT,підстанц,удар,812732,Zalyutino,Kharkiv,Kharkivs'ka,36.14159,49.97773,DROP,DROP_LOCATION_NOT_RU,,,,a_ukr_init_b,,a_ukr_b,1,a_rus_init_b,,a_rus_b,0,FALSE,FALSE,"У Харкові через російські удари зруйновано усі трансформаторні підстанції та теплоелектростанцію. Наразі у Харкові у близько 40% будинків є електроенергія, проте неможливо сказати, коли повністю відновиться постачання: ситуація є """"дуже важкою"""", повідомив міський голова Ігор Терехов.",MACHINE_NONCANDIDATE,FALSE
311583,20240324,1,1854955,liveuamap,https://t.me/liganet/34960,ENERGY_GRID_SUPPORT,підстанц,удар,812732,Zalyutino,Kharkiv,Kharkivs'ka,36.14159,49.97773,DROP,DROP_LOCATION_NOT_RU,,,,a_ukr_init_b,,a_ukr_b,0,a_rus_init_b,,a_rus_b,1,FALSE,FALSE,"У Харкові через російські удари зруйновано усі трансформаторні підстанції та теплоелектростанцію. Наразі у Харкові у близько 40% будинків є електроенергія, проте неможливо сказати, коли повністю відновиться постачання: ситуація є """"""""дуже важкою"""""""", повідомив міський голова Ігор Терехов.",MACHINE_NONCANDIDATE,FALSE
49468,20240324,1,1854970,liveuamap,https://t.me/Crimeanwind/56155,FUEL_STORAGE_TERMINAL,нафтобаз,Пожеж,693342,Sofiivka,Crimea,Simferopol's'kyi,33.99335,45.11456,REVIEW,REVIEW_DISPUTED_CRIMEA,,,,a_ukr_init_b,,a_ukr_b,0,a_rus_init_b,,a_rus_b,0,FALSE,FALSE,Пожежа на нафтобазі в Гвардійському під Сімферополем окупованого Криму,REVIEW,FALSE
97611,20240325,1,1112672,interfaxua,https://interfax.com.ua/news/general/975745.html,ENERGY_GRID_SUPPORT,підстанц,Атак,698740,Odessa,Odessa,Odes'ka,30.731689,46.484213,DROP,DROP_LOCATION_NOT_RU,,,,a_ukr_init_b,,a_ukr_b,0,a_rus_init_b,,a_rus_b,0,FALSE,FALSE,"Атаковано дві підстанції на півдні країни, збільшено періоди обмеження енергоспоживання в Одеській області",MACHINE_NONCANDIDATE,FALSE
215161,20240325,1,1265035,liveuamap,https://t.me/liganet/34960,ENERGY_GRID_SUPPORT,підстанц,удар,706483,Kharkiv,Kharkiv,Kharkivs'ka,36.231202,49.992167,DROP,DROP_LOCATION_NOT_RU,,,,a_ukr_init_b,,a_ukr_b,0,a_rus_init_b,,a_rus_b,0,FALSE,FALSE,"У Харкові через російські удари зруйновано усі трансформаторні підстанції та теплоелектростанцію. Наразі у Харкові у близько 40% будинків є електроенергія, проте неможливо сказати, коли повністю відновиться постачання: ситуація є """"""""дуже важкою"""""""", повідомив міський голова Ігор Терехов.",MACHINE_NONCANDIDATE,FALSE
49471,20240325,1,1265046,liveuamap,https://t.me/Crimeanwind/56155,FUEL_STORAGE_TERMINAL,нафтобаз,Пожеж,693342,Sofiivka,Crimea,Simferopol's'kyi,33.99335,45.11456,REVIEW,REVIEW_DISPUTED_CRIMEA,,,,a_ukr_init_b,,a_ukr_b,0,a_rus_init_b,,a_rus_b,1,FALSE,FALSE,Пожежа на нафтобазі в Гвардійському під Сімферополем окупованого Криму,REVIEW,FALSE
311587,20240325,1,1265051,liveuamap,https://t.me/liganet/34960,ENERGY_GRID_SUPPORT,підстанц,удар,812732,Zalyutino,Kharkiv,Kharkivs'ka,36.14159,49.97773,DROP,DROP_LOCATION_NOT_RU,,,,a_ukr_init_b,,a_ukr_b,0,a_rus_init_b,,a_rus_b,1,FALSE,FALSE,"У Харкові через російські удари зруйновано усі трансформаторні підстанції та теплоелектростанцію. Наразі у Харкові у близько 40% будинків є електроенергія, проте неможливо сказати, коли повністю відновиться постачання: ситуація є """"дуже важкою"""", повідомив міський голова Ігор Терехов.",MACHINE_NONCANDIDATE,FALSE
323831,20240325,1,1725513,unian,https://www.unian.ua/economics/energetics/rosiyani-vidklyuchili-osnovnu-ustanovku-kuybishevskogo-npz-pislya-udaru-dronu-reuters-12584016.html,REFINING_PETROCHEM_GAS,НПЗ,дрон|удар,9113068,Lozivskyi,Donets'k,Donets'ka,37.725649,48.020512,DROP,DROP_LOCATION_NOT_RU,,,,a_ukr_init_b,,a_ukr_b,0,a_rus_init_b,,a_rus_b,1,FALSE,FALSE,"Росіяни відключили основну установку Куйбишевського НПЗ після удару дрону, – Reuters",MACHINE_NONCANDIDATE,FALSE
311586,20240325,1,1855144,liveuamap,https://t.me/liganet/34960,ENERGY_GRID_SUPPORT,підстанц,удар,812732,Zalyutino,Kharkiv,Kharkivs'ka,36.14159,49.97773,DROP,DROP_LOCATION_NOT_RU,,,,a_ukr_init_b,,a_ukr_b,0,a_rus_init_b,,a_rus_b,1,FALSE,FALSE,"У Харкові через російські удари зруйновано усі трансформаторні підстанції та теплоелектростанцію. Наразі у Харкові у близько 40% будинків є електроенергія, проте неможливо сказати, коли повністю відновиться постачання: ситуація є """"""""дуже важкою"""""""", повідомив міський голова Ігор Терехов.",MACHINE_NONCANDIDATE,FALSE
49470,20240325,1,1855158,liveuamap,https://t.me/Crimeanwind/56155,FUEL_STORAGE_TERMINAL,нафтобаз,Пожеж,693342,Sofiivka,Crimea,Simferopol's'kyi,33.99335,45.11456,REVIEW,REVIEW_DISPUTED_CRIMEA,,,,a_ukr_init_b,,a_ukr_b,0,a_rus_init_b,,a_rus_b,0,FALSE,FALSE,Пожежа на нафтобазі в Гвардійському під Сімферополем окупованого Криму,REVIEW,FALSE
330638,20240328,2,1123239,ria,https://ria.ru/20240328/obstrel-1936433926.html,ENERGY_GRID_SUPPORT,подстанц,поврежд,9115777,Fedorivka,Donets'k,Horlivs'ka,38.002536,48.30608,DROP,DROP_LOCATION_NOT_RU,,,,a_ukr_init_b,,a_ukr_b,0,a_rus_init_b,,a_rus_b,0,FALSE,FALSE,При обстреле Горловки получила повреждения трансформаторная подстанция,MACHINE_NONCANDIDATE,FALSE
58707,20240329,2,1651004,liga,https://news.liga.net/politics/news/prezident-ukraine-nuzhny-atacms-dlya-udarov-po-aerodromam-okkupantov-v-krymu,STRATEGIC_AIRBASE,аэродром,удар,693805,Simferopol,Crimea,Simferopol's'ka,34.0994127132379,44.9536335,REVIEW,REVIEW_DISPUTED_CRIMEA,,,,a_ukr_init_b,,a_ukr_b,0,a_rus_init_b,,a_rus_b,0,TRUE,FALSE,Президент: Украине нужны ATACMS для ударов по аэродромам оккупантов в Крыму,REVIEW,FALSE
58708,20240329,1,1687376,pravdaua,https://www.pravda.com.ua/news/2024/03/29/7448842/,STRATEGIC_AIRBASE,аеродром,удар,693805,Simferopol,Crimea,Simferopol's'ka,34.0994127132379,44.9536335,REVIEW,REVIEW_DISPUTED_CRIMEA,,,,a_ukr_init_b,,a_ukr_b,0,a_rus_init_b,,a_rus_b,0,FALSE,FALSE,"Зеленський: Нам потрібні ATACMS для ударів не по Росії, а по аеродромах в Криму.",REVIEW,FALSE
249269,20240330,4,1126017|1128698,ria,https://ria.ru/20240330/spetsoperatsiya-1936773076.html,AMMUNITION_ARSENAL,склад боеприпас,уничтож,709930,Dnipro,Dnipropetrovs'k,Dnipropetrovs'ka,35.046181,48.464717,DROP,DROP_LOCATION_NOT_RU,,,,a_ukr_init_b,,a_ukr_b,0,a_rus_init_b,,a_rus_b,0,TRUE,FALSE,Артиллеристы уничтожил склад боеприпасов ВСУ на правом берегу Днепра || Артиллеристы уничтожили склад боеприпасов ВСУ на правом берегу Днепра,MACHINE_NONCANDIDATE,FALSE
5206,20240330,1,1128714,ria,https://ria.ru/20240330/aerodrom-1936826690.html,STRATEGIC_AIRBASE,аэродром,удар,687184,Kryvorizhzhya,Mykolayiv,Novoodes'kyi,31.767249,47.394622,DROP,DROP_LOCATION_NOT_RU,,,,a_ukr_init_b,,a_ukr_b,0,a_rus_init_b,,a_rus_b,0,FALSE,FALSE,Подполье: российские войска ударили по аэродрому в Николаевской области,MACHINE_NONCANDIDATE,FALSE
97663,20240331,1,1126564,interfaxua,https://interfax.com.ua/news/general/977196.html,ENERGY_GRID_SUPPORT,підстанц,атак|ракет,698740,Odessa,Odessa,Odes'ka,30.731689,46.484213,DROP,DROP_LOCATION_NOT_RU,,,,a_ukr_init_b,,a_ukr_b,0,a_rus_init_b,,a_rus_b,0,FALSE,FALSE,"Ціллю ракетної атаки РФ були високовольтні підстанції в південному регіоні, в Одесі застосували аварійні відключення е/е - """"Укренерго""""",MACHINE_NONCANDIDATE,FALSE
5208,20240331,1,1128760,ria,https://ria.ru/20240331/spetsoperatsiya-1936940009.html,STRATEGIC_AIRBASE,аэродром,уничтож,687184,Kryvorizhzhya,Mykolayiv,Novoodes'kyi,31.767249,47.394622,DROP,DROP_LOCATION_NOT_RU,,,,a_ukr_init_b,,a_ukr_b,0,a_rus_init_b,,a_rus_b,0,TRUE,FALSE,На аэродроме в Николаевской области уничтожили три украинских Су-25,MACHINE_NONCANDIDATE,FALSE
63567,20240331,1,1687467,pravdaua,https://www.pravda.com.ua/news/2024/03/31/7448984/,PORT_EXPORT_LOGISTICS,порт,удар,694423,Sevastopol,Sevastopol',Lenins'kyi,33.5229142,44.6010512,REVIEW,REVIEW_DISPUTED_CRIMEA,,,,a_ukr_init_b,,a_ukr_b,0,a_rus_init_b,,a_rus_b,1,FALSE,FALSE,Після ударів по Севастополю Росія намагається захистити порт у Новоросійську – розвідка Британії.,REVIEW,FALSE
339793,20240401,5,1133963,ria,https://ria.ru/20240401/ukraina-1937053023.html,ENERGY_GRID_SUPPORT,подстанц,взрыв,10951287,Vesele,Zaporizhzhya,Tokmats'kyi,35.767196,47.178945,DROP,DROP_LOCATION_NOT_RU,,,,a_ukr_init_b,,a_ukr_b,0,a_rus_init_b,,a_rus_b,0,TRUE,FALSE,Украинские власти заявили о взрывах на подстанции в Запорожской области,MACHINE_NONCANDIDATE,FALSE
15287,20240401,1,1131754,espreso,https://espreso.tv/v-ukraini-znestrumleno-mayzhe-400-naselenikh-punktiv-situatsiya-v-energosistemi,ENERGY_GRID_SUPPORT,підстанц,удар,687700,Zaporizhzhya,Zaporizhzhya,Zaporiz'ka,35.138851,47.838312,DROP,DROP_LOCATION_NOT_RU,,,,a_ukr_init_b,,a_ukr_b,0,a_rus_init_b,,a_rus_b,0,FALSE,FALSE,РФ ударила по високовольтній підстанції у Запорізькій області: ситуація в енергосистемі станом на 1 квітня,MACHINE_NONCANDIDATE,FALSE
339794,20240401,1,1133899,ng,https://www.ng.ru/news/790627.html,ENERGY_GRID_SUPPORT,подстанц,поврежд,10951287,Vesele,Zaporizhzhya,Tokmats'kyi,35.767196,47.178945,DROP,DROP_LOCATION_NOT_RU,,,,a_ukr_init_b,,a_ukr_b,0,a_rus_init_b,,a_rus_b,0,TRUE,FALSE,На подконтрольной ВСУ территории Запорожской области повреждена высоковольтная подстанция,MACHINE_NONCANDIDATE,FALSE
191808,20240402,1,1134503,espreso,https://espreso.tv/v-ukraini-znestrumleno-mayzhe-400-naselenikh-punktiv-situatsiya-v-energosistemi,ENERGY_GRID_SUPPORT,підстанц,атак|дрон,705812,Kropyvnytskyy,Kirovohrad,Kirovohrads'kyi,32.2656283,48.5105805,DROP,DROP_LOCATION_NOT_RU,,,,a_ukr_init_b,,a_ukr_b,0,a_rus_init_b,,a_rus_b,0,FALSE,FALSE,РФ атакувала дроном підстанцію на Кіровоградщині: ситуація в енергосистемі станом на 2 квітня,MACHINE_NONCANDIDATE,FALSE
63573,20240402,1,1134504,espreso,https://espreso.tv/viyna-z-rosiyeyu-v-okupovanomu-sevastopoli-progrimili-vibukhi-ta-znikla-elektrika,ENERGY_GRID_SUPPORT,підстанц,вибух,694423,Sevastopol,Sevastopol',Lenins'kyi,33.5229142,44.6010512,REVIEW,REVIEW_DISPUTED_CRIMEA,,,,a_ukr_init_b,,a_ukr_b,0,a_rus_init_b,,a_rus_b,0,FALSE,FALSE,"У Севастополі вночі прогриміли вибухи та зникло світло: ЗМІ пишуть, що ГУР підірвало електропідстанцію",REVIEW,FALSE
160563,20240402,12,1136637,ng,https://www.ng.ru/news/790751.html,REFINING_PETROCHEM_GAS,НПЗ,атак,703448,Kyiv,Kiev City,Shevchenkivs'kyi,30.52355,50.450441,DROP,DROP_LOCATION_NOT_RU,,,,a_ukr_init_b,,a_ukr_b,0,a_rus_init_b,,a_rus_b,0,FALSE,TRUE,"Глава МИД Франции утверждает, что атаки Киева на НПЗ в РФ являются «легитимной обороной»",MACHINE_NONCANDIDATE,FALSE
63569,20240402,2,1136689,ria,https://ria.ru/20240402/sevastopol-1937299391.html,ENERGY_GRID_SUPPORT,подстанц,взрыв,694423,Sevastopol,Sevastopol',Lenins'kyi,33.5229142,44.6010512,REVIEW,REVIEW_DISPUTED_CRIMEA,,,,a_ukr_init_b,,a_ukr_b,0,a_rus_init_b,,a_rus_b,0,TRUE,FALSE,Развожаев опроверг сообщения с Украины о взрыве подстанции в Севастополе,REVIEW,FALSE
63571,20240402,1,1651063,liga,https://news.liga.net/politics/news/ataka-na-elektropodstantsiyu-v-sevastopole-istochnik-obekt-vyveden-iz-stroya,ENERGY_GRID_SUPPORT,подстанц,Атак,694423,Sevastopol,Sevastopol',Lenins'kyi,33.5229142,44.6010512,REVIEW,REVIEW_DISPUTED_CRIMEA,,,,a_ukr_init_b,,a_ukr_b,0,a_rus_init_b,,a_rus_b,0,FALSE,FALSE,Атака на электроподстанцию в Севастополе. Источник: Объект выведен из строя,REVIEW,FALSE
58732,20240402,1,1725713,unian,https://www.unian.ua/war/vibuhi-v-krimu-2-kvitnya-u-sevastopoli-pidirvali-elektropidstanciyu-zmi-12591282.html,ENERGY_GRID_SUPPORT,підстанц,Вибух,693805,Simferopol,Crimea,Simferopol's'ka,34.0994127132379,44.9536335,REVIEW,REVIEW_DISPUTED_CRIMEA,,,,a_ukr_init_b,,a_ukr_b,0,a_rus_init_b,,a_rus_b,0,FALSE,FALSE,"Вибухи в Криму: у Севастополі бійці ГУР підірвали електропідстанцію, - ЗМІ",REVIEW,FALSE
63572,20240402,1,1725714,unian,https://www.unian.ua/war/vibuhi-v-krimu-2-kvitnya-u-sevastopoli-pidirvali-elektropidstanciyu-zmi-12591282.html,ENERGY_GRID_SUPPORT,підстанц,Вибух,694423,Sevastopol,Sevastopol',Lenins'kyi,33.5229142,44.6010512,REVIEW,REVIEW_DISPUTED_CRIMEA,,,,a_ukr_init_b,,a_ukr_b,0,a_rus_init_b,,a_rus_b,0,FALSE,FALSE,"Вибухи в Криму: у Севастополі бійці ГУР підірвали електропідстанцію, - ЗМІ",REVIEW,FALSE
63574,20240402,1,1725726,unian,https://www.unian.ua/war/elektropidstanciyu-u-sevastopoli-atakuvalo-gur-ob-yekt-vivedeno-z-ladu-zmi-12591837.html,ENERGY_GRID_SUPPORT,підстанц,атак,694423,Sevastopol,Sevastopol',Lenins'kyi,33.5229142,44.6010512,REVIEW,REVIEW_DISPUTED_CRIMEA,,,,a_ukr_init_b,,a_ukr_b,0,a_rus_init_b,,a_rus_b,0,FALSE,FALSE,"Електропідстанцію у Севастополі атакувало ГУР, об'єкт виведено з ладу, - ЗМІ",REVIEW,FALSE
215283,20240403,1,1137248,espreso,https://espreso.tv/viyna-z-rosiyeyu-zelenskiy-zaklikav-protivnikiv-udariv-po-rosiyskikh-npz-priikhati-y-podivitis-yak-zhive-kharkiv,REFINING_PETROCHEM_GAS,НПЗ,удар,706483,Kharkiv,Kharkiv,Kharkivs'ka,36.231202,49.992167,DROP,DROP_LOCATION_NOT_RU,,,,a_ukr_init_b,,a_ukr_b,0,a_rus_init_b,,a_rus_b,0,FALSE,FALSE,"Зеленський закликав противників ударів по російських НПЗ приїхати й подивитись, як живе Харків",MACHINE_NONCANDIDATE,FALSE
215276,20240403,1,1687537,pravdaua,https://www.pravda.com.ua/news/2024/04/3/7449491/,REFINING_PETROCHEM_GAS,НПЗ,атак,706483,Kharkiv,Kharkiv,Kharkivs'ka,36.231202,49.992167,DROP,DROP_LOCATION_NOT_RU,,,,a_ukr_init_b,,a_ukr_b,0,a_rus_init_b,,a_rus_b,0,FALSE,FALSE,"Зеленський – критикам атак на НПЗ Росії: приїдьте спочатку в Харків, а потім щось засуджуйте.",MACHINE_NONCANDIDATE,FALSE
191812,20240404,1,1139998,espreso,https://espreso.tv/kryminal-agenta-fsb-yakiy-gotuvav-rosiyski-udari-po-aerodromakh-kirovogradshchini-zasudili-na-15-rokiv,STRATEGIC_AIRBASE,аеродром,удар,705812,Kropyvnytskyy,Kirovohrad,Kirovohrads'kyi,32.2656283,48.5105805,DROP,DROP_LOCATION_NOT_RU,,,,a_ukr_init_b,,a_ukr_b,0,a_rus_init_b,,a_rus_b,0,FALSE,FALSE,"Агента ФСБ, який готував російські удари по аеродромах Кіровоградщини, засудили на 15 років",MACHINE_NONCANDIDATE,FALSE
215349,20240406,6,1144960,ria,https://ria.ru/20240406/sklad-1938171563.html,AMMUNITION_ARSENAL,складу с боеприпас,удар,706483,Kharkiv,Kharkiv,Kharkivs'ka,36.231202,49.992167,DROP,DROP_LOCATION_NOT_RU,,,,a_ukr_init_b,,a_ukr_b,0,a_rus_init_b,,a_rus_b,0,FALSE,FALSE,Подполье сообщило об ударе по складу с боеприпасами в Харькове,MACHINE_NONCANDIDATE,FALSE
160600,20240406,3,1147660,ria,https://ria.ru/20240406/oproverzhenie-1938293800.html,PIPELINE_PUMPING,нефтепровод,удар,703448,Kyiv,Kiev City,Shevchenkivs'kyi,30.52355,50.450441,DROP,DROP_LOCATION_NOT_RU,,,,a_ukr_init_b,,a_ukr_b,0,a_rus_init_b,,a_rus_b,0,FALSE,FALSE,Ростовские власти опровергли данные Киева об ударе по нефтепроводу,MACHINE_NONCANDIDATE,FALSE
160610,20240407,6,1150397,ng,https://www.ng.ru/news/791046.html,REFINING_PETROCHEM_GAS,НПЗ,атак,703448,Kyiv,Kiev City,Shevchenkivs'kyi,30.52355,50.450441,DROP,DROP_LOCATION_NOT_RU,,,,a_ukr_init_b,,a_ukr_b,0,a_rus_init_b,,a_rus_b,0,FALSE,FALSE,Киев грозит расширением географии атак на российские НПЗ,MACHINE_NONCANDIDATE,FALSE
23592,20240407,1,1636951,meduza,https://twitter.com/strategicbakery/status/1778009522784674097,REFINING_PETROCHEM_GAS,нефтеперерабат,Атак,688983,Voroshilovka,Luhans'k,Popasnians'kyi,38.23533,48.8625,REVIEW,REVIEW_NAME_ONLY_RU_SUPPORT,,,Voroshilovka,a_ukr_init_b,,a_ukr_b,1,a_rus_init_b,,a_rus_b,1,TRUE,FALSE,Атака российской пехоты на мотоциклах возле Верхекаменского у Лисичанского нефтеперерабатывающего завода под огнем ВСУ.,REVIEW,FALSE
23591,20240407,1,1636952,meduza,https://t.me/Khortytsky_wind/75,REFINING_PETROCHEM_GAS,нефтеперерабат,Атак,688983,Voroshilovka,Luhans'k,Popasnians'kyi,38.23095,48.86306,REVIEW,REVIEW_NAME_ONLY_RU_SUPPORT,,,Voroshilovka,a_ukr_init_b,,a_ukr_b,0,a_rus_init_b,,a_rus_b,0,FALSE,FALSE,Атака пехоты ВС РФ на мотоциклах восточнее Верхнекаменского у Лисичанского нефтеперерабатывающего завода.,REVIEW,FALSE
298253,20240407,1,1636971,meduza,https://t.me/odessa_typical/40564,PORT_EXPORT_LOGISTICS,порт,Ракет|удар,713683,Oleksandrivka,Odessa,Ovidiopol's'kyi,30.624714,46.321832,DROP,DROP_LOCATION_NOT_RU,,,,a_ukr_init_b,,a_ukr_b,0,a_rus_init_b,,a_rus_b,1,TRUE,FALSE,"Ракетный удар по железнодорожного моста, соединяющего порт Черноморск с Одессой. Через порт идет значительная часть украинского зернового экспорта.",MACHINE_NONCANDIDATE,FALSE
97702,20240407,1,1636972,meduza,https://t.me/odessa_typical/40564,PORT_EXPORT_LOGISTICS,порт,Ракет|удар,698740,Odessa,Odessa,Odes'ka,30.731689,46.484213,DROP,DROP_LOCATION_NOT_RU,,,,a_ukr_init_b,,a_ukr_b,0,a_rus_init_b,,a_rus_b,1,TRUE,FALSE,"Ракетный удар по железнодорожного моста, соединяющего порт Черноморск с Одессой. Через порт идет значительная часть украинского зернового экспорта.",MACHINE_NONCANDIDATE,FALSE
15347,20240408,1,1151001,espreso,https://espreso.tv/v-ukraini-znestrumleno-mayzhe-400-naselenikh-punktiv-situatsiya-v-energosistemi,ENERGY_GRID_SUPPORT,підстанц,атак,687700,Zaporizhzhya,Zaporizhzhya,Zaporiz'ka,35.138851,47.838312,DROP,DROP_LOCATION_NOT_RU,,,,a_ukr_init_b,,a_ukr_b,0,a_rus_init_b,,a_rus_b,0,FALSE,FALSE,РФ атакувала високовольтну підстанцію в Запорізькій області: ситуація в енергосистемі станом на 8 квітня,MACHINE_NONCANDIDATE,FALSE
215398,20240408,4,1153184,ria,https://ria.ru/20240408/elektropodstantsiya-1938554513.html,ENERGY_GRID_SUPPORT,подстанц,удар,706483,Kharkiv,Kharkiv,Kharkivs'ka,36.231202,49.992167,DROP,DROP_LOCATION_NOT_RU,,,,a_ukr_init_b,,a_ukr_b,0,a_rus_init_b,,a_rus_b,0,FALSE,FALSE,В Харьковской области заявили об ударе по электроподстанции,MACHINE_NONCANDIDATE,FALSE
249317,20240408,1,1153118,ng,https://www.ng.ru/news/791104.html,STRATEGIC_AIRBASE,Аэродром,удар,709930,Dnipro,Dnipropetrovs'k,Dnipropetrovs'ka,35.046181,48.464717,DROP,DROP_LOCATION_NOT_RU,,,,a_ukr_init_b,,a_ukr_b,0,a_rus_init_b,,a_rus_b,0,TRUE,FALSE,Аэродром ВСУ в Днепропетровской области поражен ночным ударом — подполье,MACHINE_NONCANDIDATE,FALSE
168569,20240408,1,1164131,ng,https://www.ng.ru/news/791095.html,STRATEGIC_AIRBASE,Аэродром,удар,703845,Kryvyy Rih,Dnipropetrovs'k,KryvyiRig,33.391789,47.91042,DROP,DROP_LOCATION_NOT_RU,,,,a_ukr_init_b,,a_ukr_b,0,a_rus_init_b,,a_rus_b,0,TRUE,FALSE,Аэродром ВСУ в Криворожской области поражен ночным ударом — подполье,MACHINE_NONCANDIDATE,FALSE
186725,20240408,1,1266564,liveuamap,https://t.me/UkraineNow/50840,ENERGY_GRID_SUPPORT,підстанц,пошкодж,705183,Slobozhans'ke,Kharkiv,Zmiïvs'kyi,36.505117,49.61494,DROP,DROP_LOCATION_NOT_RU,,,,a_ukr_init_b,,a_ukr_b,0,a_rus_init_b,,a_rus_b,0,FALSE,FALSE,"На Харківщині пошкоджена одна з високовольтних підстанцій НЕК """"""""Укренерго"""""""" через нічний обстріл РФ",MACHINE_NONCANDIDATE,FALSE
85764,20240408,1,1266632,liveuamap,https://t.me/UkraineNow/50840,ENERGY_GRID_SUPPORT,підстанц,пошкодж,697488,Pesochin,Kharkiv,Kharkivs'kyi,36.09285,49.96219,DROP,DROP_LOCATION_NOT_RU,,,,a_ukr_init_b,,a_ukr_b,0,a_rus_init_b,,a_rus_b,1,FALSE,FALSE,"На Харківщині пошкоджена одна з високовольтних підстанцій НЕК """"Укренерго"""" через нічний обстріл РФ",MACHINE_NONCANDIDATE,FALSE
85783,20240408,1,1856741,liveuamap,https://t.me/UkraineNow/50840,ENERGY_GRID_SUPPORT,підстанц,пошкодж,697488,Pesochin,Kharkiv,Kharkivs'kyi,36.09285,49.96219,DROP,DROP_LOCATION_NOT_RU,,,,a_ukr_init_b,,a_ukr_b,0,a_rus_init_b,,a_rus_b,0,FALSE,FALSE,"На Харківщині пошкоджена одна з високовольтних підстанцій НЕК """"""""Укренерго"""""""" через нічний обстріл РФ",MACHINE_NONCANDIDATE,FALSE
82635,20240409,1,1153756,espreso,https://espreso.tv/v-ukraini-znestrumleno-mayzhe-400-naselenikh-punktiv-situatsiya-v-energosistemi,ENERGY_GRID_SUPPORT,підстанц,атак,696643,Poltava,Poltava,Poltavs'ka,34.551245,49.589531,REVIEW,REVIEW_NAME_ONLY_RU_SUPPORT,,,Poltava,a_ukr_init_b,,a_ukr_b,0,a_rus_init_b,,a_rus_b,0,FALSE,FALSE,РФ атакувала високовольтні підстанції на Полтавщині та Львівщині: ситуація в енергосистемі станом на 9 квітня,REVIEW,FALSE
79315,20240409,2,1153757,espreso,https://espreso.tv/v-ukraini-znestrumleno-mayzhe-400-naselenikh-punktiv-situatsiya-v-energosistemi,ENERGY_GRID_SUPPORT,підстанц,атак,696032,Pustomyty,L'viv,Pustomytivs'kyi,23.916737,49.717495,DROP,DROP_LOCATION_NOT_RU,,,,a_ukr_init_b,,a_ukr_b,0,a_rus_init_b,,a_rus_b,0,FALSE,FALSE,РФ атакувала високовольтні підстанції на Полтавщині та Львівщині: ситуація в енергосистемі станом на 9 квітня,MACHINE_NONCANDIDATE,FALSE
215414,20240409,1,1155942,ria,https://ria.ru/20240409/zavod-1938866991.html,DEFENSE_INDUSTRY,военные ударили по Харьковскому авиаремонтному завод,удар,706483,Kharkiv,Kharkiv,Kharkivs'ka,36.231202,49.992167,DROP,DROP_LOCATION_NOT_RU,,,,a_ukr_init_b,,a_ukr_b,0,a_rus_init_b,,a_rus_b,0,FALSE,FALSE,Российские военные ударили по Харьковскому авиаремонтному заводу,MACHINE_NONCANDIDATE,FALSE
186728,20240409,1,1266763,liveuamap,https://t.me/UkraineNow/50840,ENERGY_GRID_SUPPORT,підстанц,пошкодж,705183,Slobozhans'ke,Kharkiv,Zmiïvs'kyi,36.505117,49.61494,DROP,DROP_LOCATION_NOT_RU,,,,a_ukr_init_b,,a_ukr_b,0,a_rus_init_b,,a_rus_b,0,FALSE,FALSE,"На Харківщині пошкоджена одна з високовольтних підстанцій НЕК """"""""Укренерго"""""""" через нічний обстріл РФ",MACHINE_NONCANDIDATE,FALSE
85765,20240409,1,1266777,liveuamap,https://t.me/UkraineNow/50840,ENERGY_GRID_SUPPORT,підстанц,пошкодж,697488,Pesochin,Kharkiv,Kharkivs'kyi,36.09285,49.96219,DROP,DROP_LOCATION_NOT_RU,,,,a_ukr_init_b,,a_ukr_b,0,a_rus_init_b,,a_rus_b,1,FALSE,FALSE,"На Харківщині пошкоджена одна з високовольтних підстанцій НЕК """"Укренерго"""" через нічний обстріл РФ",MACHINE_NONCANDIDATE,FALSE
85784,20240409,1,1856948,liveuamap,https://t.me/UkraineNow/50840,ENERGY_GRID_SUPPORT,підстанц,пошкодж,697488,Pesochin,Kharkiv,Kharkivs'kyi,36.09285,49.96219,DROP,DROP_LOCATION_NOT_RU,,,,a_ukr_init_b,,a_ukr_b,0,a_rus_init_b,,a_rus_b,0,FALSE,FALSE,"На Харківщині пошкоджена одна з високовольтних підстанцій НЕК """"""""Укренерго"""""""" через нічний обстріл РФ",MACHINE_NONCANDIDATE,FALSE
215437,20240411,2,1159237,espreso,https://espreso.tv/viyna-z-rosiyeyu-rosiyani-vnochi-atakuvali-kritichnu-infrastrukturu-kharkova-ta-oblasti-mozhlivi-problemi-zi-svitlom,ENERGY_GRID_SUPPORT,підстанц,атак|пошкодж,706483,Kharkiv,Kharkiv,Kharkivs'ka,36.231202,49.992167,DROP,DROP_LOCATION_NOT_RU,,,,a_ukr_init_b,,a_ukr_b,0,a_rus_init_b,,a_rus_b,0,FALSE,FALSE,Унаслідок атаки РФ на Харків повністю зруйновано трансформаторну підстанцію і пошкоджено ТЕЦ,MACHINE_NONCANDIDATE,FALSE
249334,20240412,1,1162023,espreso,https://espreso.tv/v-ukraini-znestrumleno-mayzhe-400-naselenikh-punktiv-situatsiya-v-energosistemi,ENERGY_GRID_SUPPORT,підстанц,атак|безпілот,709930,Dnipro,Dnipropetrovs'k,Dnipropetrovs'ka,35.046181,48.464717,DROP,DROP_LOCATION_NOT_RU,,,,a_ukr_init_b,,a_ukr_b,0,a_rus_init_b,,a_rus_b,0,FALSE,FALSE,РФ атакувала безпілотником високовольтну підстанцію на Дніпропетровщині: ситуація в енергосистемі станом на 12 квітня,MACHINE_NONCANDIDATE,FALSE
249332,20240412,1,1162056,interfaxua,https://interfax.com.ua/news/general/979884.html,ENERGY_GRID_SUPPORT,підстанц,Атак,709930,Dnipro,Dnipropetrovs'k,Dnipropetrovs'ka,35.046181,48.464717,DROP,DROP_LOCATION_NOT_RU,,,,a_ukr_init_b,,a_ukr_b,0,a_rus_init_b,,a_rus_b,0,FALSE,FALSE,"Атаковано підстанцію в Дніпропетровській області, обмеження постачання е/е застосовують на Харківщині та у Кривому Розі - Міненерго",MACHINE_NONCANDIDATE,FALSE
186752,20240412,1,1162057,interfaxua,https://interfax.com.ua/news/general/979884.html,ENERGY_GRID_SUPPORT,підстанц,Атак,705183,Slobozhans'ke,Kharkiv,Zmiïvs'kyi,36.505117,49.61494,DROP,DROP_LOCATION_NOT_RU,,,,a_ukr_init_b,,a_ukr_b,0,a_rus_init_b,,a_rus_b,0,FALSE,FALSE,"Атаковано підстанцію в Дніпропетровській області, обмеження постачання е/е застосовують на Харківщині та у Кривому Розі - Міненерго",MACHINE_NONCANDIDATE,FALSE
99231,20240413,1,1637048,meduza,https://t.me/DeepStateUA/19268,ENERGY_GRID_SUPPORT,подстанц,дрон,698759,Ocheretyne,Donets'k,Iasynuvats'kyi,37.6219,48.2372,DROP,DROP_LOCATION_NOT_RU,,,,a_ukr_init_b,,a_ukr_b,1,a_rus_init_b,,a_rus_b,0,TRUE,FALSE,"Украинские FPV-дроны поразили российских военных, занявших позиции в помещении подстанции в Очеретино.",MACHINE_NONCANDIDATE,FALSE
215455,20240414,4,1166987,ria,https://ria.ru/20240414/podpole-1939895171.html,ENERGY_GRID_SUPPORT,подстанц,удар,706483,Kharkiv,Kharkiv,Kharkivs'ka,36.231202,49.992167,DROP,DROP_LOCATION_NOT_RU,,,,a_ukr_init_b,,a_ukr_b,0,a_rus_init_b,,a_rus_b,0,FALSE,FALSE,"Российские войска нанесли удар по подстанции в Харькове, заявили в подполье",MACHINE_NONCANDIDATE,FALSE
240378,20240415,1,1169628,ria,https://ria.ru/20240415/spetsoperatsiya-1940043783.html,AMMUNITION_ARSENAL,склад боеприпас,дрон|уничтож,709717,Donetsk,Donets'k,Donets'ka,37.80285,48.015884,REVIEW,REVIEW_NAME_ONLY_RU_SUPPORT,,,Donetsk,a_ukr_init_b,,a_ukr_b,0,a_rus_init_b,,a_rus_b,0,TRUE,FALSE,Российские дроны уничтожили склад боеприпасов ВСУ на Донецком направлении,REVIEW,FALSE
321038,20240415,1,1172311,ria,https://ria.ru/20240415/udar-1940280598.html,STRATEGIC_AIRBASE,аэродром,атак,8718704,Luhove,Poltava,Velykobahachans'kyi,33.778487,49.732386,DROP,DROP_LOCATION_NOT_RU,,,,a_ukr_init_b,,a_ukr_b,0,a_rus_init_b,,a_rus_b,0,FALSE,FALSE,"ВС России атаковали район аэродрома в Полтавской области, заявило подполье",MACHINE_NONCANDIDATE,FALSE
203516,20240416,5,1172326,ria,https://ria.ru/20240416/spetsoperatsiya-1940294876.html,AMMUNITION_ARSENAL,склад боеприпас,уничтож,706448,Kherson,Kherson,Khersons'ka,32.614962,46.640319,REVIEW,REVIEW_NAME_ONLY_RU_SUPPORT,,,Kherson,a_ukr_init_b,,a_ukr_b,0,a_rus_init_b,,a_rus_b,0,FALSE,FALSE,Российские гаубицы уничтожили склад боеприпасов на Херсонском направлении,REVIEW,FALSE
222279,20240416,2,1172328,ria,https://ria.ru/20240416/podpole-1940299394.html,STRATEGIC_AIRBASE,аэродром,атак,707153,Kalinovka,Khmel'nyts'kyy,Khmel'nyts'kyi,26.92966,49.507388,REVIEW,REVIEW_NAME_ONLY_RU_SUPPORT,,,Kalinovka,a_ukr_init_b,,a_ukr_b,0,a_rus_init_b,,a_rus_b,0,FALSE,FALSE,"ВС России атаковали район аэродрома в Хмельницкой области, заявило подполье",REVIEW,FALSE
58819,20240417,1,1175340,espreso,https://espreso.tv/viyna-z-rosiyeyu-u-krimu-progrimili-vibukhi-bilya-viyskovogo-aerodromu-dzhankoy-roszmi,STRATEGIC_AIRBASE,аеродром,вибух,693805,Simferopol,Crimea,Simferopol's'ka,34.0994127132379,44.9536335,REVIEW,REVIEW_DISPUTED_CRIMEA,,,,a_ukr_init_b,,a_ukr_b,0,a_rus_init_b,,a_rus_b,0,FALSE,FALSE,"У Криму прогриміли вибухи біля військового аеродрому """"Джанкой""""",REVIEW,FALSE
232898,20240417,1,1175341,espreso,https://espreso.tv/viyna-z-rosiyeyu-duzhe-seryozno-detonuvalo-kapitan-1-rangu-zapasu-vms-zsu-pro-te-chomu-udar-po-aerodromu-v-dzhankoi-vazhliviy,STRATEGIC_AIRBASE,аеродром,удар,709334,Dzhankoi,Crimea,Dzhankois'kyi,34.392872,45.713348,REVIEW,REVIEW_DISPUTED_CRIMEA,,,,a_ukr_init_b,,a_ukr_b,0,a_rus_init_b,,a_rus_b,0,TRUE,FALSE,"""""Дуже серйозно детонувало"""": капітан 1 рангу запасу ВМС ЗСУ про те, чому удар по аеродрому в Джанкої важливий",REVIEW,FALSE
232903,20240417,1,1175353,espreso,https://espreso.tv/viyna-z-rosiyeyu-udar-po-aviabazi-rf-u-dzhankoi-ekspert-katkov-rozpoviv-chi-mogli-tam-buti-raketi-tsirkon,STRATEGIC_AIRBASE,авіабаз,Удар|ракет,709334,Dzhankoi,Crimea,Dzhankois'kyi,34.392872,45.713348,REVIEW,REVIEW_DISPUTED_CRIMEA,,,,a_ukr_init_b,,a_ukr_b,0,a_rus_init_b,,a_rus_b,0,FALSE,FALSE,"Удар по авіабазі РФ у Джанкої: експерт Катков розповів, чи могли там бути ракети """"Циркон""""",REVIEW,FALSE
232902,20240417,1,1175362,espreso,https://espreso.tv/peremoga-ukraini-peremozhni-novini-784-go-dnya-viyni-udar-po-viyskovomu-aerodromu-u-dzhankoi-znishchennya-mi-8-u-samari-ta-ataka-na-aviazavod-u-tatarstani,STRATEGIC_AIRBASE,аеродром,атак|знищ|удар,709334,Dzhankoi,Crimea,Dzhankois'kyi,34.392872,45.713348,REVIEW,REVIEW_DISPUTED_CRIMEA,,,,a_ukr_init_b,,a_ukr_b,0,a_rus_init_b,,a_rus_b,0,FALSE,FALSE,"Переможні новини 784-го дня війни: удар по військовому аеродрому в Джанкої, знищення Мі-8 у Самарі та атака на авіазавод у Татарстані",REVIEW,FALSE
325563,20240417,1,1175363,espreso,https://espreso.tv/article-okupanti-zminyuyut-taktiku-shturmiv-bilya-chasovogo-yaru-ta-uspishna-ataka-zsu-na-aerodrom-v-dzhankoi-kolonka-sergiya-zgurtsya,STRATEGIC_AIRBASE,аеродром,атак,9113821,Levanivskoho,Donets'k,Artemivs'kyi,37.834354,48.587665,DROP,DROP_LOCATION_NOT_RU,,,,a_ukr_init_b,,a_ukr_b,0,a_rus_init_b,,a_rus_b,1,TRUE,FALSE,Окупанти змінюють тактику штурмів біля Часового Яру та успішна атака ЗСУ на аеродром в Джанкої. Колонка Сергія Згурця,MACHINE_NONCANDIDATE,FALSE
232908,20240417,1,1175364,espreso,https://espreso.tv/article-okupanti-zminyuyut-taktiku-shturmiv-bilya-chasovogo-yaru-ta-uspishna-ataka-zsu-na-aerodrom-v-dzhankoi-kolonka-sergiya-zgurtsya,STRATEGIC_AIRBASE,аеродром,атак,709334,Dzhankoi,Crimea,Dzhankois'kyi,34.392872,45.713348,REVIEW,REVIEW_DISPUTED_CRIMEA,,,,a_ukr_init_b,,a_ukr_b,0,a_rus_init_b,,a_rus_b,1,TRUE,FALSE,Окупанти змінюють тактику штурмів біля Часового Яру та успішна атака ЗСУ на аеродром в Джанкої. Колонка Сергія Згурця,REVIEW,FALSE
264251,20240417,1,1177396,ria,https://ria.ru/20240417/spetsoperatsiya-1940521118.html,PORT_EXPORT_LOGISTICS,порт,поврежд,710771,Chorna Dolyna,Kherson,Kakhovs'kyi,33.481729,46.55783,DROP,DROP_LOCATION_NOT_RU,,,,a_ukr_init_b,,a_ukr_b,0,a_rus_init_b,,a_rus_b,0,TRUE,FALSE,В подконтрольной ВСУ части Херсонской области поврежден порт,MACHINE_NONCANDIDATE,FALSE
232906,20240417,1,1651218,liga,https://news.liga.net/politics/video/v-dzhankoe-na-severe-kryma-gremeli-vzryvy-rossiyane-pishut-ob-atake-na-aerodrom-video,STRATEGIC_AIRBASE,аэродром,атак|взрыв,709334,Dzhankoi,Crimea,Dzhankois'kyi,34.392872,45.713348,REVIEW,REVIEW_DISPUTED_CRIMEA,,,,a_ukr_init_b,,a_ukr_b,0,a_rus_init_b,,a_rus_b,1,FALSE,FALSE,В Джанкое на севере Крыма гремели взрывы. Россияне пишут об атаке на аэродром – видео,REVIEW,FALSE
58821,20240417,1,1651219,liga,https://news.liga.net/politics/video/v-dzhankoe-na-severe-kryma-gremeli-vzryvy-rossiyane-pishut-ob-atake-na-aerodrom-video,STRATEGIC_AIRBASE,аэродром,атак|взрыв,693805,Simferopol,Crimea,Simferopol's'ka,34.0994127132379,44.9536335,REVIEW,REVIEW_DISPUTED_CRIMEA,,,,a_ukr_init_b,,a_ukr_b,0,a_rus_init_b,,a_rus_b,1,FALSE,FALSE,В Джанкое на севере Крыма гремели взрывы. Россияне пишут об атаке на аэродром – видео,REVIEW,FALSE
232905,20240417,1,1687925,pravdaua,https://www.pravda.com.ua/news/2024/04/17/7451724/,STRATEGIC_AIRBASE,аеродром,удар,709334,Dzhankoi,Crimea,Dzhankois'kyi,34.392872,45.713348,REVIEW,REVIEW_DISPUTED_CRIMEA,,,,a_ukr_init_b,,a_ukr_b,1,a_rus_init_b,,a_rus_b,0,TRUE,FALSE,Зеленський підтвердив удар ЗСУ по Джанкойському аеродрому.,REVIEW,FALSE
58817,20240417,1,1687959,pravdaua,https://www.pravda.com.ua/news/2024/04/17/7451578/,STRATEGIC_AIRBASE,аеродром,вибух,693805,Simferopol,Crimea,Simferopol's'ka,34.0994127132379,44.9536335,REVIEW,REVIEW_DISPUTED_CRIMEA,,,,a_ukr_init_b,,a_ukr_b,0,a_rus_init_b,,a_rus_b,0,FALSE,FALSE,"У Криму пролунали вибухи на військовому аеродромі """"Джанкой"""".",REVIEW,FALSE
58818,20240417,1,1726056,unian,https://www.unian.ua/war/v-krymu-posle-vzryvov-pylaet-v-rayone-aerodroma-smi-foto-12607500.html,STRATEGIC_AIRBASE,аеродром,вибух,693805,Simferopol,Crimea,Simferopol's'ka,34.0994127132379,44.9536335,REVIEW,REVIEW_DISPUTED_CRIMEA,,,,a_ukr_init_b,,a_ukr_b,0,a_rus_init_b,,a_rus_b,0,FALSE,FALSE,"У Криму після вибухів палає в районі аеродрому, - ЗМІ (відео)",REVIEW,FALSE
232899,20240417,1,1726067,unian,https://www.unian.ua/war/udar-po-aerodromu-u-dzhankoji-z-yavilasya-informaciya-pro-vtrati-okupantiv-12607908.html,STRATEGIC_AIRBASE,аеродром,Удар,709334,Dzhankoi,Crimea,Dzhankois'kyi,34.392872,45.713348,REVIEW,REVIEW_DISPUTED_CRIMEA,,,,a_ukr_init_b,,a_ukr_b,0,a_rus_init_b,,a_rus_b,0,FALSE,FALSE,Удар по аеродрому у Джанкої: з'явилася інформація про втрати окупантів,REVIEW,FALSE
232901,20240417,1,1726072,unian,https://www.unian.ua/war/udari-po-aerodromu-u-dzhankoji-gumenyuk-vidpovila-koli-budut-vidomi-rezultati-12607821.html,STRATEGIC_AIRBASE,аеродром,удар,709334,Dzhankoi,Crimea,Dzhankois'kyi,34.392872,45.713348,REVIEW,REVIEW_DISPUTED_CRIMEA,,,,a_ukr_init_b,,a_ukr_b,0,a_rus_init_b,,a_rus_b,0,FALSE,FALSE,Гуменюк прокоментувала удари по аеродрому в Джанкої: коли будуть відомі результати,REVIEW,FALSE
58820,20240417,1,1726074,unian,https://www.unian.ua/war/viyskoviy-rozpoviv-chomu-udar-po-aerodromu-v-krimu-vazhliviy-12608097.html,STRATEGIC_AIRBASE,аеродром,удар,693805,Simferopol,Crimea,Simferopol's'ka,34.0994127132379,44.9536335,REVIEW,REVIEW_DISPUTED_CRIMEA,,,,a_ukr_init_b,,a_ukr_b,0,a_rus_init_b,,a_rus_b,0,FALSE,FALSE,"Військовий розповів, чому удар по аеродрому в Криму важливий",REVIEW,FALSE
232907,20240417,1,1726083,unian,https://www.unian.ua/war/dzhankoy-chi-mogli-na-aerodromi-buti-raketi-cirkon-12608379.html,STRATEGIC_AIRBASE,авіабаз,ракет|удар,709334,Dzhankoi,Crimea,Dzhankois'kyi,34.392872,45.713348,REVIEW,REVIEW_DISPUTED_CRIMEA,,,,a_ukr_init_b,,a_ukr_b,0,a_rus_init_b,,a_rus_b,1,FALSE,FALSE,"Чи могли бути у Джанкої ракети """"Циркон"""" під час удару по авіабазі РФ: відповідь експерта",REVIEW,FALSE
232920,20240418,1,1175365,espreso,https://espreso.tv/viyna-z-rosiyeyu-u-rosii-pislya-obstriliv-zsu-aviabazi-u-dzhankoi-ochikuyut-udariv-po-krimskomu-mostu,STRATEGIC_AIRBASE,авіабаз,удар,709334,Dzhankoi,Crimea,Dzhankois'kyi,34.392872,45.713348,REVIEW,REVIEW_DISPUTED_CRIMEA,,,,a_ukr_init_b,,a_ukr_b,0,a_rus_init_b,,a_rus_b,1,TRUE,TRUE,У Росії після обстрілів ЗСУ авіабази у Джанкої очікують ударів по Кримському мосту,REVIEW,FALSE
58835,20240418,1,1175366,espreso,https://espreso.tv/viyna-z-rosiyeyu-u-rosii-pislya-obstriliv-zsu-aviabazi-u-dzhankoi-ochikuyut-udariv-po-krimskomu-mostu,STRATEGIC_AIRBASE,авіабаз,удар,693805,Simferopol,Crimea,Simferopol's'ka,34.0994127132379,44.9536335,REVIEW,REVIEW_DISPUTED_CRIMEA,,,,a_ukr_init_b,,a_ukr_b,0,a_rus_init_b,,a_rus_b,1,TRUE,TRUE,У Росії після обстрілів ЗСУ авіабази у Джанкої очікують ударів по Кримському мосту,REVIEW,FALSE
45855,20240418,1,1177432,ria,https://ria.ru/20240418/podpolschik-1940705046.html,STRATEGIC_AIRBASE,аэродром,удар,692818,Starokostyantyniv,Khmel'nyts'kyy,Starokostiantynivs'kyi,27.2044,49.754164,DROP,DROP_LOCATION_NOT_RU,,,,a_ukr_init_b,,a_ukr_b,0,a_rus_init_b,,a_rus_b,0,FALSE,FALSE,Подполье сообщило об ударе в районе военного аэродрома в Староконстантинове,MACHINE_NONCANDIDATE,FALSE
232917,20240418,1,1177929,espreso,https://espreso.tv/news-udar-po-viyskovomu-aerodromu-v-dzhankoi-gur-rozpovilo-detali,STRATEGIC_AIRBASE,аеродром,Удар,709334,Dzhankoi,Crimea,Dzhankois'kyi,34.392872,45.713348,REVIEW,REVIEW_DISPUTED_CRIMEA,,,,a_ukr_init_b,,a_ukr_b,0,a_rus_init_b,,a_rus_b,0,FALSE,FALSE,Удар по військовому аеродрому в Джанкої: ГУР розповіло деталі,REVIEW,FALSE
232921,20240418,1,1177941,espreso,https://espreso.tv/viyna-z-rosiyeyu-buv-znishcheniy-vorozhiy-vuzol-ppo-defense-express-pro-udar-po-viyskovomu-aerodromu-v-dzhankoi,STRATEGIC_AIRBASE,аеродром,знищ|удар,709334,Dzhankoi,Crimea,Dzhankois'kyi,34.392872,45.713348,REVIEW,REVIEW_DISPUTED_CRIMEA,,,,a_ukr_init_b,,a_ukr_b,0,a_rus_init_b,,a_rus_b,1,FALSE,FALSE,Був знищений ворожий вузол ППО: Defense Express про удар по військовому аеродрому в Джанкої,REVIEW,FALSE
232919,20240418,1,1177967,interfaxua,https://interfax.com.ua/news/general/981321.html,STRATEGIC_AIRBASE,аеродром,знищ,709334,Dzhankoi,Crimea,Dzhankois'kyi,34.392872,45.713348,REVIEW,REVIEW_DISPUTED_CRIMEA,,,,a_ukr_init_b,,a_ukr_b,1,a_rus_init_b,,a_rus_b,0,TRUE,FALSE,ЗСУ знищили низку об'єктів на військовому аеродромі в Джанкої - ГУР,REVIEW,FALSE
84403,20240418,1,1267858,liveuamap,https://t.me/Crimeanwind/57765,STRATEGIC_AIRBASE,аеродром,вибух|ракет|удар,697024,Pobednoye,Crimea,Dzhankois'kyi,34.42806,45.70654,REVIEW,REVIEW_DISPUTED_CRIMEA,,,,a_ukr_init_b,,a_ukr_b,0,a_rus_init_b,,a_rus_b,0,FALSE,FALSE,Потужні вибухи після ймовірного ракетного удару по аеродрому Джанкой в окупованому Криму,REVIEW,FALSE
232910,20240418,2,1651220,liga,https://news.liga.net/politics/video/genshtab-pokazal-kadry-ataki-po-aerodromu-v-dzhankoe-video,STRATEGIC_AIRBASE,аэродром,удар,709334,Dzhankoi,Crimea,Dzhankois'kyi,34.392872,45.713348,REVIEW,REVIEW_DISPUTED_CRIMEA,,,,a_ukr_init_b,,a_ukr_b,0,a_rus_init_b,,a_rus_b,0,FALSE,FALSE,Генштаб показал кадры удара по аэродрому в Джанкое – видео,REVIEW,FALSE
232912,20240418,1,1651224,liga,https://news.liga.net/politics/news/udar-po-aerodromu-v-dzhankoe-v-razvedke-rasskazali-kakie-obekty-byli-porazheny,STRATEGIC_AIRBASE,аэродром,Удар,709334,Dzhankoi,Crimea,Dzhankois'kyi,34.392872,45.713348,REVIEW,REVIEW_DISPUTED_CRIMEA,,,,a_ukr_init_b,,a_ukr_b,0,a_rus_init_b,,a_rus_b,0,FALSE,FALSE,"Удар по аэродрому в Джанкое. В разведке рассказали, какие объекты были поражены",REVIEW,FALSE
232915,20240418,1,1687974,pravdaua,https://www.pravda.com.ua/news/2024/04/18/7451846/,STRATEGIC_AIRBASE,аеродром,атак,709334,Dzhankoi,Crimea,Dzhankois'kyi,34.392872,45.713348,REVIEW,REVIEW_DISPUTED_CRIMEA,,,,a_ukr_init_b,,a_ukr_b,0,a_rus_init_b,,a_rus_b,0,FALSE,FALSE,Генштаб показав кадри атаки по аеродрому в Джанкої.,REVIEW,FALSE
232916,20240418,1,1687982,pravdaua,https://www.pravda.com.ua/news/2024/04/18/7451807/,STRATEGIC_AIRBASE,аеродром,Удар,709334,Dzhankoi,Crimea,Dzhankois'kyi,34.392872,45.713348,REVIEW,REVIEW_DISPUTED_CRIMEA,,,,a_ukr_init_b,,a_ukr_b,0,a_rus_init_b,,a_rus_b,0,FALSE,FALSE,Удар по аеродрому в Джанкої: ГУР повідомило про ураження 4 установок С-400 ворога.,REVIEW,FALSE
232918,20240418,1,1726107,unian,https://www.unian.ua/weapons/fundament-m-chomu-dlya-rosiyan-bula-vazhliva-taka-aparatura-sposterezhennya-za-povitryanim-prostorom-12609396.html,STRATEGIC_AIRBASE,аеродром,Удар|знищ,709334,Dzhankoi,Crimea,Dzhankois'kyi,34.392872,45.713348,REVIEW,REVIEW_DISPUTED_CRIMEA,,,,a_ukr_init_b,,a_ukr_b,0,a_rus_init_b,,a_rus_b,0,FALSE,FALSE,"Удар по аеродрому в Джанкої: чим особлива знищена система для ворожої ППО """"Фундамент-М""""",REVIEW,FALSE
58832,20240418,1,1726108,unian,https://www.unian.ua/war/vtrati-rosiji-moment-udaru-po-aerdromu-v-krimu-12609414.html,STRATEGIC_AIRBASE,аеродром,ракет|удар,693805,Simferopol,Crimea,Simferopol's'ka,34.0994127132379,44.9536335,REVIEW,REVIEW_DISPUTED_CRIMEA,,,,a_ukr_init_b,,a_ukr_b,0,a_rus_init_b,,a_rus_b,1,FALSE,FALSE,Генштаб показав ракетний удар по аеродрому в Криму (відео),REVIEW,FALSE
84404,20240418,1,1858083,liveuamap,https://t.me/Crimeanwind/57765,STRATEGIC_AIRBASE,аеродром,вибух|ракет|удар,697024,Pobednoye,Crimea,Dzhankois'kyi,34.42806,45.70654,REVIEW,REVIEW_DISPUTED_CRIMEA,,,,a_ukr_init_b,,a_ukr_b,0,a_rus_init_b,,a_rus_b,0,FALSE,FALSE,Потужні вибухи після ймовірного ракетного удару по аеродрому Джанкой в окупованому Криму,REVIEW,FALSE
279095,20240419,2,1180510,espreso,https://espreso.tv/viyna-z-rosiyeyu-v-odesi-progrimili-vibukhi,PORT_EXPORT_LOGISTICS,порт,атак|знищ|ракет,712609,Bilka,Odessa,Ivanivs'kyi,30.405789,46.908223,DROP,DROP_LOCATION_NOT_RU,,,,a_ukr_init_b,,a_ukr_b,0,a_rus_init_b,,a_rus_b,0,FALSE,FALSE,"РФ атакувала ракетами порт """"Південний"""" на Одещині: знищено продукцію для країн Азії та Африки",MACHINE_NONCANDIDATE,FALSE
191819,20240419,1,1182519,ria,https://ria.ru/20240419/podpole-1940949242.html,STRATEGIC_AIRBASE,аэродром,удар,705812,Kropyvnytskyy,Kirovohrad,Kirovohrads'kyi,32.266371,48.510363,DROP,DROP_LOCATION_NOT_RU,,,,a_ukr_init_b,,a_ukr_b,0,a_rus_init_b,,a_rus_b,0,FALSE,FALSE,Подполье сообщило об ударе в районе аэродрома Канатово в Кировограде,MACHINE_NONCANDIDATE,FALSE
5227,20240419,1,1182530,ria,https://ria.ru/20240419/aerodrom-1940971517.html,STRATEGIC_AIRBASE,аэродром,удар,687184,Kryvorizhzhya,Mykolayiv,Novoodes'kyi,31.767249,47.394622,DROP,DROP_LOCATION_NOT_RU,,,,a_ukr_init_b,,a_ukr_b,0,a_rus_init_b,,a_rus_b,0,FALSE,FALSE,Подполье сообщило об ударе по аэродрому в Николаевской области,MACHINE_NONCANDIDATE,FALSE
84406,20240419,1,1268020,liveuamap,https://t.me/Crimeanwind/57765,STRATEGIC_AIRBASE,аеродром,вибух|ракет|удар,697024,Pobednoye,Crimea,Dzhankois'kyi,34.42806,45.70654,REVIEW,REVIEW_DISPUTED_CRIMEA,,,,a_ukr_init_b,,a_ukr_b,1,a_rus_init_b,,a_rus_b,0,FALSE,FALSE,Потужні вибухи після ймовірного ракетного удару по аеродрому Джанкой в окупованому Криму,REVIEW,FALSE
84405,20240419,1,1858249,liveuamap,https://t.me/Crimeanwind/57765,STRATEGIC_AIRBASE,аеродром,вибух|ракет|удар,697024,Pobednoye,Crimea,Dzhankois'kyi,34.42806,45.70654,REVIEW,REVIEW_DISPUTED_CRIMEA,,,,a_ukr_init_b,,a_ukr_b,0,a_rus_init_b,,a_rus_b,0,FALSE,FALSE,Потужні вибухи після ймовірного ракетного удару по аеродрому Джанкой в окупованому Криму,REVIEW,FALSE
181203,20240420,1,1182568,ria,https://ria.ru/20240420/podpole-1941183914.html,STRATEGIC_AIRBASE,авиабаз,удар,705135,Konotop,Sumy,Konotops'kyi,33.210168,51.238791,REVIEW,REVIEW_NAME_ONLY_RU_SUPPORT,,,Konotop,a_ukr_init_b,,a_ukr_b,0,a_rus_init_b,,a_rus_b,0,FALSE,FALSE,"Российские силы ударили по авиабазе в Конотопе, сообщило подполье",REVIEW,FALSE
232923,20240420,1,1726162,unian,https://www.unian.ua/weapons/udar-po-dzhankoyu-forbes-rozkrilo-chim-bili-ukrajinski-viyskovi-12611271.html,STRATEGIC_AIRBASE,аеродром,Удар,709334,Dzhankoi,Crimea,Dzhankois'kyi,34.392872,45.713348,REVIEW,REVIEW_DISPUTED_CRIMEA,,,,a_ukr_init_b,,a_ukr_b,1,a_rus_init_b,,a_rus_b,0,TRUE,FALSE,"Удар по аеродрому в Джанкої: Forbes розкрило, чим могли вдарити українські військові",REVIEW,FALSE
63606,20240421,1,1185565,espreso,https://espreso.tv/viyna-z-rosiyeyu-bavovna-u-timchasovo-okupovanomu-sevastopoli-droni-gur-u-mordovii-ta-udar-po-aviabazi-u-dzhankoi-de-v-rosiyan-vibukhalo-ta-palalo-tsogo-tizhnya,STRATEGIC_AIRBASE,авіабаз,вибух|дрон|удар,694423,Sevastopol,Sevastopol',Lenins'kyi,33.5229142,44.6010512,REVIEW,REVIEW_DISPUTED_CRIMEA,,,,a_ukr_init_b,,a_ukr_b,0,a_rus_init_b,,a_rus_b,1,FALSE,FALSE,"Бавовна у тимчасово окупованому Севастополі, дрони ГУР у Мордовії та удар по авіабазі у Джанкої: де в росіян вибухало та палало цього тижня",REVIEW,FALSE
232924,20240421,1,1185566,espreso,https://espreso.tv/viyna-z-rosiyeyu-bavovna-u-timchasovo-okupovanomu-sevastopoli-droni-gur-u-mordovii-ta-udar-po-aviabazi-u-dzhankoi-de-v-rosiyan-vibukhalo-ta-palalo-tsogo-tizhnya,STRATEGIC_AIRBASE,авіабаз,вибух|дрон|удар,709334,Dzhankoi,Crimea,Dzhankois'kyi,34.392872,45.713348,REVIEW,REVIEW_DISPUTED_CRIMEA,,,,a_ukr_init_b,,a_ukr_b,0,a_rus_init_b,,a_rus_b,1,FALSE,FALSE,"Бавовна у тимчасово окупованому Севастополі, дрони ГУР у Мордовії та удар по авіабазі у Джанкої: де в росіян вибухало та палало цього тижня",REVIEW,FALSE
249417,20240421,5,1187520,ria,https://ria.ru/20240421/spetsoperatsiya-1941334947.html,STRATEGIC_AIRBASE,аэродром,уничтож,709930,Dnipro,Dnipropetrovs'k,Dnipropetrovs'ka,35.046181,48.464717,DROP,DROP_LOCATION_NOT_RU,,,,a_ukr_init_b,,a_ukr_b,0,a_rus_init_b,,a_rus_b,0,TRUE,FALSE,Российские военные уничтожили украинский МиГ-29 на аэродроме Днепр,MACHINE_NONCANDIDATE,FALSE
215580,20240427,4,1202784,ria,https://ria.ru/20240427/elektropodstantsiya-1942732924.html,ENERGY_GRID_SUPPORT,подстанц,удар,706483,Kharkiv,Kharkiv,Kharkivs'ka,36.231202,49.992167,DROP,DROP_LOCATION_NOT_RU,,,,a_ukr_init_b,,a_ukr_b,0,a_rus_init_b,,a_rus_b,0,FALSE,FALSE,Подполье сообщило об ударе ВС России по электроподстанции под Харьковом,MACHINE_NONCANDIDATE,FALSE
127602,20240428,1,1203303,espreso,https://espreso.tv/viyna-z-rosiyeyu-masshtabna-pozhezha-u-voronezhi-seriya-vibukhiv-u-timchasovo-okupovanomu-mariupoli-y-ataka-droniv-sbu-na-viyskoviy-aerodrom-i-dva-npz-de-v-rosiyan-vibukhalo-ta-palalo-tsogo-tizhnya,REFINING_PETROCHEM_GAS|STRATEGIC_AIRBASE,НПЗ|аеродром,атак|вибух|дрон|пожеж,701822,Mariupol,Donets'k,Mariupol's'ka,37.54144,47.096703,REVIEW,REVIEW_NAME_ONLY_RU_SUPPORT,,,Mariupol,a_ukr_init_b,,a_ukr_b,0,a_rus_init_b,,a_rus_b,1,TRUE,FALSE,"Масштабна пожежа у Воронежі, серія вибухів у тимчасово окупованому Маріуполі й атака дронів СБУ на військовий аеродром і два НПЗ: де в росіян вибухало та палало цього тижня",REVIEW,FALSE
349448,20240428,1,1268930,liveuamap,https://t.me/rusbrief/224996,REFINING_PETROCHEM_GAS,нафтоперероб,атак|безпілот|пошкодж,,,,,38.13644,45.22444,STRICT,COORDINATE_RU_STRICT,1.128,504593,Stantsiya Protoka,a_ukr_init_b,,a_ukr_b,0,a_rus_init_b,,a_rus_b,1,TRUE,FALSE,"Під час атаки українських безпілотників на нафтопереробний завод у Краснодарському краї була пошкоджена ректифікаційна колона, повідомив глава Слов'янського району регіону.",REVIEW,FALSE
349449,20240429,1,1269075,liveuamap,https://t.me/rusbrief/224996,REFINING_PETROCHEM_GAS,нафтоперероб,атак|безпілот|пошкодж,,,,,38.13644,45.22444,STRICT,COORDINATE_RU_STRICT,1.128,504593,Stantsiya Protoka,a_ukr_init_b,,a_ukr_b,0,a_rus_init_b,,a_rus_b,1,TRUE,FALSE,"Під час атаки українських безпілотників на нафтопереробний завод у Краснодарському краї була пошкоджена ректифікаційна колона, повідомив глава Слов'янського району регіону.",REVIEW,FALSE
58890,20240430,1,1726373,unian,https://www.unian.ua/war/u-krimu-udarom-po-aerodromu-led-ne-pohovalo-5-viyskovih-rf-zmi-12621447.html,STRATEGIC_AIRBASE,аеродром,Удар|ракет,693805,Simferopol,Crimea,Simferopol's'ka,34.0994127132379,44.9536335,REVIEW,REVIEW_DISPUTED_CRIMEA,,,,a_ukr_init_b,,a_ukr_b,0,a_rus_init_b,,a_rus_b,0,FALSE,FALSE,"Удар по аеродрому Криму: ракетою майже """"поховало"""" 5 військовослужбовців РФ, - росЗМІ",REVIEW,FALSE
232930,20240502,1,1726431,unian,https://www.unian.ua/war/zsu-rozbili-aerodrom-v-dzhankoji-pershi-suputnikiv-znimki-foto-12623865.html,STRATEGIC_AIRBASE,аеродром,атак,709334,Dzhankoi,Crimea,Dzhankois'kyi,34.392872,45.713348,REVIEW,REVIEW_DISPUTED_CRIMEA,,,,a_ukr_init_b,,a_ukr_b,1,a_rus_init_b,,a_rus_b,0,TRUE,FALSE,ЗСУ атакували аеродром в Джанкої: з'явилися перші супутників знімки (фото),REVIEW,FALSE
215644,20240503,6,1217817,ria,https://ria.ru/20240503/boepripasy-1943651573.html,AMMUNITION_ARSENAL,складам с боеприпас,удар,706483,Kharkiv,Kharkiv,Kharkivs'ka,36.231202,49.992167,DROP,DROP_LOCATION_NOT_RU,,,,a_ukr_init_b,,a_ukr_b,0,a_rus_init_b,,a_rus_b,0,FALSE,FALSE,Подполье сообщило об ударе по складам с боеприпасами в Харьковской области,MACHINE_NONCANDIDATE,FALSE
140112,20240507,1,1651402,liga,https://news.liga.net/politics/video/v-luganske-vzryvy-i-masshtabnyy-pozhar-okkupanty-zayavili-ob-udare-po-neftebaze-video,FUEL_STORAGE_TERMINAL,нефтебаз,взрыв|пожар|удар,702658,Luhansk,Luhans'k,Luhans'ka,39.307708,48.573896,DROP,DROP_LOCATION_NOT_RU,,,,a_ukr_init_b,,a_ukr_b,0,a_rus_init_b,,a_rus_b,1,FALSE,FALSE,В Луганске – взрывы и масштабный пожар. Оккупанты заявили об ударе по нефтебазе – видео,MACHINE_NONCANDIDATE,FALSE
140110,20240507,1,1688545,pravdaua,https://www.pravda.com.ua/news/2024/05/7/7454712/,FUEL_STORAGE_TERMINAL,нафтобаз,вибух,702658,Luhansk,Luhans'k,Luhans'ka,39.307708,48.573896,DROP,DROP_LOCATION_NOT_RU,,,,a_ukr_init_b,,a_ukr_b,0,a_rus_init_b,,a_rus_b,0,FALSE,FALSE,У Луганську пролунало кілька вибухів та спалахнула нафтобаза.,MACHINE_NONCANDIDATE,FALSE
140113,20240508,3,1227731,ria,https://ria.ru/20240508/pasechnik-1944553031.html,FUEL_STORAGE_TERMINAL,нефтебаз,удар,702658,Luhansk,Luhans'k,Luhans'ka,39.307708,48.573896,DROP,DROP_LOCATION_NOT_RU,,,,a_ukr_init_b,,a_ukr_b,0,a_rus_init_b,,a_rus_b,0,FALSE,FALSE,"При ударе по Луганску, предварительно, пострадали сотрудники нефтебазы",MACHINE_NONCANDIDATE,FALSE
140115,20240508,1,1227732,ria,https://ria.ru/20240508/lugansk-1944553901.html,FUEL_STORAGE_TERMINAL,нефтебаз,удар,702658,Luhansk,Luhans'k,Luhans'ka,39.307708,48.573896,DROP,DROP_LOCATION_NOT_RU,,,,a_ukr_init_b,,a_ukr_b,0,a_rus_init_b,,a_rus_b,0,FALSE,FALSE,Пасечник рассказал подробности о ночном ударе по нефтебазе в Луганске,MACHINE_NONCANDIDATE,FALSE
82661,20240508,1,1230212,ria,https://ria.ru/20240508/poltava-1944577276.html,STRATEGIC_AIRBASE,аэродром,удар,696643,Poltava,Poltava,Poltavs'ka,34.551245,49.589531,REVIEW,REVIEW_NAME_ONLY_RU_SUPPORT,,,Poltava,a_ukr_init_b,,a_ukr_b,0,a_rus_init_b,,a_rus_b,0,FALSE,FALSE,Подполье сообщило об ударе российских войск в районе аэродрома в Полтаве,REVIEW,FALSE
140114,20240508,2,1230216,ria,https://ria.ru/20240508/udar-1944583738.html,FUEL_STORAGE_TERMINAL,нефтебаз,удар,702658,Luhansk,Luhans'k,Luhans'ka,39.307708,48.573896,DROP,DROP_LOCATION_NOT_RU,,,,a_ukr_init_b,,a_ukr_b,0,a_rus_init_b,,a_rus_b,0,TRUE,FALSE,СК расследует удар ВСУ по нефтебазе в Луганске,MACHINE_NONCANDIDATE,FALSE
140119,20240509,1,1651417,liga,https://news.liga.net/politics/news/udar-po-neftebaze-okkupantov-v-luganske-shemy-pokazali-sputnikovye-foto-posledstviy,FUEL_STORAGE_TERMINAL,нефтебаз,Удар,702658,Luhansk,Luhans'k,Luhans'ka,39.307708,48.573896,DROP,DROP_LOCATION_NOT_RU,,,,a_ukr_init_b,,a_ukr_b,0,a_rus_init_b,,a_rus_b,0,FALSE,FALSE,Удар по нефтебазе оккупантов в Луганске: Схемы показали спутниковые фото последствий,MACHINE_NONCANDIDATE,FALSE
140120,20240509,1,1688621,pravdaua,https://www.pravda.com.ua/news/2024/05/9/7454962/,FUEL_STORAGE_TERMINAL,нафтобаз,удар,702658,Luhansk,Luhans'k,Luhans'ka,39.307708,48.573896,DROP,DROP_LOCATION_NOT_RU,,,,a_ukr_init_b,,a_ukr_b,0,a_rus_init_b,,a_rus_b,0,FALSE,FALSE,З'явилися знімки наслідків удару по нафтобазі в Луганську.,MACHINE_NONCANDIDATE,FALSE
283143,20240510,1,1651424,liga,https://news.liga.net/politics/video/v-luganskoy-oblasti-masshtabnyy-pozhar-okkupanty-pishut-ob-udare-po-neftebaze-video,FUEL_STORAGE_TERMINAL,нефтебаз,пожар|удар,712734,Baydivka,Luhans'k,Starobil's'kyi,38.902523,49.158739,DROP,DROP_LOCATION_NOT_RU,,,,a_ukr_init_b,,a_ukr_b,0,a_rus_init_b,,a_rus_b,1,FALSE,FALSE,В Луганской области масштабный пожар. Оккупанты пишут об ударе по нефтебазе – видео,MACHINE_NONCANDIDATE,FALSE
75159,20240510,1,1688632,pravdaua,https://www.pravda.com.ua/news/2024/05/10/7455257/,FUEL_STORAGE_TERMINAL,нафтобаз,вибух,695379,Rovenky,Luhans'k,Roven'kivs'ka,39.370123,48.087797,DROP,DROP_LOCATION_NOT_RU,,,,a_ukr_init_b,,a_ukr_b,0,a_rus_init_b,,a_rus_b,0,FALSE,FALSE,У тимчасово окупованих Ровеньках на Луганщині повідомили про вибухи на нафтобазі.,MACHINE_NONCANDIDATE,FALSE
283141,20240510,1,1688633,pravdaua,https://www.pravda.com.ua/news/2024/05/10/7455257/,FUEL_STORAGE_TERMINAL,нафтобаз,вибух,712734,Baydivka,Luhans'k,Starobil's'kyi,38.902523,49.158739,DROP,DROP_LOCATION_NOT_RU,,,,a_ukr_init_b,,a_ukr_b,0,a_rus_init_b,,a_rus_b,0,FALSE,FALSE,У тимчасово окупованих Ровеньках на Луганщині повідомили про вибухи на нафтобазі.,MACHINE_NONCANDIDATE,FALSE
58945,20240511,1,1233217,espreso,https://espreso.tv/viyna-z-rosiyeyu-nova-tsil-dlya-udaru-partizani-atesh-rozvidali-veliku-naftobazu-okupantiv-nepodalik-simferopolya,FUEL_STORAGE_TERMINAL,нафтобаз,удар,693805,Simferopol,Crimea,Simferopol's'ka,34.0994127132379,44.9536335,REVIEW,REVIEW_DISPUTED_CRIMEA,,,,a_ukr_init_b,,a_ukr_b,0,a_rus_init_b,,a_rus_b,0,FALSE,FALSE,"""""Нова ціль для удару"""": партизани """"Атеш"""" розвідали велику нафтобазу окупантів неподалік Сімферополя",REVIEW,FALSE
75165,20240511,2,1270421|1270422,liveuamap,https://x.com/hochu_dodomu/status/1789008831097323591,FUEL_STORAGE_TERMINAL,нафтобаз,Ракет|удар,695379,Rovenky,Luhans'k,Roven'kivs'ka,39.36195,48.0942,DROP,DROP_LOCATION_NOT_RU,,,,a_ukr_init_b,,a_ukr_b,0,a_rus_init_b,,a_rus_b,0,TRUE,FALSE,Ракетний удар по нафтобазі в Ровеньках на окупованій частині Луганської області України || Ракетний удар по нафтобазі в Ровеньках на окупованій частині Луганської області України,MACHINE_NONCANDIDATE,FALSE
75163,20240511,1,1860730,liveuamap,https://x.com/hochu_dodomu/status/1789008831097323591,FUEL_STORAGE_TERMINAL,нафтобаз,Ракет|удар,695379,Rovenky,Luhans'k,Roven'kivs'ka,39.36195,48.0942,DROP,DROP_LOCATION_NOT_RU,,,,a_ukr_init_b,,a_ukr_b,0,a_rus_init_b,,a_rus_b,0,TRUE,FALSE,Ракетний удар по нафтобазі в Ровеньках на окупованій частині Луганської області України,MACHINE_NONCANDIDATE,FALSE
127621,20240512,1,1238218,espreso,https://espreso.tv/viyna-z-rosiyeyu-ukrainski-droni-doletili-do-npz-u-bashkirii-bavovna-lunala-u-timchasovo-okupovanomu-mariupoli-i-lugansku-de-v-rosiyan-vibukhalo-ta-palalo-tsogo-tizhnya,REFINING_PETROCHEM_GAS,НПЗ,вибух|дрон,701822,Mariupol,Donets'k,Mariupol's'ka,37.54144,47.096703,REVIEW,REVIEW_NAME_ONLY_RU_SUPPORT,,,Mariupol,a_ukr_init_b,,a_ukr_b,0,a_rus_init_b,,a_rus_b,1,TRUE,FALSE,"Українські дрони долетіли до НПЗ у Башкирії, """"бавовна"""" лунала у тимчасово окупованому Маріуполі та Луганську: де в росіян вибухало та палало цього тижня",REVIEW,FALSE
140124,20240512,1,1238219,espreso,https://espreso.tv/viyna-z-rosiyeyu-ukrainski-droni-doletili-do-npz-u-bashkirii-bavovna-lunala-u-timchasovo-okupovanomu-mariupoli-i-lugansku-de-v-rosiyan-vibukhalo-ta-palalo-tsogo-tizhnya,REFINING_PETROCHEM_GAS,НПЗ,вибух|дрон,702658,Luhansk,Luhans'k,Luhans'ka,39.307708,48.573896,DROP,DROP_LOCATION_NOT_RU,,,,a_ukr_init_b,,a_ukr_b,0,a_rus_init_b,,a_rus_b,1,TRUE,FALSE,"Українські дрони долетіли до НПЗ у Башкирії, """"бавовна"""" лунала у тимчасово окупованому Маріуполі та Луганську: де в росіян вибухало та палало цього тижня",MACHINE_NONCANDIDATE,FALSE
75168,20240512,2,1270603|1270604,liveuamap,https://x.com/hochu_dodomu/status/1789008831097323591,FUEL_STORAGE_TERMINAL,нафтобаз,Ракет|удар,695379,Rovenky,Luhans'k,Roven'kivs'ka,39.36195,48.0942,DROP,DROP_LOCATION_NOT_RU,,,,a_ukr_init_b,,a_ukr_b,0,a_rus_init_b,,a_rus_b,1,TRUE,FALSE,Ракетний удар по нафтобазі в Ровеньках на окупованій частині Луганської області України || Ракетний удар по нафтобазі в Ровеньках на окупованій частині Луганської області України,MACHINE_NONCANDIDATE,FALSE
75167,20240512,1,1860923,liveuamap,https://x.com/hochu_dodomu/status/1789008831097323591,FUEL_STORAGE_TERMINAL,нафтобаз,Ракет|удар,695379,Rovenky,Luhans'k,Roven'kivs'ka,39.36195,48.0942,DROP,DROP_LOCATION_NOT_RU,,,,a_ukr_init_b,,a_ukr_b,0,a_rus_init_b,,a_rus_b,0,TRUE,FALSE,Ракетний удар по нафтобазі в Ровеньках на окупованій частині Луганської області України,MACHINE_NONCANDIDATE,FALSE
215822,20240513,2,1242727,ria,https://ria.ru/20240513/zavod-1945495533.html,DEFENSE_INDUSTRY,военному завод,удар,706483,Kharkiv,Kharkiv,Kharkivs'ka,36.231202,49.992167,DROP,DROP_LOCATION_NOT_RU,,,,a_ukr_init_b,,a_ukr_b,0,a_rus_init_b,,a_rus_b,0,FALSE,FALSE,Подпольщик рассказал об ударе по военному заводу в Харькове,MACHINE_NONCANDIDATE,FALSE
116949,20240513,1,1242724,ria,https://ria.ru/20240513/podpole-1945493881.html,STRATEGIC_AIRBASE,аэродром,удар,701075,Myrhorod,Poltava,Myrhorods'kyi,33.611455,49.965752,DROP,DROP_LOCATION_NOT_RU,,,,a_ukr_init_b,,a_ukr_b,0,a_rus_init_b,,a_rus_b,0,FALSE,FALSE,"ВС России ударили по аэродрому в Миргороде, сообщило подполье",MACHINE_NONCANDIDATE,FALSE
283149,20240513,1,1651466,liga,https://news.liga.net/politics/news/posle-pozharov-na-neftebazah-v-luganskoy-oblasti-vrag-poteryal-zapasy-topliva-ova,FUEL_STORAGE_TERMINAL,нефтебаз,пожар,712734,Baydivka,Luhans'k,Starobil's'kyi,38.902523,49.158739,DROP,DROP_LOCATION_NOT_RU,,,,a_ukr_init_b,,a_ukr_b,0,a_rus_init_b,,a_rus_b,1,FALSE,FALSE,После пожаров на нефтебазах в Луганской области враг потерял запасы топлива – ОВА,MACHINE_NONCANDIDATE,FALSE
283147,20240513,1,1688751,pravdaua,https://www.pravda.com.ua/news/2024/05/13/7455548/,AMMUNITION_ARSENAL,склад боєприпас,знищ,712734,Baydivka,Luhans'k,Starobil's'kyi,38.902523,49.158739,DROP,DROP_LOCATION_NOT_RU,,,,a_ukr_init_b,,a_ukr_b,1,a_rus_init_b,,a_rus_b,0,FALSE,FALSE,На Луганщині біля кордону з РФ захисники знищили склад боєприпасів окупантів.,MACHINE_NONCANDIDATE,FALSE
33458,20240514,2,1242786,ria,https://ria.ru/20240514/podpolschik-1945765251.html,STRATEGIC_AIRBASE,аэродром,удар,690688,Uman,Cherkasy,Umans'kyi,30.220629,48.749654,REVIEW,REVIEW_NAME_ONLY_RU_SUPPORT,,,Uman,a_ukr_init_b,,a_ukr_b,0,a_rus_init_b,,a_rus_b,0,FALSE,FALSE,"ВС России ударили по заводу и военному аэродрому в Умани, сообщило подполье",REVIEW,FALSE
44086,20240514,1,1270780,liveuamap,https://t.me/Donbas_Operativnyi/78043,AMMUNITION_ARSENAL,складу боєприпас,Ракет|удар,692254,Sukhodilsk,Luhans'k,Krasnodons'ka,39.70888,48.32306,REVIEW,REVIEW_COORDINATE_NEAR_RU,11.433,7439272,Shakhta Yugo-Zapadnaya Nomer Tri,a_ukr_init_b,,a_ukr_b,1,a_rus_init_b,,a_rus_b,0,FALSE,FALSE,Ракетний удар по складу боєприпасів у Сорокиному (Краснодон) на окупованій частині Луганської області,REVIEW,FALSE
44085,20240514,1,1861113,liveuamap,https://t.me/Donbas_Operativnyi/78043,AMMUNITION_ARSENAL,складу боєприпас,Ракет|удар,692254,Sukhodilsk,Luhans'k,Krasnodons'ka,39.70888,48.32306,REVIEW,REVIEW_COORDINATE_NEAR_RU,11.433,7439272,Shakhta Yugo-Zapadnaya Nomer Tri,a_ukr_init_b,,a_ukr_b,0,a_rus_init_b,,a_rus_b,0,FALSE,FALSE,Ракетний удар по складу боєприпасів у Сорокиному (Краснодон) на окупованій частині Луганської області,REVIEW,FALSE
63631,20240515,6,1245452,ria,https://ria.ru/20240515/razvozhaev-1946034191.html,STRATEGIC_AIRBASE,аэродром,ракет,694423,Sevastopol,Sevastopol',Lenins'kyi,33.5229142,44.6010512,REVIEW,REVIEW_DISPUTED_CRIMEA,,,,a_ukr_init_b,,a_ukr_b,0,a_rus_init_b,,a_rus_b,0,FALSE,FALSE,"Рядом со Севастополем и в районе аэродрома """"Бельбек"""" сбили несколько ракет",REVIEW,FALSE
44088,20240515,1,1270854,liveuamap,https://t.me/Donbas_Operativnyi/78043,AMMUNITION_ARSENAL,складу боєприпас,Ракет|удар,692254,Sukhodilsk,Luhans'k,Krasnodons'ka,39.70888,48.32306,REVIEW,REVIEW_COORDINATE_NEAR_RU,11.433,7439272,Shakhta Yugo-Zapadnaya Nomer Tri,a_ukr_init_b,,a_ukr_b,1,a_rus_init_b,,a_rus_b,0,FALSE,FALSE,Ракетний удар по складу боєприпасів у Сорокиному (Краснодон) на окупованій частині Луганської області,REVIEW,FALSE
63637,20240515,1,1651499,liga,https://news.liga.net/politics/news/nochyu-v-sevastopole-byli-vzryvy-okkupanty-zhalovalis-na-udary-po-aerodromu-belbek-video,STRATEGIC_AIRBASE,аэродром,взрыв|удар,694423,Sevastopol,Sevastopol',Lenins'kyi,33.5229142,44.6010512,REVIEW,REVIEW_DISPUTED_CRIMEA,,,,a_ukr_init_b,,a_ukr_b,0,a_rus_init_b,,a_rus_b,1,FALSE,FALSE,"Ночью в Севастополе были взрывы, оккупанты жаловались на удары по аэродрому Бельбек: видео",REVIEW,FALSE
44087,20240515,1,1861197,liveuamap,https://t.me/Donbas_Operativnyi/78043,AMMUNITION_ARSENAL,складу боєприпас,Ракет|удар,692254,Sukhodilsk,Luhans'k,Krasnodons'ka,39.70888,48.32306,REVIEW,REVIEW_COORDINATE_NEAR_RU,11.433,7439272,Shakhta Yugo-Zapadnaya Nomer Tri,a_ukr_init_b,,a_ukr_b,0,a_rus_init_b,,a_rus_b,0,FALSE,FALSE,Ракетний удар по складу боєприпасів у Сорокиному (Краснодон) на окупованій частині Луганської області,REVIEW,FALSE
58976,20240516,1,1651508,liga,https://news.liga.net/politics/news/v-krymu-vzryvy-i-pozhar-v-rayone-aerodroma-belbek-okkupanty-zayavlyayut-o-rabote-pvo,STRATEGIC_AIRBASE,аэродром,взрыв|пожар,693805,Simferopol,Crimea,Simferopol's'ka,34.0994127132379,44.9536335,REVIEW,REVIEW_DISPUTED_CRIMEA,,,,a_ukr_init_b,,a_ukr_b,0,a_rus_init_b,,a_rus_b,1,FALSE,FALSE,"В Крыму – взрывы и пожар в районе аэродрома """"Бельбек"""". Оккупанты заявляют о работе ПВО",REVIEW,FALSE
58969,20240516,1,1726830,unian,https://www.unian.ua/war/vibuhi-v-krimu-poshkodzheno-golovniy-artileriyskiy-sklad-aerodromu-belbek-12637059.html,STRATEGIC_AIRBASE,аеродром,пошкодж,693805,Simferopol,Crimea,Simferopol's'ka,34.0994127132379,44.9536335,REVIEW,REVIEW_DISPUTED_CRIMEA,,,,a_ukr_init_b,,a_ukr_b,0,a_rus_init_b,,a_rus_b,0,FALSE,FALSE,"У Криму пошкоджено головний артилерійський склад аеродрому """"Бельбек"""", - """"Атеш""""",REVIEW,FALSE
58972,20240516,1,1726857,unian,https://www.unian.ua/war/udari-po-aerodromu-belbek-aviabazu-imovirno-povnistyu-znishcheno-12638064.html,STRATEGIC_AIRBASE,авіабаз,Удар|знищ,693805,Simferopol,Crimea,Simferopol's'ka,34.0994127132379,44.9536335,REVIEW,REVIEW_DISPUTED_CRIMEA,,,,a_ukr_init_b,,a_ukr_b,0,a_rus_init_b,,a_rus_b,0,FALSE,FALSE,"Удар по """"Бельбеку"""" в Криму: авіабазу РФ, ймовірно, повністю знищено, - експерт",REVIEW,FALSE
187048,20240517,1,1251373,espreso,https://espreso.tv/viyskovi-problemi-z-rosiyskim-vpk-ukrainski-udari-droniv-u-krimu-ta-situatsiya-na-kharkivshchini-voenni-pidsumki-tizhnya,DEFENSE_INDUSTRY,ВПК,дрон|удар,705183,Slobozhans'ke,Kharkiv,Zmiïvs'kyi,36.505117,49.61494,DROP,DROP_LOCATION_NOT_RU,,,,a_ukr_init_b,,a_ukr_b,0,a_rus_init_b,,a_rus_b,1,TRUE,FALSE,"Проблеми з російським ВПК, українські удари дронів і ситуація на Харківщині. Воєнні підсумки тижня",MACHINE_NONCANDIDATE,FALSE
58986,20240517,1,1688941,pravdaua,https://www.pravda.com.ua/news/2024/05/17/7456162/,STRATEGIC_AIRBASE,аеродром,ракет|удар,693805,Simferopol,Crimea,Simferopol's'ka,34.0994127132379,44.9536335,REVIEW,REVIEW_DISPUTED_CRIMEA,,,,a_ukr_init_b,,a_ukr_b,0,a_rus_init_b,,a_rus_b,1,FALSE,FALSE,З'явилися супутникові знімки аеродрому Бельбек у Криму після ракетного удару.,REVIEW,FALSE
58981,20240517,1,1726865,unian,https://www.unian.ua/war/vzryvy-v-novorossiyske-i-krymu-pod-udarom-port-i-neftebaza-12638166.html,PORT_EXPORT_LOGISTICS,порт,атак|вибух,693805,Simferopol,Crimea,Simferopol's'ka,34.0994127132379,44.9536335,REVIEW,REVIEW_DISPUTED_CRIMEA,,,,a_ukr_init_b,,a_ukr_b,0,a_rus_init_b,,a_rus_b,0,FALSE,FALSE,"Крим і Новоросійськ під потужною атакою: десятки вибухів, порт знеструмлено (відео)",REVIEW,FALSE
58991,20240518,1,1253994,espreso,https://espreso.tv/viyna-z-rosiyeyu-britanska-rozvidka-otsinila-naslidki-ostannoi-ataki-na-aviabazu-belbek-dlya-rosiyskoi-ppo-u-krimu,STRATEGIC_AIRBASE,авіабаз,атак,693805,Simferopol,Crimea,Simferopol's'ka,34.0994127132379,44.9536335,REVIEW,REVIEW_DISPUTED_CRIMEA,,,,a_ukr_init_b,,a_ukr_b,0,a_rus_init_b,,a_rus_b,0,FALSE,FALSE,"Британська розвідка оцінила наслідки останньої атаки на авіабазу """"Бельбек"""" для російської ППО у Криму",REVIEW,FALSE
63647,20240518,1,1271013,liveuamap,https://t.me/astrapress/55665,ENERGY_GRID_SUPPORT,підстанц,пожеж,694423,Sevastopol,Sevastopol',Lenins'kyi,33.5198,44.6077,REVIEW,REVIEW_DISPUTED_CRIMEA,,,,a_ukr_init_b,,a_ukr_b,0,a_rus_init_b,,a_rus_b,1,FALSE,FALSE,Відключення електроенергії в окупованому Севастополі через нічну пожежу на підстанції,REVIEW,FALSE
321050,20240518,1,1273142,ria,https://ria.ru/20240518/mirgorod-1946835662.html,STRATEGIC_AIRBASE,аэродром,удар,8718704,Luhove,Poltava,Velykobahachans'kyi,33.778487,49.732386,DROP,DROP_LOCATION_NOT_RU,,,,a_ukr_init_b,,a_ukr_b,0,a_rus_init_b,,a_rus_b,0,FALSE,FALSE,"ВС России ударили по аэродрому в Полтавской области, сообщило подполье",MACHINE_NONCANDIDATE,FALSE
62004,20240518,1,1861491,liveuamap,https://t.me/astrapress/55665,ENERGY_GRID_SUPPORT,підстанц,пожеж,694423,Sevastopol,Sevastopol',Lenins'kyi,33.5198,44.6077,REVIEW,REVIEW_DISPUTED_CRIMEA,,,,a_ukr_init_b,,a_ukr_b,0,a_rus_init_b,,a_rus_b,0,FALSE,FALSE,Відключення електроенергії в окупованому Севастополі через нічну пожежу на підстанції,REVIEW,FALSE
58994,20240519,5,1254033,espreso,https://espreso.tv/viyna-z-rosiyeyu-udar-po-oboronnomu-pidpriemstvu-v-tuli-ataka-na-viyskovi-aerodromi-u-krasnodarskomu-krai-ta-belbek-u-timchasovo-okupovanomu-krimu-de-v-rosiyan-vibukhalo-ta-palalo-tsogo-tizhnya,STRATEGIC_AIRBASE,аеродром,Удар|атак|вибух,693805,Simferopol,Crimea,Simferopol's'ka,34.0994127132379,44.9536335,REVIEW,REVIEW_DISPUTED_CRIMEA,,,,a_ukr_init_b,,a_ukr_b,0,a_rus_init_b,,a_rus_b,0,FALSE,FALSE,"Удар по оборонному підприємству в Тулі, атака на військові аеродроми у Краснодарському краї та """"Бельбек"""" у тимчасово окупованому Криму: де в росіян вибухало та палало цього тижня",REVIEW,FALSE
50928,20240519,1,1254113,interfaxua,https://interfax.com.ua/news/general/987783.html,REFINING_PETROCHEM_GAS|STRATEGIC_AIRBASE,НПЗ|аеродром,Дрон|атак,693468,Sloviansk,Donets'k,Slovians'ka,37.6058241,48.8522691,DROP,DROP_LOCATION_NOT_RU,,,,a_ukr_init_b,,a_ukr_b,0,a_rus_init_b,,a_rus_b,0,TRUE,FALSE,"Дрони СБУ атакували військовий аеродром """"Кущевська"""" і Слов'янський НПЗ у РФ - джерело",MACHINE_NONCANDIDATE,FALSE
63651,20240519,1,1279999,liveuamap,https://t.me/astrapress/55665,ENERGY_GRID_SUPPORT,підстанц,пожеж,694423,Sevastopol,Sevastopol',Lenins'kyi,33.5198,44.6077,REVIEW,REVIEW_DISPUTED_CRIMEA,,,,a_ukr_init_b,,a_ukr_b,0,a_rus_init_b,,a_rus_b,0,FALSE,FALSE,Відключення електроенергії в окупованому Севастополі через нічну пожежу на підстанції,REVIEW,FALSE
50927,20240519,1,1726932,unian,https://www.unian.ua/war/ataka-na-slov-yanskiy-npz-u-rosiji-shcho-vidomo-pro-stan-zavodu-12640269.html,REFINING_PETROCHEM_GAS,НПЗ,Атак,693468,Sloviansk,Donets'k,Slovians'ka,37.6058241,48.8522691,DROP,DROP_LOCATION_NOT_RU,,,,a_ukr_init_b,,a_ukr_b,0,a_rus_init_b,,a_rus_b,0,FALSE,TRUE,Атака на Слов'янський НПЗ у Росії: що відомо про стан заводу,MACHINE_NONCANDIDATE,FALSE
62006,20240519,1,1861618,liveuamap,https://t.me/astrapress/55665,ENERGY_GRID_SUPPORT,підстанц,пожеж,694423,Sevastopol,Sevastopol',Lenins'kyi,33.5198,44.6077,REVIEW,REVIEW_DISPUTED_CRIMEA,,,,a_ukr_init_b,,a_ukr_b,0,a_rus_init_b,,a_rus_b,0,FALSE,FALSE,Відключення електроенергії в окупованому Севастополі через нічну пожежу на підстанції,REVIEW,FALSE
50929,20240520,1,1689009,pravdaua,https://www.pravda.com.ua/news/2024/05/20/7456609/,REFINING_PETROCHEM_GAS,НПЗ,Атак|дрон|пошкодж,693468,Sloviansk,Donets'k,Slovians'ka,37.6058241,48.8522691,DROP,DROP_LOCATION_NOT_RU,,,,a_ukr_init_b,,a_ukr_b,0,a_rus_init_b,,a_rus_b,0,TRUE,FALSE,Атака дронів СБУ на Слов'янський НПЗ: росіяни підтвердили пошкодження на заводі.,MACHINE_NONCANDIDATE,FALSE
249599,20240526,1,1290609,espreso,https://espreso.tv/viyna-z-rosiyeyu-na-odniy-z-elektropidstantsiy-dnipropetrovshchini-viyavili-vibukhivku,ENERGY_GRID_SUPPORT,підстанц,вибух,709930,Dnipro,Dnipropetrovs'k,Dnipropetrovs'ka,35.046181,48.464717,DROP,DROP_LOCATION_NOT_RU,,,,a_ukr_init_b,,a_ukr_b,0,a_rus_init_b,,a_rus_b,0,FALSE,FALSE,На одній з електропідстанцій Дніпропетровщини виявили вибухівку,MACHINE_NONCANDIDATE,FALSE
161120,20240526,7,1292771,ria,https://ria.ru/20240526/aerodrom-1948399714.html,STRATEGIC_AIRBASE,аэродром,удар,703448,Kyiv,Kiev City,Shevchenkivs'kyi,30.52355,50.450441,DROP,DROP_LOCATION_NOT_RU,,,,a_ukr_init_b,,a_ukr_b,0,a_rus_init_b,,a_rus_b,0,FALSE,FALSE,"Подполье сообщило об ударе по аэродрому, который Киев готовит к приему F-16",MACHINE_NONCANDIDATE,FALSE
59039,20240526,1,1290628,espreso,https://espreso.tv/viyna-z-rosiyeyu-ukrainski-droni-na-vpk-rf-u-tatarstani-pozhezha-u-yaroslavli-y-seriya-potuzhnoi-bavovni-v-timchasovo-okupovanomu-krimu-de-v-rosiyan-vibukhalo-ta-palalo-tsogo-tizhnya,DEFENSE_INDUSTRY,ВПК,вибух|дрон|пожеж,693805,Simferopol,Crimea,Simferopol's'ka,34.0994127132379,44.9536335,REVIEW,REVIEW_DISPUTED_CRIMEA,,,,a_ukr_init_b,,a_ukr_b,0,a_rus_init_b,,a_rus_b,0,TRUE,FALSE,"Українські дрони на ВПК РФ у Татарстані, пожежа у Ярославлі й серія потужної """"бавовни"""" в тимчасово окупованому Криму: де в росіян вибухало та палало цього тижня",REVIEW,FALSE
216142,20240526,2,1292776,ria,https://ria.ru/20240526/sklad-1948410613.html,AMMUNITION_ARSENAL,склада боеприпас,уничтож,706483,Kharkiv,Kharkiv,Kharkivs'ka,36.231202,49.992167,DROP,DROP_LOCATION_NOT_RU,,,,a_ukr_init_b,,a_ukr_b,0,a_rus_init_b,,a_rus_b,0,TRUE,FALSE,Рогов сообщил об уничтожении склада боеприпасов ВСУ в Харькове,MACHINE_NONCANDIDATE,FALSE
249597,20240526,2,1292779,ria,https://ria.ru/20240526/ukraina-1948422037.html,ENERGY_GRID_SUPPORT,подстанц,взрыв,709930,Dnipro,Dnipropetrovs'k,Dnipropetrovs'ka,35.046181,48.464717,DROP,DROP_LOCATION_NOT_RU,,,,a_ukr_init_b,,a_ukr_b,0,a_rus_init_b,,a_rus_b,0,FALSE,FALSE,В Днепропетровской области обнаружили взрывное устройство на подстанции,MACHINE_NONCANDIDATE,FALSE
249598,20240526,2,1651607|1689213,liga|pravdaua,https://news.liga.net/all/news/na-odnoy-iz-podstantsiy-v-dnepropetrovskoy-oblasti-nashli-vzryvchatku|https://www.pravda.com.ua/news/2024/05/26/7457708/,ENERGY_GRID_SUPPORT,подстанц|підстанц,Вибух|взрыв,709930,Dnipro,Dnipropetrovs'k,Dnipropetrovs'ka,35.046181,48.464717,DROP,DROP_LOCATION_NOT_RU,,,,a_ukr_init_b,,a_ukr_b,0,a_rus_init_b,,a_rus_b,0,FALSE,FALSE,На одной из подстанций в Днепропетровской области нашли взрывчатку || Вибухівку виявили на електропідстанції у Дніпропетровській області.,MACHINE_NONCANDIDATE,FALSE
249603,20240527,1,1301767,liveuamap,https://t.me/dneproperatyv/98928,ENERGY_GRID_SUPPORT,підстанц,вибух,709930,Dnipro,Dnipropetrovs'k,Dnipropetrovs'ka,35.03197,48.44883,DROP,DROP_LOCATION_NOT_RU,,,,a_ukr_init_b,,a_ukr_b,0,a_rus_init_b,,a_rus_b,0,FALSE,FALSE,У Дніпропетровській області на підстанції знайшли вибуховий пристрій,MACHINE_NONCANDIDATE,FALSE
242274,20240527,1,1862345,liveuamap,https://t.me/dneproperatyv/98928,ENERGY_GRID_SUPPORT,підстанц,вибух,709930,Dnipro,Dnipropetrovs'k,Dnipropetrovs'ka,35.03197,48.44883,DROP,DROP_LOCATION_NOT_RU,,,,a_ukr_init_b,,a_ukr_b,0,a_rus_init_b,,a_rus_b,0,FALSE,FALSE,У Дніпропетровській області на підстанції знайшли вибуховий пристрій,MACHINE_NONCANDIDATE,FALSE
249606,20240528,1,1304429,liveuamap,https://t.me/dneproperatyv/98928,ENERGY_GRID_SUPPORT,підстанц,вибух,709930,Dnipro,Dnipropetrovs'k,Dnipropetrovs'ka,35.03197,48.44883,DROP,DROP_LOCATION_NOT_RU,,,,a_ukr_init_b,,a_ukr_b,0,a_rus_init_b,,a_rus_b,0,FALSE,FALSE,У Дніпропетровській області на підстанції знайшли вибуховий пристрій,MACHINE_NONCANDIDATE,FALSE
140153,20240528,1,1727169,unian,https://www.unian.ua/war/posledstviya-udara-po-aerodromu-v-luganske-pokazali-iz-kosmosa-foto-12649710.html,STRATEGIC_AIRBASE,аеродром,удар,702658,Luhansk,Luhans'k,Luhans'ka,39.307708,48.573896,DROP,DROP_LOCATION_NOT_RU,,,,a_ukr_init_b,,a_ukr_b,0,a_rus_init_b,,a_rus_b,1,FALSE,FALSE,Наслідки удару по аеродрому в Луганську показали з космосу (фото),MACHINE_NONCANDIDATE,FALSE
242275,20240528,1,1862474,liveuamap,https://t.me/dneproperatyv/98928,ENERGY_GRID_SUPPORT,підстанц,вибух,709930,Dnipro,Dnipropetrovs'k,Dnipropetrovs'ka,35.03197,48.44883,DROP,DROP_LOCATION_NOT_RU,,,,a_ukr_init_b,,a_ukr_b,0,a_rus_init_b,,a_rus_b,0,FALSE,FALSE,У Дніпропетровській області на підстанції знайшли вибуховий пристрій,MACHINE_NONCANDIDATE,FALSE
20010,20240529,1,1300950,ria,https://ria.ru/20240529/podpole-1949044285.html,AMMUNITION_ARSENAL,арсенал,удар,688393,Yaseninichi,Rivne,Rivnens'ka,26.251638,50.61992,DROP,DROP_LOCATION_NOT_RU,,,,a_ukr_init_b,,a_ukr_b,0,a_rus_init_b,,a_rus_b,0,FALSE,FALSE,"В Ровенской области после удара сдетонировал арсенал, сообщило подполье",MACHINE_NONCANDIDATE,FALSE
45857,20240530,1,1300992,ria,https://ria.ru/20240530/podpole-1949260224.html,STRATEGIC_AIRBASE,аэродром,удар,692818,Starokostyantyniv,Khmel'nyts'kyy,Starokostiantynivs'kyi,27.2044,49.754164,DROP,DROP_LOCATION_NOT_RU,,,,a_ukr_init_b,,a_ukr_b,0,a_rus_init_b,,a_rus_b,0,FALSE,FALSE,Подполье сообщило об ударе в районе военного аэродрома в Староконстантинове,MACHINE_NONCANDIDATE,FALSE
59065,20240530,1,1301725,espreso,https://espreso.tv/viyna-z-rosiyeyu-u-krimu-cherez-ukrainski-udari-okupanti-perekidayut-aviatsiyu-na-nediyuchi-aerodromi-atesh,STRATEGIC_AIRBASE,аеродром,удар,693805,Simferopol,Crimea,Simferopol's'ka,34.0994127132379,44.9536335,REVIEW,REVIEW_DISPUTED_CRIMEA,,,,a_ukr_init_b,,a_ukr_b,0,a_rus_init_b,,a_rus_b,1,TRUE,FALSE,У Криму через українські удари окупанти перекидають авіацію на недіючі аеродроми,REVIEW,FALSE
339882,20240530,1,1303745,ria,https://ria.ru/20240530/bespilotnik-1949273770.html,ENERGY_GRID_SUPPORT,подстанц,Беспилот|атак,10951287,Vesele,Zaporizhzhya,Tokmats'kyi,35.767196,47.178945,DROP,DROP_LOCATION_NOT_RU,,,,a_ukr_init_b,,a_ukr_b,0,a_rus_init_b,,a_rus_b,0,FALSE,FALSE,Беспилотник атаковал подстанцию в Запорожской области,MACHINE_NONCANDIDATE,FALSE
161165,20240531,4,1304349,espreso,https://espreso.tv/viyna-z-rosiyeyu-cherez-rankovu-ataku-u-kievi-ulamkami-znishcheno-transformatornu-pidstantsiyu-dtek,ENERGY_GRID_SUPPORT,підстанц,атак|знищ,703448,Kyiv,Kiev City,Shevchenkivs'kyi,30.52355,50.450441,DROP,DROP_LOCATION_NOT_RU,,,,a_ukr_init_b,,a_ukr_b,0,a_rus_init_b,,a_rus_b,0,FALSE,FALSE,Через ранкову атаку в Києві уламками знищено трансформаторну підстанцію,MACHINE_NONCANDIDATE,FALSE
339884,20240531,4,1306417,ria,https://ria.ru/20240531/balitskiy-1949682246.html,ENERGY_GRID_SUPPORT,подстанц,атак,10951287,Vesele,Zaporizhzhya,Tokmats'kyi,35.767196,47.178945,DROP,DROP_LOCATION_NOT_RU,,,,a_ukr_init_b,,a_ukr_b,0,a_rus_init_b,,a_rus_b,0,TRUE,FALSE,Два человека пострадали при атаке ВСУ на подстанцию в Запорожской области,MACHINE_NONCANDIDATE,FALSE
339885,20240531,1,1306412,ria,https://ria.ru/20240531/ataka-1949653641.html,ENERGY_GRID_SUPPORT,подстанц,атак|беспилот,10951287,Vesele,Zaporizhzhya,Tokmats'kyi,35.767196,47.178945,DROP,DROP_LOCATION_NOT_RU,,,,a_ukr_init_b,,a_ukr_b,0,a_rus_init_b,,a_rus_b,0,TRUE,FALSE,Украинский беспилотник атаковал подстанцию в Запорожской области,MACHINE_NONCANDIDATE,FALSE
161164,20240531,2,1689378|1689380,pravdaua,https://www.epravda.com.ua/news/2024/05/31/714485/|https://www.pravda.com.ua/news/2024/05/31/7458493/,ENERGY_GRID_SUPPORT,підстанц,ракет,703448,Kyiv,Kiev City,Shevchenkivs'kyi,30.52355,50.450441,DROP,DROP_LOCATION_NOT_RU,,,,a_ukr_init_b,,a_ukr_b,0,a_rus_init_b,,a_rus_b,0,TRUE,FALSE,"Генсек НАТО: Україна має бити по Росії, бо це оборона. У Києві у Голосіївському районі уламки ракет пошкодили електромережі та повністю зруйнували трансформаторну підстанцію. || У Києві уламки ракети зруйнували трансформаторну підстанцію. Міністр сільського господарства Литви Кястутіс Навіцкас заявив, що ЄС слід розширити обмеження не тільки на зерно, а й на всю сільськогосподарську продукцію цього походження, яку імпортують з Росії.",MACHINE_NONCANDIDATE,FALSE
342992,20240531,1,1689379,pravdaua,https://www.pravda.com.ua/news/2024/05/31/7458493/,ENERGY_GRID_SUPPORT,підстанц,ракет,11776362,Demiyevka,Kiev City,Holosiïvs'kyi,30.4958501,50.388763,DROP,DROP_LOCATION_NOT_RU,,,,a_ukr_init_b,,a_ukr_b,0,a_rus_init_b,,a_rus_b,0,TRUE,FALSE,"Генсек НАТО: Україна має бити по Росії, бо це оборона. У Києві у Голосіївському районі уламки ракет пошкодили електромережі та повністю зруйнували трансформаторну підстанцію.",MACHINE_NONCANDIDATE,FALSE
79367,20240601,2,1308891,ria,https://ria.ru/20240601/aerodrom-1949828814.html,STRATEGIC_AIRBASE,аэродром,удар,696032,Pustomyty,L'viv,Pustomytivs'kyi,23.916737,49.717495,DROP,DROP_LOCATION_NOT_RU,,,,a_ukr_init_b,,a_ukr_b,0,a_rus_init_b,,a_rus_b,0,FALSE,FALSE,Подполье сообщило об ударе по военному аэродрому во Львовской области,MACHINE_NONCANDIDATE,FALSE
98054,20240602,1,1309606,espreso,https://espreso.tv/viyna-z-rosiyeyu-udarom-rf-poshkodzheno-tsivilniy-port-pered-tsim-trukhanov-zayavlyav-pro-vibukh-v-odesi,PORT_EXPORT_LOGISTICS,порт,Удар|вибух|пошкодж,698740,Odessa,Odessa,Odes'ka,30.731689,46.484213,DROP,DROP_LOCATION_NOT_RU,,,,a_ukr_init_b,,a_ukr_b,0,a_rus_init_b,,a_rus_b,0,FALSE,FALSE,Ударом РФ пошкоджено цивільний порт. Перед цим Труханов заявляв про вибух в Одесі,MACHINE_NONCANDIDATE,FALSE
59085,20240602,1,1309607,espreso,https://espreso.tv/viyna-z-rosiyeyu-pozhezha-na-npz-lukoylu-v-komi-masshtabne-zagorannya-u-moskvi-y-bavovna-u-timchasovo-okupovanikh-krimu-ta-lugansku-de-v-rosiyan-vibukhalo-ta-palalo-tsogo-tizhnya,REFINING_PETROCHEM_GAS,НПЗ,Пожеж|вибух,693805,Simferopol,Crimea,Simferopol's'ka,34.0994127132379,44.9536335,REVIEW,REVIEW_DISPUTED_CRIMEA,,,,a_ukr_init_b,,a_ukr_b,0,a_rus_init_b,,a_rus_b,0,FALSE,FALSE,"Пожежа на НПЗ Лукойлу в Комі, масштабне загоряння у Москві й бавовна у тимчасово окупованих Криму та Луганську: де в росіян вибухало та палало цього тижня",REVIEW,FALSE
140161,20240602,1,1309608,espreso,https://espreso.tv/viyna-z-rosiyeyu-pozhezha-na-npz-lukoylu-v-komi-masshtabne-zagorannya-u-moskvi-y-bavovna-u-timchasovo-okupovanikh-krimu-ta-lugansku-de-v-rosiyan-vibukhalo-ta-palalo-tsogo-tizhnya,REFINING_PETROCHEM_GAS,НПЗ,Пожеж|вибух,702658,Luhansk,Luhans'k,Luhans'ka,39.307708,48.573896,DROP,DROP_LOCATION_NOT_RU,,,,a_ukr_init_b,,a_ukr_b,0,a_rus_init_b,,a_rus_b,0,FALSE,FALSE,"Пожежа на НПЗ Лукойлу в Комі, масштабне загоряння у Москві й бавовна у тимчасово окупованих Криму та Луганську: де в росіян вибухало та палало цього тижня",MACHINE_NONCANDIDATE,FALSE
227113,20240603,1,1637397,meduza,https://x.com/Gerashchenko_en/status/1798632515772764177,PORT_EXPORT_LOGISTICS,порт,беспилот|уничтож,707688,Chornomors'k,Odessa,Ovidiopol's'kyi,30.664217,46.303503,DROP,DROP_LOCATION_NOT_RU,,,,a_ukr_init_b,,a_ukr_b,1,a_rus_init_b,,a_rus_b,0,TRUE,FALSE,Как минимум 3 украинских беспилотника вошли в порт Черноморск (АР Крым) и уничтожили российский буксир.,MACHINE_NONCANDIDATE,FALSE
59091,20240603,1,1637398,meduza,https://x.com/Gerashchenko_en/status/1798632515772764177,PORT_EXPORT_LOGISTICS,порт,беспилот|уничтож,693805,Simferopol,Crimea,Simferopol's'ka,34.0994127132379,44.9536335,REVIEW,REVIEW_DISPUTED_CRIMEA,,,,a_ukr_init_b,,a_ukr_b,1,a_rus_init_b,,a_rus_b,0,TRUE,FALSE,Как минимум 3 украинских беспилотника вошли в порт Черноморск (АР Крым) и уничтожили российский буксир.,REVIEW,FALSE
339887,20240604,2,1316739,ria,https://ria.ru/20240604/kamenka-1950394867.html,ENERGY_GRID_SUPPORT,подстанц,атак,10951287,Vesele,Zaporizhzhya,Tokmats'kyi,35.767196,47.178945,DROP,DROP_LOCATION_NOT_RU,,,,a_ukr_init_b,,a_ukr_b,0,a_rus_init_b,,a_rus_b,0,TRUE,FALSE,ВСУ дважды атаковали подстанцию в Запорожской области,MACHINE_NONCANDIDATE,FALSE
228068,20240606,1,1321787,ria,https://ria.ru/20240606/podpole-1950949565.html,AMMUNITION_ARSENAL,склада боеприпас,уничтож,707898,Hulyaypole,Zaporizhzhya,Huliaipil's'kyi,36.25322,47.666438,DROP,DROP_LOCATION_NOT_RU,,,,a_ukr_init_b,,a_ukr_b,0,a_rus_init_b,,a_rus_b,0,TRUE,FALSE,Подполье сообщило об уничтожении склада боеприпасов ВСУ в Гуляйполе,MACHINE_NONCANDIDATE,FALSE
330742,20240606,1,1375721,liveuamap,https://t.me/Donbas_Operativnyi/80035,FUEL_STORAGE_TERMINAL,нафтобаз,вибух,9115777,Fedorivka,Donets'k,Horlivs'ka,38.02866,48.29075,DROP,DROP_LOCATION_NOT_RU,,,,a_ukr_init_b,,a_ukr_b,0,a_rus_init_b,,a_rus_b,0,FALSE,FALSE,На нафтобазі в Горлівці пролунали вибухи,MACHINE_NONCANDIDATE,FALSE
330745,20240607,1,1375818,liveuamap,https://t.me/Donbas_Operativnyi/80035,FUEL_STORAGE_TERMINAL,нафтобаз,вибух,9115777,Fedorivka,Donets'k,Horlivs'ka,38.02866,48.29075,DROP,DROP_LOCATION_NOT_RU,,,,a_ukr_init_b,,a_ukr_b,0,a_rus_init_b,,a_rus_b,0,FALSE,FALSE,На нафтобазі в Горлівці пролунали вибухи,MACHINE_NONCANDIDATE,FALSE
249670,20240608,4,1324387,ria,https://ria.ru/20240608/sklad-1951576596.html,AMMUNITION_ARSENAL,склад боеприпас,уничтож,709930,Dnipro,Dnipropetrovs'k,Dnipropetrovs'ka,35.046181,48.464717,DROP,DROP_LOCATION_NOT_RU,,,,a_ukr_init_b,,a_ukr_b,0,a_rus_init_b,,a_rus_b,0,TRUE,FALSE,На правом берегу Днепра уничтожили склад боеприпасов ВСУ,MACHINE_NONCANDIDATE,FALSE
170216,20240610,1,1331761,ria,https://ria.ru/20240610/obstrel-1952012874.html,ENERGY_GRID_SUPPORT,подстанц,поврежд,704138,Kreminna,Luhans'k,Kremins'kyi,38.221114,49.049943,DROP,DROP_LOCATION_NOT_RU,,,,a_ukr_init_b,,a_ukr_b,0,a_rus_init_b,,a_rus_b,0,TRUE,FALSE,При украинских обстрелах в Кременной получила повреждения подстанция,MACHINE_NONCANDIDATE,FALSE
320290,20240611,1,1637420,meduza,https://t.me/Donbas_Operativnyi/80651,STRATEGIC_AIRBASE,аэродром,уничтож,8718629,Vovnianka,Poltava,Myrhorods'kyi,33.628529,49.931486,DROP,DROP_LOCATION_NOT_RU,,,,a_ukr_init_b,,a_ukr_b,1,a_rus_init_b,,a_rus_b,0,TRUE,FALSE,Украинский Су-27 уничтожен на аэродроме Миргород.,MACHINE_NONCANDIDATE,FALSE
339904,20240619,3,1353368,ria,https://ria.ru/20240619/obstrel-1953976063.html,ENERGY_GRID_SUPPORT,подстанц,удар,10951287,Vesele,Zaporizhzhya,Tokmats'kyi,35.767196,47.178945,DROP,DROP_LOCATION_NOT_RU,,,,a_ukr_init_b,,a_ukr_b,0,a_rus_init_b,,a_rus_b,0,TRUE,FALSE,ВСУ ударили по подстанции в Запорожской области,MACHINE_NONCANDIDATE,FALSE
232578,20240619,5,1353408,ria,https://ria.ru/20240619/podstantsiya-1954113813.html,ENERGY_GRID_SUPPORT,подстанц,уничтож,709276,Enerhodar,Zaporizhzhya,Kamians'ko-Dniprovs'kyi,34.656007,47.499825,DROP,DROP_LOCATION_NOT_RU,,,,a_ukr_init_b,,a_ukr_b,0,a_rus_init_b,,a_rus_b,0,TRUE,FALSE,"ВСУ полностью уничтожили подстанцию """"Луч"""" в Энергодаре",MACHINE_NONCANDIDATE,FALSE
106482,20240619,1,1637451,meduza,https://t.me/Crimeanwind/62109,MILITARY_COMMS_SPACE,центру космического слежения и связ,Удар|ракет,700045,Vitino,Crimea,Saks'kyi,33.15839,45.22439,REVIEW,REVIEW_DISPUTED_CRIMEA,,,,a_ukr_init_b,,a_ukr_b,0,a_rus_init_b,,a_rus_b,0,TRUE,FALSE,Удар ВСУ по российскому центру космического слежения и связи в Витино (Крым) несколькими ракетами MGM-140 ATACMS.,REVIEW,FALSE
320291,20240619,1,1637498,meduza,https://t.me/genshtab24/62428,STRATEGIC_AIRBASE,аэродром,Удар|ракет,8718629,Vovnianka,Poltava,Myrhorods'kyi,33.62709,49.92861,DROP,DROP_LOCATION_NOT_RU,,,,a_ukr_init_b,,a_ukr_b,0,a_rus_init_b,,a_rus_b,1,TRUE,FALSE,Удар ракетой с кассетной боевой частью по стоянке с украинскими самолетами Су-27 на аэродроме Миргород Полтавской области.,MACHINE_NONCANDIDATE,FALSE
321066,20240619,1,1637499,meduza,https://t.me/genshtab24/62428,STRATEGIC_AIRBASE,аэродром,Удар|ракет,8718704,Luhove,Poltava,Velykobahachans'kyi,33.778487,49.732386,DROP,DROP_LOCATION_NOT_RU,,,,a_ukr_init_b,,a_ukr_b,0,a_rus_init_b,,a_rus_b,1,TRUE,FALSE,Удар ракетой с кассетной боевой частью по стоянке с украинскими самолетами Су-27 на аэродроме Миргород Полтавской области.,MACHINE_NONCANDIDATE,FALSE
65135,20240619,1,1637512,meduza,https://t.me/The_Wrong_Side/16898,STRATEGIC_AIRBASE,аэродром,Ракет|удар,695030,Rybtsi,Poltava,Poltavs'kyi,34.49883,49.62217,DROP,DROP_LOCATION_NOT_RU,,,,a_ukr_init_b,,a_ukr_b,0,a_rus_init_b,,a_rus_b,0,TRUE,FALSE,Ракетный удар боеприпасом с кассетной боевой частью по вертолету Ми-24 ВСУ  на аэродроме в Полтаве. Результат удара не ясен.,MACHINE_NONCANDIDATE,FALSE
232579,20240620,2,1355960,ria,https://ria.ru/20240620/energodar-1954332860.html,ENERGY_GRID_SUPPORT,подстанц,удар,709276,Enerhodar,Zaporizhzhya,Kamians'ko-Dniprovs'kyi,34.656007,47.499825,DROP,DROP_LOCATION_NOT_RU,,,,a_ukr_init_b,,a_ukr_b,0,a_rus_init_b,,a_rus_b,0,TRUE,FALSE,"На ЗАЭС назвали причину удара ВСУ по подстанции """"Луч"""" в Энергодаре",MACHINE_NONCANDIDATE,FALSE
59215,20240621,1,1356392,espreso,https://espreso.tv/viyna-z-rosiyeyu-krasnodarskiy-kray-rf-potrapiv-pid-ataku-droniv,REFINING_PETROCHEM_GAS,НПЗ,атак|дрон,693805,Simferopol,Crimea,Simferopol's'ka,34.0994127132379,44.9536335,REVIEW,REVIEW_DISPUTED_CRIMEA,,,,a_ukr_init_b,,a_ukr_b,1,a_rus_init_b,,a_rus_b,0,TRUE,FALSE,У ніч на 21 червня українські дрони атакували 4 НПЗ і радіолокаційні станції у РФ та окупованому Криму,REVIEW,FALSE
232580,20240621,2,1358279,ria,https://ria.ru/20240621/udar-1954624365.html,ENERGY_GRID_SUPPORT,подстанц,удар,709276,Enerhodar,Zaporizhzhya,Kamians'ko-Dniprovs'kyi,34.656007,47.499825,DROP,DROP_LOCATION_NOT_RU,,,,a_ukr_init_b,,a_ukr_b,0,a_rus_init_b,,a_rus_b,0,TRUE,FALSE,"ВСУ нанесли удар по подстанции """"Радуга"""" в Энергодаре",MACHINE_NONCANDIDATE,FALSE
232583,20240622,1,1356404,espreso,https://espreso.tv/viyna-z-rosiyeyu-magate-v-okupovanomu-energodari-bezpilotnik-zruynuvav-elektropidstantsiyu-misto-chastkovo-znestrumlene,ENERGY_GRID_SUPPORT,підстанц,безпілот,709276,Enerhodar,Zaporizhzhya,Kamians'ko-Dniprovs'kyi,34.656007,47.499825,DROP,DROP_LOCATION_NOT_RU,,,,a_ukr_init_b,,a_ukr_b,0,a_rus_init_b,,a_rus_b,0,FALSE,FALSE,"МАГАТЕ: в окупованому Енергодарі безпілотник зруйнував електропідстанцію, місто частково знеструмлене",MACHINE_NONCANDIDATE,FALSE
137283,20240622,1,1360585,ria,https://ria.ru/20240622/podpole-1954663716.html,STRATEGIC_AIRBASE,аэродром,взрыв,702569,Lutsk,Volyn,Luts'ka,25.325412,50.74731,DROP,DROP_LOCATION_NOT_RU,,,,a_ukr_init_b,,a_ukr_b,0,a_rus_init_b,,a_rus_b,0,FALSE,FALSE,"В районе аэродрома в Луцке прогремел взрыв, сообщило подполье",MACHINE_NONCANDIDATE,FALSE
249743,20240622,2,1360602,ria,https://ria.ru/20240622/minoborony-1954714915.html,AMMUNITION_ARSENAL,склад боеприпас,уничтож,709930,Dnipro,Dnipropetrovs'k,Dnipropetrovs'ka,35.046181,48.464717,DROP,DROP_LOCATION_NOT_RU,,,,a_ukr_init_b,,a_ukr_b,0,a_rus_init_b,,a_rus_b,0,TRUE,FALSE,"Группировка """"Днепр"""" уничтожила полевой склад боеприпасов ВСУ",MACHINE_NONCANDIDATE,FALSE
161394,20240622,1,1376775,liveuamap,https://x.com/GeneralStaffUA/status/1804065018159280420,FUEL_STORAGE_TERMINAL,нафтобаз,атак,703448,Kyiv,Kiev City,Shevchenkivs'kyi,30.52914,50.44426,DROP,DROP_LOCATION_NOT_RU,,,,a_ukr_init_b,,a_ukr_b,1,a_rus_init_b,,a_rus_b,0,TRUE,FALSE,"Генеральний штаб ЗСУ: у ніч на 20 червня підрозділи Збройних Сил України та Служби безпеки України атакували склад пально-мастильних матеріалів ворога в Тамбовській області, а також нафтобазу Енемська, що в Республіці Адигея",MACHINE_NONCANDIDATE,FALSE
127673,20240623,1,1361055,espreso,https://espreso.tv/viyna-z-rosiyeyu-desyatki-bpla-nad-rosieyu-ataki-na-npz-ta-vibukhi-u-timchasovo-okupovanikh-mariupoli-y-sevastopoli-de-v-rosiyan-vibukhalo-ta-palalo-tsogo-tizhnya,REFINING_PETROCHEM_GAS,НПЗ,атак|вибух,701822,Mariupol,Donets'k,Mariupol's'ka,37.54144,47.096703,REVIEW,REVIEW_NAME_ONLY_RU_SUPPORT,,,Mariupol,a_ukr_init_b,,a_ukr_b,0,a_rus_init_b,,a_rus_b,0,FALSE,FALSE,"Десятки БПЛА над Росією, атаки на НПЗ та вибухи у тимчасово окупованих Маріуполі й Севастополі: де в росіян вибухало та палало цього тижня",REVIEW,FALSE
63698,20240623,2,1361056,espreso,https://espreso.tv/viyna-z-rosiyeyu-desyatki-bpla-nad-rosieyu-ataki-na-npz-ta-vibukhi-u-timchasovo-okupovanikh-mariupoli-y-sevastopoli-de-v-rosiyan-vibukhalo-ta-palalo-tsogo-tizhnya,REFINING_PETROCHEM_GAS,НПЗ,атак|вибух,694423,Sevastopol,Sevastopol',Lenins'kyi,33.5229142,44.6010512,REVIEW,REVIEW_DISPUTED_CRIMEA,,,,a_ukr_init_b,,a_ukr_b,0,a_rus_init_b,,a_rus_b,0,FALSE,FALSE,"Десятки БПЛА над Росією, атаки на НПЗ та вибухи у тимчасово окупованих Маріуполі й Севастополі: де в росіян вибухало та палало цього тижня",REVIEW,FALSE
161406,20240623,1,1376898,liveuamap,https://x.com/GeneralStaffUA/status/1804065018159280420,FUEL_STORAGE_TERMINAL,нафтобаз,атак,703448,Kyiv,Kiev City,Shevchenkivs'kyi,30.52914,50.44426,DROP,DROP_LOCATION_NOT_RU,,,,a_ukr_init_b,,a_ukr_b,1,a_rus_init_b,,a_rus_b,0,TRUE,FALSE,"Генеральний штаб ЗСУ: у ніч на 20 червня підрозділи Збройних Сил України та Служби безпеки України атакували склад пально-мастильних матеріалів ворога в Тамбовській області, а також нафтобазу Енемська, що в Республіці Адигея",MACHINE_NONCANDIDATE,FALSE
249749,20240624,2,1363011,ria,https://ria.ru/20240624/sklad-1954948880.html,AMMUNITION_ARSENAL,склад боеприпас,уничтож,709930,Dnipro,Dnipropetrovs'k,Dnipropetrovs'ka,35.046181,48.464717,DROP,DROP_LOCATION_NOT_RU,,,,a_ukr_init_b,,a_ukr_b,0,a_rus_init_b,,a_rus_b,0,TRUE,FALSE,На правом берегу Днепра уничтожили склад боеприпасов ВСУ,MACHINE_NONCANDIDATE,FALSE
232586,20240624,1,1363463,interfaxua,https://interfax.com.ua/news/general/995529.html,ENERGY_GRID_SUPPORT,підстанц,пошкодж,709276,Enerhodar,Zaporizhzhya,Kamians'ko-Dniprovs'kyi,34.656007,47.499825,DROP,DROP_LOCATION_NOT_RU,,,,a_ukr_init_b,,a_ukr_b,0,a_rus_init_b,,a_rus_b,0,FALSE,FALSE,Енергодар пережив тривале знеструмлення після пошкодження БПЛА другої за тиждень підстанції - МАГАТЕ,MACHINE_NONCANDIDATE,FALSE
339910,20240624,3,1365376,ria,https://ria.ru/20240624/vsu-1955143622.html,ENERGY_GRID_SUPPORT,подстанц,атак,10951287,Vesele,Zaporizhzhya,Tokmats'kyi,35.767196,47.178945,DROP,DROP_LOCATION_NOT_RU,,,,a_ukr_init_b,,a_ukr_b,0,a_rus_init_b,,a_rus_b,0,TRUE,FALSE,"ВСУ атаковали подстанцию в Запорожской области, заявил Рогов",MACHINE_NONCANDIDATE,FALSE
15677,20240624,1,1690017,pravdaua,https://www.epravda.com.ua/news/2024/06/24/715657/,ENERGY_GRID_SUPPORT,підстанц,атак|безпілот,687700,Zaporizhzhya,Zaporizhzhya,Zaporiz'ka,35.138851,47.838312,DROP,DROP_LOCATION_NOT_RU,,,,a_ukr_init_b,,a_ukr_b,0,a_rus_init_b,,a_rus_b,0,FALSE,FALSE,В МАГАТЕ розповіли про наслідки атак безпілотників на підстанції Запорізької АЕС.,MACHINE_NONCANDIDATE,FALSE
161444,20240627,1,1690105,pravdaua,https://www.pravda.com.ua/news/2024/06/27/7462964/,ENERGY_GRID_SUPPORT,підстанц,вибух|пожеж,703448,Kyiv,Kiev City,Shevchenkivs'kyi,30.52355,50.450441,DROP,DROP_LOCATION_NOT_RU,,,,a_ukr_init_b,,a_ukr_b,0,a_rus_init_b,,a_rus_b,0,FALSE,FALSE,"Кличко повідомив про вибух і пожежу у Києві, а пізніше уточнив – задимлення на підстанції.",MACHINE_NONCANDIDATE,FALSE
232587,20240628,1,1374793,ria,https://ria.ru/20240628/ataka-1956144763.html,ENERGY_GRID_SUPPORT,подстанц,атак,709276,Enerhodar,Zaporizhzhya,Kamians'ko-Dniprovs'kyi,34.656007,47.499825,DROP,DROP_LOCATION_NOT_RU,,,,a_ukr_init_b,,a_ukr_b,0,a_rus_init_b,,a_rus_b,0,TRUE,FALSE,Рогов сообщил об атаке ВСУ на подстанцию в пригороде Энергодара,MACHINE_NONCANDIDATE,FALSE
59289,20240630,1,1375245,espreso,https://espreso.tv/viyna-z-rosiyeyu-bavovna-u-timchasovo-okupovanomu-krimu-pozhezha-na-skladi-boepripasiv-u-voronezkiy-oblasti-y-u-nizhnomu-novgorodi-de-v-rosiyan-vibukhalo-ta-palalo-tsogo-tizhnya,AMMUNITION_ARSENAL,складі боєприпас,вибух|пожеж,693805,Simferopol,Crimea,Simferopol's'ka,34.0994127132379,44.9536335,REVIEW,REVIEW_DISPUTED_CRIMEA,,,,a_ukr_init_b,,a_ukr_b,0,a_rus_init_b,,a_rus_b,0,FALSE,FALSE,"""""Бавовна"""" в тимчасово окупованому Криму, пожежа на складі боєприпасів у Воронезькій області й у Нижньому Новгороді: де в росіян вибухало та палало цього тижня",REVIEW,FALSE
191851,20240630,1,1379441,ria,https://ria.ru/20240630/podpole-1956519437.html,STRATEGIC_AIRBASE,аэродром,удар,705812,Kropyvnytskyy,Kirovohrad,Kirovohrads'kyi,32.266371,48.510363,DROP,DROP_LOCATION_NOT_RU,,,,a_ukr_init_b,,a_ukr_b,1,a_rus_init_b,,a_rus_b,0,FALSE,FALSE,Подполье: ВС России нанесли удар по аэродрому Канатово в Кировограде,MACHINE_NONCANDIDATE,FALSE
161508,20240702,19,1382677,espreso,https://espreso.tv/svit-pro-ukrainu-orban-ide-do-kieva-vpershe-za-dva-roki-a-zelenskiy-prosit-dozvolu-ssha-na-udari-po-rosiyskikh-aerodromakh-aktsenti-svitovikh-zmi-2-lipnya,STRATEGIC_AIRBASE,аеродром,удар,703448,Kyiv,Kiev City,Shevchenkivs'kyi,30.52355,50.450441,DROP,DROP_LOCATION_NOT_RU,,,,a_ukr_init_b,,a_ukr_b,0,a_rus_init_b,,a_rus_b,0,FALSE,FALSE,"Орбан їде до Києва вперше за два роки, а Зеленський просить дозволу США на удари по російських аеродромах. Акценти світових ЗМІ 2 липня",MACHINE_NONCANDIDATE,FALSE
320292,20240702,1,1380425,liveuamap,https://t.me/fighter_bomber/17218,STRATEGIC_AIRBASE,аеродром,ракет|удар,8718629,Vovnianka,Poltava,Myrhorods'kyi,33.63945,49.93001,DROP,DROP_LOCATION_NOT_RU,,,,a_ukr_init_b,,a_ukr_b,0,a_rus_init_b,,a_rus_b,1,FALSE,FALSE,Російська армія завдала ракетного удару з Кінжаля по аеродрому Миргород,MACHINE_NONCANDIDATE,FALSE
116953,20240702,3,1382279|1384706,ria,https://ria.ru/20240702/iskander-1956805539.html|https://ria.ru/20240702/mirgorod-1956767299.html,STRATEGIC_AIRBASE,аэродром,удар,701075,Myrhorod,Poltava,Myrhorods'kyi,33.611455,49.965752,DROP,DROP_LOCATION_NOT_RU,,,,a_ukr_init_b,,a_ukr_b,0,a_rus_init_b,,a_rus_b,0,TRUE,FALSE,На Украине прокомментировали удар по аэродрому в Миргороде || Появилось видео с последствиями удара по украинскому аэродрому Миргород,MACHINE_NONCANDIDATE,FALSE
59299,20240702,2,1382719,interfaxua,https://interfax.com.ua/news/general/997400.html,AMMUNITION_ARSENAL,складу боєприпас,удар,693805,Simferopol,Crimea,Simferopol's'ka,34.0994127132379,44.9536335,REVIEW,REVIEW_DISPUTED_CRIMEA,,,,a_ukr_init_b,,a_ukr_b,1,a_rus_init_b,,a_rus_b,0,TRUE,FALSE,Українські пілоти завдали удару по ворожому складу боєприпасів у Криму - командувач ПС ЗСУ,REVIEW,FALSE
59295,20240702,1,1651898,liga,https://news.liga.net/politics/news/oleshtuk-podtverdil-udar-po-skladu-boepripasov-rossiyan-v-krymu-1-iyulya-video,AMMUNITION_ARSENAL,складу боеприпас,удар,693805,Simferopol,Crimea,Simferopol's'ka,34.0994127132379,44.9536335,REVIEW,REVIEW_DISPUTED_CRIMEA,,,,a_ukr_init_b,,a_ukr_b,0,a_rus_init_b,,a_rus_b,0,FALSE,FALSE,Олещук подтвердил удар по складу боеприпасов россиян в Крыму 1 июля – видео,REVIEW,FALSE
59298,20240702,2,1690247,pravdaua,https://www.pravda.com.ua/news/2024/07/2/7463668/,AMMUNITION_ARSENAL,складу боєприпас,удар,693805,Simferopol,Crimea,Simferopol's'ka,34.0994127132379,44.9536335,REVIEW,REVIEW_DISPUTED_CRIMEA,,,,a_ukr_init_b,,a_ukr_b,1,a_rus_init_b,,a_rus_b,0,TRUE,FALSE,Українські льотчики 1 липня завдали удару по складу боєприпасів у Криму – Олещук.,REVIEW,FALSE
116957,20240702,1,1727853,unian,https://www.unian.ua/war/udar-po-mirgorodu-ignat-prokomentuvav-zayavi-rf-pro-znishchennya-ukrajinskih-litakiv-su-27-12683574.html,STRATEGIC_AIRBASE,аеродром,Удар|атак,701075,Myrhorod,Poltava,Myrhorods'kyi,33.611455,49.965752,DROP,DROP_LOCATION_NOT_RU,,,,a_ukr_init_b,,a_ukr_b,0,a_rus_init_b,,a_rus_b,1,FALSE,FALSE,"""""Удар був. Є певні втрати"""": ексречник Повітряних сил - про атаку по аеродрому Миргород",MACHINE_NONCANDIDATE,FALSE
116956,20240702,1,1727877,unian,https://www.unian.ua/war/udar-po-aerodromu-mirgorod-romanenko-nazvav-golovnu-prichinu-provalu-12684414.html,STRATEGIC_AIRBASE,аеродром,дрон|удар,701075,Myrhorod,Poltava,Myrhorods'kyi,33.611455,49.965752,DROP,DROP_LOCATION_NOT_RU,,,,a_ukr_init_b,,a_ukr_b,0,a_rus_init_b,,a_rus_b,0,FALSE,FALSE,Наша ППО мала збивати розвідувальний дрон: експерт про удар по аеродрому в Миргороді,MACHINE_NONCANDIDATE,FALSE
228070,20240703,1,1387304,ria,https://ria.ru/20240703/podpole-1957042488.html,FUEL_STORAGE_TERMINAL,нефтебаз,удар,707898,Hulyaypole,Zaporizhzhya,Huliaipil's'kyi,36.25322,47.666438,DROP,DROP_LOCATION_NOT_RU,,,,a_ukr_init_b,,a_ukr_b,0,a_rus_init_b,,a_rus_b,0,FALSE,FALSE,"Подполье сообщило об ударе по пригороду Гуляйполя, где находится нефтебаза",MACHINE_NONCANDIDATE,FALSE
59305,20240703,1,1387311,ria,https://ria.ru/20240703/udar-1957063337.html,STRATEGIC_AIRBASE,аэродром,атак|удар,693805,Simferopol,Crimea,Simferopol's'ka,34.0994127132379,44.9536335,REVIEW,REVIEW_DISPUTED_CRIMEA,,,,a_ukr_init_b,,a_ukr_b,1,a_rus_init_b,,a_rus_b,0,FALSE,FALSE,"Подполье сообщило об ударе по аэродрому, используемому для атак на Крым",REVIEW,FALSE
82729,20240703,1,1387313,ria,https://ria.ru/20240703/minoborony-1957068041.html,STRATEGIC_AIRBASE,аэродром,удар,696643,Poltava,Poltava,Poltavs'ka,34.551245,49.589531,REVIEW,REVIEW_NAME_ONLY_RU_SUPPORT,,,Poltava,a_ukr_init_b,,a_ukr_b,0,a_rus_init_b,,a_rus_b,0,FALSE,FALSE,"Минобороны показало кадры удара """"Искандера"""" по аэродрому Полтава",REVIEW,FALSE
232588,20240703,9,1387321|1387324|1387332|1387335,ria,https://ria.ru/20240703/energodar-1957114907.html|https://ria.ru/20240703/energodar-1957130433.html|https://ria.ru/20240703/obstrel-1957151544.html|https://ria.ru/20240703/vsu-1957162645.html,ENERGY_GRID_SUPPORT,подстанц,Дрон|атак|беспилот|удар,709276,Enerhodar,Zaporizhzhya,Kamians'ko-Dniprovs'kyi,34.656007,47.499825,DROP,DROP_LOCATION_NOT_RU,,,,a_ukr_init_b,,a_ukr_b,0,a_rus_init_b,,a_rus_b,0,TRUE,FALSE,"ВСУ ударили беспилотниками по подстанции в Энергодаре, есть пострадавшие || Дроны ВСУ повредили два трансформатора на подстанции """"Радуга"""" в Энергодаре || Под удар ВСУ по подстанции в Энергодаре попали специалисты ЗАЭС",MACHINE_NONCANDIDATE,FALSE
82736,20240703,1,1387330,ria,https://ria.ru/20240703/ssha-1957146618.html,STRATEGIC_AIRBASE,аэродром,удар,696643,Poltava,Poltava,Poltavs'ka,34.551245,49.589531,REVIEW,REVIEW_NAME_ONLY_RU_SUPPORT,,,Poltava,a_ukr_init_b,,a_ukr_b,0,a_rus_init_b,,a_rus_b,1,FALSE,FALSE,"""""Неприемлемый ущерб"""": удар России по аэродрому Полтава вызвал тревогу в США",REVIEW,FALSE
341011,20240703,1,1637576,meduza,https://t.me/The_Wrong_Side/16911,STRATEGIC_AIRBASE,аэродром,Ракет|удар,11147680,Chervoni Pody,Dnipropetrovs'k,KryvyiRig,33.525906,47.901686,DROP,DROP_LOCATION_NOT_RU,,,,a_ukr_init_b,,a_ukr_b,1,a_rus_init_b,,a_rus_b,0,TRUE,FALSE,Ракетный удар со стороны ВС РФ по аэродрому Долгинцево. Под удар попал истребитель МиГ-29 ВСУ.,MACHINE_NONCANDIDATE,FALSE
82737,20240703,1,1727890,unian,https://www.unian.ua/war/mirgorod-aerodrom-rosiyani-vdruge-vdarili-po-ukrajinskih-litakah-12684831.html,STRATEGIC_AIRBASE,авіабаз,атак,696643,Poltava,Poltava,Poltavs'ka,34.551245,49.589531,REVIEW,REVIEW_NAME_ONLY_RU_SUPPORT,,,Poltava,a_ukr_init_b,,a_ukr_b,0,a_rus_init_b,,a_rus_b,1,FALSE,FALSE,Росія атакувала авіабазу в Полтаві: Forbes оцінив наслідки,REVIEW,FALSE
116958,20240703,1,1727894,unian,https://www.unian.ua/war/udar-po-aerodromu-v-mirgorodi-ekspert-poyasniv-chomu-ne-varto-rozvoditi-zradu-12685014.html,STRATEGIC_AIRBASE,аеродром,Удар,701075,Myrhorod,Poltava,Myrhorods'kyi,33.611455,49.965752,DROP,DROP_LOCATION_NOT_RU,,,,a_ukr_init_b,,a_ukr_b,0,a_rus_init_b,,a_rus_b,0,FALSE,FALSE,"Удар по аеродрому в Миргороді: експерт пояснив, чому не варто розводити """"зраду""""",MACHINE_NONCANDIDATE,FALSE
320293,20240703,1,1865016,liveuamap,https://t.me/fighter_bomber/17218,STRATEGIC_AIRBASE,аеродром,ракет|удар,8718629,Vovnianka,Poltava,Myrhorods'kyi,33.63945,49.93001,DROP,DROP_LOCATION_NOT_RU,,,,a_ukr_init_b,,a_ukr_b,0,a_rus_init_b,,a_rus_b,1,FALSE,FALSE,Російська армія завдала ракетного удару з Кінжаля по аеродрому Миргород,MACHINE_NONCANDIDATE,FALSE
161546,20240704,2,1389815,ria,https://ria.ru/20240704/udary-1957284322.html,STRATEGIC_AIRBASE,аэродром,удар,703448,Kyiv,Kiev City,Shevchenkivs'kyi,30.52355,50.450441,DROP,DROP_LOCATION_NOT_RU,,,,a_ukr_init_b,,a_ukr_b,1,a_rus_init_b,,a_rus_b,0,FALSE,FALSE,Подполье сообщило об ударах по аэродромам в Киеве и области,MACHINE_NONCANDIDATE,FALSE
339919,20240704,1,1651917,liga,https://news.liga.net/politics/news/dronovyy-udar-po-podstantsii-zaporozhskoy-aes-eto-ocherednaya-rossiyskaya-provokatsiya-istochnik,ENERGY_GRID_SUPPORT,подстанц,Дрон|удар,10951287,Vesele,Zaporizhzhya,Tokmats'kyi,35.767196,47.178945,DROP,DROP_LOCATION_NOT_RU,,,,a_ukr_init_b,,a_ukr_b,0,a_rus_init_b,,a_rus_b,0,FALSE,FALSE,Дроновый удар по подстанции Запорожской АЭС является очередной провокацией РФ – источник,MACHINE_NONCANDIDATE,FALSE
116960,20240704,1,1727926,unian,https://www.unian.ua/war/udar-po-mirgorodu-veteran-poyasniv-chomu-ce-stalo-mozhlivo-12686559.html,STRATEGIC_AIRBASE,аеродром,Удар,701075,Myrhorod,Poltava,Myrhorods'kyi,33.611455,49.965752,DROP,DROP_LOCATION_NOT_RU,,,,a_ukr_init_b,,a_ukr_b,0,a_rus_init_b,,a_rus_b,0,FALSE,FALSE,"Удар по аеродрому в Миргороді: Дикий пояснив, чому це стало можливим",MACHINE_NONCANDIDATE,FALSE
316790,20240705,1,1387910,liveuamap,https://t.me/vanek_nikolaev/24830,STRATEGIC_AIRBASE,авіабаз,безпілот,8403542,Marianivka,Chernihiv,Korops'kyi,33.12025,51.39302,DROP,DROP_LOCATION_NOT_RU,,,,a_ukr_init_b,,a_ukr_b,0,a_rus_init_b,,a_rus_b,0,FALSE,FALSE,"Над Україною літають кілька безпілотників Shahed, також з авіабази Саваслейка вилетів Міг-31К",MACHINE_NONCANDIDATE,FALSE
264583,20240705,5,1392255,ria,https://ria.ru/20240705/obstrel-1957596007.html,ENERGY_GRID_SUPPORT,подстанц,удар,710771,Chorna Dolyna,Kherson,Kakhovs'kyi,33.481729,46.55783,DROP,DROP_LOCATION_NOT_RU,,,,a_ukr_init_b,,a_ukr_b,0,a_rus_init_b,,a_rus_b,0,TRUE,FALSE,ВСУ нанесли удар по подстанции в Херсонской области,MACHINE_NONCANDIDATE,FALSE
232592,20240705,4,1392293,ria,https://ria.ru/20240705/vsu-1957714450.html,ENERGY_GRID_SUPPORT,подстанц,удар,709276,Enerhodar,Zaporizhzhya,Kamians'ko-Dniprovs'kyi,34.656007,47.499825,DROP,DROP_LOCATION_NOT_RU,,,,a_ukr_init_b,,a_ukr_b,0,a_rus_init_b,,a_rus_b,0,TRUE,FALSE,"ВСУ несколько раз ударили артиллерией в район подстанции """"Луч"""" в Энергодаре",MACHINE_NONCANDIDATE,FALSE
316791,20240706,1,1865268,liveuamap,https://t.me/vanek_nikolaev/24830,STRATEGIC_AIRBASE,авіабаз,безпілот,8403542,Marianivka,Chernihiv,Korops'kyi,33.12025,51.39302,DROP,DROP_LOCATION_NOT_RU,,,,a_ukr_init_b,,a_ukr_b,0,a_rus_init_b,,a_rus_b,0,FALSE,FALSE,"Над Україною літають кілька безпілотників Shahed, також з авіабази Саваслейка вилетів Міг-31К",MACHINE_NONCANDIDATE,FALSE
17366,20240707,1,1392828,liveuamap,https://t.me/UkraineNow/55559,STRATEGIC_AIRBASE,аеродром,знищ|удар,687997,Yuzhne,Odessa,Kominternivs'kyi,31.07792,46.61678,DROP,DROP_LOCATION_NOT_RU,,,,a_ukr_init_b,,a_ukr_b,0,a_rus_init_b,,a_rus_b,1,TRUE,FALSE,"Командувач ВПС Олешук заявив, що удари по українських військових аеродромах 3 липня в Долгінцевому та поблизу Южного 6 липня, відео з яких опубліковано в російських військових Telegram-каналах, знищили імітаційні моделі.",MACHINE_NONCANDIDATE,FALSE
249858,20240707,5,1397137,ria,https://ria.ru/20240707/elektropodstantsija-1957995231.html,ENERGY_GRID_SUPPORT,подстанц,поврежд,709930,Dnipro,Dnipropetrovs'k,Dnipropetrovs'ka,35.046181,48.464717,DROP,DROP_LOCATION_NOT_RU,,,,a_ukr_init_b,,a_ukr_b,0,a_rus_init_b,,a_rus_b,0,FALSE,FALSE,В Днепропетровской области повреждена электроподстанция,MACHINE_NONCANDIDATE,FALSE
120131,20240707,1,1395176,espreso,https://espreso.tv/viyna-z-rosiyeyu-v-okupovanomu-melitopoli-e-tri-priloti-po-aerodromu-zmi,STRATEGIC_AIRBASE,аеродром,удар,701404,Melitopol,Zaporizhzhya,Melitopol's'kyi,35.37288,46.842187,DROP,DROP_LOCATION_NOT_RU,,,,a_ukr_init_b,,a_ukr_b,0,a_rus_init_b,,a_rus_b,1,FALSE,FALSE,В окупованому Мелітополі є прильоти по аеродрому. Колаборанти кажуть про удари HIMARS,MACHINE_NONCANDIDATE,FALSE
116961,20240707,1,1395180,espreso,https://espreso.tv/viyna-z-rosiyeyu-na-aerodromi-mirgoroda-rosiyani-1-lipnya-znishchili-litak-ta-posikli-nerobochi-grobi-eksrechnik-povitryanikh-sil-ignat,STRATEGIC_AIRBASE,аеродром,знищ,701075,Myrhorod,Poltava,Myrhorods'kyi,33.611455,49.965752,DROP,DROP_LOCATION_NOT_RU,,,,a_ukr_init_b,,a_ukr_b,0,a_rus_init_b,,a_rus_b,1,FALSE,FALSE,"На аеродромі Миргорода росіяни 1 липня знищили літак та посікли """"неробочі гроби""""",MACHINE_NONCANDIDATE,FALSE
59327,20240707,1,1395181,espreso,https://espreso.tv/viyna-z-rosiyeyu-masshtabna-pozhezha-u-krimu-ataka-na-tambovskiy-porokhoviy-zavod-ta-znestrumleniy-oskolskiy-elektrometalurgiyniy-kombinat-de-v-rosiyan-vibukhalo-ta-palalo-tsogo-tizhnya,DEFENSE_INDUSTRY,пороховий завод,атак|вибух|пожеж,693805,Simferopol,Crimea,Simferopol's'ka,34.0994127132379,44.9536335,REVIEW,REVIEW_DISPUTED_CRIMEA,,,,a_ukr_init_b,,a_ukr_b,0,a_rus_init_b,,a_rus_b,1,FALSE,FALSE,"Масштабна пожежа у Криму, атака на Тамбовський пороховий завод та знеструмлений Оскольський електрометалургійний комбінат: де в росіян вибухало та палало цього тижня",REVIEW,FALSE
161582,20240708,17,1399653,ria,https://ria.ru/20240708/kiev-1958212635.html,ENERGY_GRID_SUPPORT,подстанц,поврежд,703448,Kyiv,Kiev City,Shevchenkivs'kyi,30.52355,50.450441,DROP,DROP_LOCATION_NOT_RU,,,,a_ukr_init_b,,a_ukr_b,0,a_rus_init_b,,a_rus_b,0,FALSE,FALSE,В Киеве сообщили о повреждении трех трансформаторных подстанций,MACHINE_NONCANDIDATE,FALSE
161595,20240708,5,1397587,espreso,https://espreso.tv/viyna-z-rosiyeyu-u-kievi-zruynovani-ta-poshkodzheni-3-transformatorni-pidstantsii-dtek,ENERGY_GRID_SUPPORT,підстанц,пошкодж,703448,Kyiv,Kiev City,Shevchenkivs'kyi,30.52355,50.450441,DROP,DROP_LOCATION_NOT_RU,,,,a_ukr_init_b,,a_ukr_b,0,a_rus_init_b,,a_rus_b,0,FALSE,FALSE,У Києві зруйновані та пошкоджені 3 трансформаторні підстанції ДТЕК,MACHINE_NONCANDIDATE,FALSE
346057,20240708,1,1397598,espreso,https://espreso.tv/kryminal-gotuvav-raketni-udari-po-obektakh-zsu-i-naftobazakh-na-kiivshchini-ta-chernigivshchini-sbu-zatrimala-agenta-fsb,FUEL_STORAGE_TERMINAL,нафтобаз,ракет|удар,11777953,Deremezna,Kiev,Obukhivs'kyi,30.476622,50.023928,DROP,DROP_LOCATION_NOT_RU,,,,a_ukr_init_b,,a_ukr_b,1,a_rus_init_b,,a_rus_b,0,TRUE,FALSE,Готував ракетні удари по об'єктах ЗСУ і нафтобазах на Київщині та Чернігівщині: СБУ затримала агента ФСБ,MACHINE_NONCANDIDATE,FALSE
26315,20240708,1,1397599,espreso,https://espreso.tv/kryminal-gotuvav-raketni-udari-po-obektakh-zsu-i-naftobazakh-na-kiivshchini-ta-chernigivshchini-sbu-zatrimala-agenta-fsb,FUEL_STORAGE_TERMINAL,нафтобаз,ракет|удар,689103,Volovytsia,Chernihiv,Borznians'kyi,32.004063,51.355426,DROP,DROP_LOCATION_NOT_RU,,,,a_ukr_init_b,,a_ukr_b,1,a_rus_init_b,,a_rus_b,0,TRUE,FALSE,Готував ракетні удари по об'єктах ЗСУ і нафтобазах на Київщині та Чернігівщині: СБУ затримала агента ФСБ,MACHINE_NONCANDIDATE,FALSE
161601,20240708,4,1397650,interfaxua,https://interfax.com.ua/news/general/998650.html,ENERGY_GRID_SUPPORT,підстанц,пошкодж|удар,703448,Kyiv,Kiev City,Shevchenkivs'kyi,30.52355,50.450441,DROP,DROP_LOCATION_NOT_RU,,,,a_ukr_init_b,,a_ukr_b,0,a_rus_init_b,,a_rus_b,0,FALSE,FALSE,"Зруйновано та пошкоджено три трансформаторні підстанції в Києві після російських ударів - """"ДТЕК""""",MACHINE_NONCANDIDATE,FALSE
161616,20240708,1,1690418,pravdaua,https://www.epravda.com.ua/news/2024/07/8/716327/,ENERGY_GRID_SUPPORT,підстанц,атак,703448,Kyiv,Kiev City,Shevchenkivs'kyi,30.52355,50.450441,DROP,DROP_LOCATION_NOT_RU,,,,a_ukr_init_b,,a_ukr_b,0,a_rus_init_b,,a_rus_b,1,FALSE,FALSE,ДТЕК: росіяни атакою пошкодили три трансформаторні підстанції Києва.,MACHINE_NONCANDIDATE,FALSE
161615,20240708,1,1727991,unian,https://www.unian.ua/economics/energetics/udar-po-kiyevu-rosiyani-poshkodili-tri-transformatorni-pidstanciji-12689865.html,ENERGY_GRID_SUPPORT,підстанц,Ракет|удар,703448,Kyiv,Kiev City,Shevchenkivs'kyi,30.52355,50.450441,DROP,DROP_LOCATION_NOT_RU,,,,a_ukr_init_b,,a_ukr_b,0,a_rus_init_b,,a_rus_b,1,FALSE,FALSE,Ракетний удар по Києву: росіяни пошкодили три трансформаторні підстанції (фото),MACHINE_NONCANDIDATE,FALSE
17367,20240708,1,1865423,liveuamap,https://t.me/UkraineNow/55559,STRATEGIC_AIRBASE,аеродром,знищ|удар,687997,Yuzhne,Odessa,Kominternivs'kyi,31.07792,46.61678,DROP,DROP_LOCATION_NOT_RU,,,,a_ukr_init_b,,a_ukr_b,0,a_rus_init_b,,a_rus_b,1,TRUE,FALSE,"Командувач ВПС Олешук заявив, що удари по українських військових аеродромах 3 липня в Долгінцевому та поблизу Южного 6 липня, відео з яких опубліковано в російських військових Telegram-каналах, знищили імітаційні моделі.",MACHINE_NONCANDIDATE,FALSE
83730,20240709,1,1407571,liveuamap,https://t.me/svoboda_radio/28459,ENERGY_GRID_SUPPORT,підстанц,пошкодж,696877,Podil,Kiev City,Shevchenkivs'kyi,30.46698,50.46252,DROP,DROP_LOCATION_NOT_RU,,,,a_ukr_init_b,,a_ukr_b,0,a_rus_init_b,,a_rus_b,0,FALSE,FALSE,В Голосіївському та Шевченківському районах Києва було зруйновані або пошкоджені три трансформаторних підстанції ДТЕК. Також пошкоджені електромережі,MACHINE_NONCANDIDATE,FALSE
161637,20240709,1,1407572,liveuamap,https://t.me/svoboda_radio/28459,ENERGY_GRID_SUPPORT,підстанц,пошкодж,703448,Kyiv,Kiev City,Shevchenkivs'kyi,30.52355,50.450441,DROP,DROP_LOCATION_NOT_RU,,,,a_ukr_init_b,,a_ukr_b,0,a_rus_init_b,,a_rus_b,0,FALSE,FALSE,В Голосіївському та Шевченківському районах Києва було зруйновані або пошкоджені три трансформаторних підстанції ДТЕК. Також пошкоджені електромережі,MACHINE_NONCANDIDATE,FALSE
249884,20240710,3,1404608,ria,https://ria.ru/20240710/svo-1958728963.html,AMMUNITION_ARSENAL,склад артиллерийских боеприпас,уничтож,709930,Dnipro,Dnipropetrovs'k,Dnipropetrovs'ka,35.046181,48.464717,DROP,DROP_LOCATION_NOT_RU,,,,a_ukr_init_b,,a_ukr_b,0,a_rus_init_b,,a_rus_b,0,TRUE,FALSE,"Группировка """"Днепр"""" уничтожила склад артиллерийских боеприпасов ВСУ",MACHINE_NONCANDIDATE,FALSE
115877,20240710,1,1404618,ria,https://ria.ru/20240710/podpole-1958791504.html,AMMUNITION_ARSENAL,складу БПЛА и боеприпас,удар,700569,Mykolayiv,Mykolayiv,Mykola‹vs'ka,31.993813,46.975574,DROP,DROP_LOCATION_NOT_RU,,,,a_ukr_init_b,,a_ukr_b,0,a_rus_init_b,,a_rus_b,0,FALSE,FALSE,Подполье сообщило об ударе по складу БПЛА и боеприпасов под Николаевом,MACHINE_NONCANDIDATE,FALSE
127698,20240712,1,1651978,liga,https://news.liga.net/politics/news/v-mariupole-razdalis-vzryvy-okkupanty-zhaluyutsya-na-popadanie-po-aerodromu-video,STRATEGIC_AIRBASE,аэродром,взрыв,701822,Mariupol,Donets'k,Mariupol's'ka,37.54144,47.096703,REVIEW,REVIEW_NAME_ONLY_RU_SUPPORT,,,Mariupol,a_ukr_init_b,,a_ukr_b,0,a_rus_init_b,,a_rus_b,1,FALSE,FALSE,В Мариуполе раздались взрывы. Оккупанты жалуются на попадание по аэродрому – видео,REVIEW,FALSE
71452,20240713,1,1409999,espreso,https://espreso.tv/viyna-z-rosiyeyu-rf-atakuvala-pidstantsiyu-dtek-na-donechchini-poraneno-energetika,ENERGY_GRID_SUPPORT,підстанц,атак,695094,Ruttschenkowo,Donets'k,Donets'ka,37.675289,47.955082,DROP,DROP_LOCATION_NOT_RU,,,,a_ukr_init_b,,a_ukr_b,0,a_rus_init_b,,a_rus_b,0,FALSE,FALSE,РФ атакувала підстанцію ДТЕК на Донеччині: поранено енергетика,MACHINE_NONCANDIDATE,FALSE
127702,20240714,1,1412501,espreso,https://espreso.tv/viyna-z-rosiyeyu-pozhezhi-na-viyskovomu-aerodromi-akhtubinsk-bpla-bilya-moskvi-ta-bavovna-u-timchasovo-okupovanomu-mariupoli-de-v-rosiyan-vibukhalo-ta-palalo-tsogo-tizhnya,STRATEGIC_AIRBASE,аеродром,Пожеж|вибух,701822,Mariupol,Donets'k,Mariupol's'ka,37.54144,47.096703,REVIEW,REVIEW_NAME_ONLY_RU_SUPPORT,,,Mariupol,a_ukr_init_b,,a_ukr_b,0,a_rus_init_b,,a_rus_b,1,FALSE,FALSE,"Пожежі на військовому аеродромі Ахтубінськ, БПЛА біля Москви та бавовна у тимчасово окупованому Маріуполі: де в росіян вибухало та палало цього тижня",REVIEW,FALSE
59359,20240715,1,1414852,espreso,https://espreso.tv/viyna-z-rosiyeyu-okupanti-zayavili-pro-ataku-na-krim-ta-lipetsku-oblast-rf,ENERGY_GRID_SUPPORT,підстанц,атак|дрон,693805,Simferopol,Crimea,Simferopol's'ka,34.0994127132379,44.9536335,REVIEW,REVIEW_DISPUTED_CRIMEA,,,,a_ukr_init_b,,a_ukr_b,0,a_rus_init_b,,a_rus_b,1,FALSE,FALSE,Окупанти заявили про атаку на Крим і три області РФ: під Липецьком дрон впав на електропідстанцію,REVIEW,FALSE
316751,20240716,1,1417285,espreso,https://zahid.espreso.tv/novyny-volyni-zasudili-agenta-fsb-yakiy-skoriguvav-raketniy-udar-po-lutskomu-aerodromu,STRATEGIC_AIRBASE,аеродром,ракет|удар,8341109,Olhanivka,Volyn,Kivertsivs'kyi,25.383264,50.888524,DROP,DROP_LOCATION_NOT_RU,,,,a_ukr_init_b,,a_ukr_b,0,a_rus_init_b,,a_rus_b,0,FALSE,FALSE,Скоригував ракетний удар по Луцькому військовому аеродрому: агента ФСБ засудили до 12 років тюрми,MACHINE_NONCANDIDATE,FALSE
137289,20240716,1,1690609,pravdaua,https://www.pravda.com.ua/news/2024/07/16/7465992/,STRATEGIC_AIRBASE,аеродром,удар,702569,Lutsk,Volyn,Luts'ka,25.325412,50.74731,DROP,DROP_LOCATION_NOT_RU,,,,a_ukr_init_b,,a_ukr_b,0,a_rus_init_b,,a_rus_b,0,FALSE,FALSE,"12 років за ґратами отримав музикант, який коригував удар РФ про аеродрому в Луцьку.",MACHINE_NONCANDIDATE,FALSE
187447,20240716,1,1728126,unian,https://www.unian.ua/war/viyskoviy-pro-harkivshchinu-zsu-spodivayutsya-na-dozvil-atakuvati-aerodromi-protivnika-novini-harkova-12698028.html,STRATEGIC_AIRBASE,аеродром,атак,705183,Slobozhans'ke,Kharkiv,Zmiïvs'kyi,36.505117,49.61494,DROP,DROP_LOCATION_NOT_RU,,,,a_ukr_init_b,,a_ukr_b,1,a_rus_init_b,,a_rus_b,0,TRUE,FALSE,Військовий про Харківщину: ЗСУ сподіваються на дозвіл атакувати аеродроми противника,MACHINE_NONCANDIDATE,FALSE
249919,20240717,4,1421768,ria,https://ria.ru/20240717/svo-1960222505.html,AMMUNITION_ARSENAL,склада боеприпас,уничтож,709930,Dnipro,Dnipropetrovs'k,Dnipropetrovs'ka,35.046181,48.464717,DROP,DROP_LOCATION_NOT_RU,,,,a_ukr_init_b,,a_ukr_b,0,a_rus_init_b,,a_rus_b,0,TRUE,FALSE,"Группировка """"Днепр"""" уничтожила танк и три склада боеприпасов ВСУ",MACHINE_NONCANDIDATE,FALSE
339938,20240717,1,1421777,ria,https://ria.ru/20240717/udar-1960276846.html,ENERGY_GRID_SUPPORT,подстанц,удар,10951287,Vesele,Zaporizhzhya,Tokmats'kyi,35.767196,47.178945,DROP,DROP_LOCATION_NOT_RU,,,,a_ukr_init_b,,a_ukr_b,0,a_rus_init_b,,a_rus_b,0,TRUE,FALSE,ВСУ нанесли два удара по электроподстанциям в Запорожской области,MACHINE_NONCANDIDATE,FALSE
170787,20240718,2,1421808,ria,https://ria.ru/20240718/kremenchug-1960393201.html,REFINING_PETROCHEM_GAS,НПЗ,удар,704147,Kremenchuk,Poltava,Kremenchuts'kyi,33.410241,49.065499,DROP,DROP_LOCATION_NOT_RU,,,,a_ukr_init_b,,a_ukr_b,0,a_rus_init_b,,a_rus_b,0,FALSE,FALSE,Подполье сообщило о мощной детонации в районе НПЗ в Кременчуге после ударов,MACHINE_NONCANDIDATE,FALSE
116962,20240718,1,1421809,ria,https://ria.ru/20240718/aerodrom-1960393612.html,STRATEGIC_AIRBASE,аэродром,удар,701075,Myrhorod,Poltava,Myrhorods'kyi,33.611455,49.965752,DROP,DROP_LOCATION_NOT_RU,,,,a_ukr_init_b,,a_ukr_b,0,a_rus_init_b,,a_rus_b,0,FALSE,FALSE,"ВС России ударили по военному аэродрому в Миргороде, сообщило подполье",MACHINE_NONCANDIDATE,FALSE
59402,20240720,1,1728214,unian,https://www.unian.ua/war/viyna-v-ukrajini-ekspert-prokomentuvav-vibuhi-v-rayoni-rosiyskogo-aerodromu-millerovo-12703071.html,STRATEGIC_AIRBASE,аеродром,удар,693805,Simferopol,Crimea,Simferopol's'ka,34.0994127132379,44.9536335,REVIEW,REVIEW_DISPUTED_CRIMEA,,,,a_ukr_init_b,,a_ukr_b,0,a_rus_init_b,,a_rus_b,0,FALSE,FALSE,"Відновили для захоплення Криму: експерт прокоментував удар по аеродрому """"Міллерово""""",REVIEW,FALSE
59409,20240721,1,1429614,espreso,https://espreso.tv/viyna-z-rosiyeyu-pozhezhi-na-aerodromi-millerovo-droni-u-niztsi-oblastey-rf-ta-garyachiy-sezon-u-timchasovo-okupovanikh-krimu-y-mariupoli-de-v-rosiyan-vibukhalo-ta-palalo-tsogo-tizhnya,STRATEGIC_AIRBASE,аеродром,Пожеж|вибух|дрон,693805,Simferopol,Crimea,Simferopol's'ka,34.0994127132379,44.9536335,REVIEW,REVIEW_DISPUTED_CRIMEA,,,,a_ukr_init_b,,a_ukr_b,0,a_rus_init_b,,a_rus_b,1,FALSE,FALSE,"Пожежі на аеродромі """"Міллерово"""", дрони у низці областей РФ та гарячий сезон у тимчасово окупованих Криму й Маріуполі: де в росіян вибухало та палало цього тижня",REVIEW,FALSE
127716,20240721,1,1429615,espreso,https://espreso.tv/viyna-z-rosiyeyu-pozhezhi-na-aerodromi-millerovo-droni-u-niztsi-oblastey-rf-ta-garyachiy-sezon-u-timchasovo-okupovanikh-krimu-y-mariupoli-de-v-rosiyan-vibukhalo-ta-palalo-tsogo-tizhnya,STRATEGIC_AIRBASE,аеродром,Пожеж|вибух|дрон,701822,Mariupol,Donets'k,Mariupol's'ka,37.54144,47.096703,REVIEW,REVIEW_NAME_ONLY_RU_SUPPORT,,,Mariupol,a_ukr_init_b,,a_ukr_b,0,a_rus_init_b,,a_rus_b,1,FALSE,FALSE,"Пожежі на аеродромі """"Міллерово"""", дрони у низці областей РФ та гарячий сезон у тимчасово окупованих Криму й Маріуполі: де в росіян вибухало та палало цього тижня",REVIEW,FALSE
27977,20240722,1,1637743,meduza,https://t.me/DeepStateUA/19985,DEFENSE_INDUSTRY,военным на новых позициях на территории  Волчанскомго агрегатного завод,Удар|дрон,689304,Vovchansk,Kharkiv,Vovchans'kyi,36.944919,50.292266,REVIEW,REVIEW_COORDINATE_NEAR_RU,9.890,6730389,Shebekino Pole,a_ukr_init_b,,a_ukr_b,0,a_rus_init_b,,a_rus_b,1,TRUE,FALSE,Удар украинского гусеничного наземного дрона по российским военным на новых позициях на территории  Волчанскомго агрегатного завода.,REVIEW,FALSE
5300,20240723,1,1438811,ria,https://ria.ru/20240723/podpole-1961545512.html,STRATEGIC_AIRBASE,аэродром,удар,687184,Kryvorizhzhya,Mykolayiv,Novoodes'kyi,31.767249,47.394622,DROP,DROP_LOCATION_NOT_RU,,,,a_ukr_init_b,,a_ukr_b,0,a_rus_init_b,,a_rus_b,0,TRUE,FALSE,Подполье сообщило об ударе по району аэродрома ВСУ в Николаевской области,MACHINE_NONCANDIDATE,FALSE
317617,20240723,1,1690808,pravdaua,https://www.epravda.com.ua/news/2024/07/23/717005/,ENERGY_GRID_SUPPORT,підстанц,атак,8419787,Zakumske,Sumy,Sums'kyi,34.649116,50.955371,DROP,DROP_LOCATION_NOT_RU,,,,a_ukr_init_b,,a_ukr_b,0,a_rus_init_b,,a_rus_b,0,FALSE,FALSE,У Сумській області знеструмлювалися підстанції через ворожу атаку БПЛА на енергообʼєкт.,MACHINE_NONCANDIDATE,FALSE
98278,20240724,1,1438839,ria,https://ria.ru/20240724/port-1961619458.html,FUEL_STORAGE_TERMINAL,нефтебаз,взрыв,698740,Odessa,Odessa,Odes'ka,30.731689,46.484213,DROP,DROP_LOCATION_NOT_RU,,,,a_ukr_init_b,,a_ukr_b,0,a_rus_init_b,,a_rus_b,0,TRUE,FALSE,Украинские СМИ сообщили о взрыве в порту и нефтебазе в Одесской области,MACHINE_NONCANDIDATE,FALSE
269370,20240725,1,1441224,ria,https://ria.ru/20240725/aerodrom-1961858031.html,STRATEGIC_AIRBASE,аэродром,удар,711660,Boryspil,Kiev,Boryspil's'ka,30.950743,50.351191,DROP,DROP_LOCATION_NOT_RU,,,,a_ukr_init_b,,a_ukr_b,0,a_rus_init_b,,a_rus_b,1,FALSE,FALSE,"ВС России ударили по аэродрому в Борисполе, сообщило подполье",MACHINE_NONCANDIDATE,FALSE
59428,20240726,1,1441650,espreso,https://espreso.tv/peremoga-ukraini-peremozhni-novini-884-go-dnya-viyni-udari-po-aerodromu-v-okupovanomu-krimu-es-vidiliv-ukraini-15-mlrd-evro-iz-zamorozhenikh-aktiviv-rf,STRATEGIC_AIRBASE,аеродром,удар,693805,Simferopol,Crimea,Simferopol's'ka,34.0994127132379,44.9536335,REVIEW,REVIEW_DISPUTED_CRIMEA,,,,a_ukr_init_b,,a_ukr_b,0,a_rus_init_b,,a_rus_b,0,TRUE,FALSE,"Переможні новини 884-го дня війни: удари по аеродрому в окупованому Криму, ЄС виділив Україні 1,5 млрд євро із заморожених активів РФ",REVIEW,FALSE
59432,20240726,1,1441677,interfaxua,https://interfax.com.ua/news/general/1002928.html,STRATEGIC_AIRBASE,аеродром,удар,693805,Simferopol,Crimea,Simferopol's'ka,34.0994127132379,44.9536335,REVIEW,REVIEW_DISPUTED_CRIMEA,,,,a_ukr_init_b,,a_ukr_b,1,a_rus_init_b,,a_rus_b,0,TRUE,FALSE,"Сили оборони України минулої ночі завдали удару по аеродрому """"Саки"""" в Криму - Генштаб ЗСУ",REVIEW,FALSE
59433,20240726,1,1652069,liga,https://news.liga.net/politics/news/sily-oborony-udarili-raketami-po-aerodromu-saki-v-okkupirovannom-krymu,STRATEGIC_AIRBASE,аэродром,ракет|удар,693805,Simferopol,Crimea,Simferopol's'ka,34.0994127132379,44.9536335,REVIEW,REVIEW_DISPUTED_CRIMEA,,,,a_ukr_init_b,,a_ukr_b,0,a_rus_init_b,,a_rus_b,1,FALSE,FALSE,"Силы обороны ударили ракетами по аэродрому """"Саки"""" в оккупированном Крыму – фото, видео",REVIEW,FALSE
59425,20240726,1,1690894,pravdaua,https://www.pravda.com.ua/news/2024/07/26/7467527/,STRATEGIC_AIRBASE,аеродром,удар,693805,Simferopol,Crimea,Simferopol's'ka,34.0994127132379,44.9536335,REVIEW,REVIEW_DISPUTED_CRIMEA,,,,a_ukr_init_b,,a_ukr_b,0,a_rus_init_b,,a_rus_b,0,FALSE,FALSE,"У Генштабі підтвердили удар по аеродрому """"Саки"""" в тимчасово окупованому Криму.",REVIEW,FALSE
59427,20240726,2,1690900|1728323,pravdaua|unian,https://www.pravda.com.ua/news/2024/07/26/7467481/|https://www.unian.ua/war/vibuhi-v-krimu-26-lipnya-povidomlyayut-pro-priloti-z-aerodromu-saki-video-12708462.html,STRATEGIC_AIRBASE,аеродром,вибух,693805,Simferopol,Crimea,Simferopol's'ka,34.0994127132379,44.9536335,REVIEW,REVIEW_DISPUTED_CRIMEA,,,,a_ukr_init_b,,a_ukr_b,0,a_rus_init_b,,a_rus_b,0,FALSE,FALSE,"У Криму пролунали вибухи: горить аеродром """"Саки"""" та чути детонацію боєприпасів. || Уночі в Криму лунали вибухи: повідомляється про """"прильоти"""" по аеродрому """"Саки"""" (відео)",REVIEW,FALSE
59426,20240726,1,1728324,unian,https://www.unian.ua/war/aerodrom-saki-v-krimu-z-yavilasya-informaciya-pro-udar-raketami-atacms-12708498.html,STRATEGIC_AIRBASE,аеродром,Атак|ракет|удар,693805,Simferopol,Crimea,Simferopol's'ka,34.0994127132379,44.9536335,REVIEW,REVIEW_DISPUTED_CRIMEA,,,,a_ukr_init_b,,a_ukr_b,0,a_rus_init_b,,a_rus_b,0,FALSE,FALSE,"Атака на аеродром """"Саки"""" у Криму: з'явилася інформація про удар ракетами ATACMS",REVIEW,FALSE
117176,20240727,1,1444027,liveuamap,https://t.me/GeneralStaffZSU/16348,STRATEGIC_AIRBASE,аеродром,удар,701243,Mikhaylovka,Crimea,Saks'kyi,33.5986,45.09416,REVIEW,REVIEW_DISPUTED_CRIMEA,,,,a_ukr_init_b,,a_ukr_b,1,a_rus_init_b,,a_rus_b,0,TRUE,FALSE,Генштаб ЗСУ підтвердив нічні удари по аеродрому Саки в окупованому Криму,REVIEW,FALSE
314912,20240727,1,1453684,liveuamap,https://t.me/Crimeanwind/64443,STRATEGIC_AIRBASE,аеродром,вибух,7039154,Novofedorovka,Crimea,Saks'kyi,33.58666,45.08635,REVIEW,REVIEW_DISPUTED_CRIMEA,,,,a_ukr_init_b,,a_ukr_b,0,a_rus_init_b,,a_rus_b,0,FALSE,FALSE,На аеродромі Саки пролунали вибухи,REVIEW,FALSE
117177,20240728,1,1444051,liveuamap,https://t.me/GeneralStaffZSU/16348,STRATEGIC_AIRBASE,аеродром,удар,701243,Mikhaylovka,Crimea,Saks'kyi,33.5986,45.09416,REVIEW,REVIEW_DISPUTED_CRIMEA,,,,a_ukr_init_b,,a_ukr_b,1,a_rus_init_b,,a_rus_b,0,TRUE,FALSE,Генштаб ЗСУ підтвердив нічні удари по аеродрому Саки в окупованому Криму,REVIEW,FALSE
59435,20240728,1,1446350,espreso,https://espreso.tv/viyna-z-rosiyeyu-ukrainski-droni-na-aerodromi-olenya-pozhezha-v-tuapse-ta-vibukhi-u-timchasovo-okupovanomu-krimu-de-v-rosiyan-vibukhalo-ta-palalo-tsogo-tizhnya,STRATEGIC_AIRBASE,аеродром,вибух|дрон|пожеж,693805,Simferopol,Crimea,Simferopol's'ka,34.0994127132379,44.9536335,REVIEW,REVIEW_DISPUTED_CRIMEA,,,,a_ukr_init_b,,a_ukr_b,0,a_rus_init_b,,a_rus_b,1,TRUE,FALSE,"Українські дрони на аеродромі """"Оленья"""", пожежа в Туапсе та вибухи в тимчасово окупованому Криму: де в росіян вибухало та палало цього тижня",REVIEW,FALSE
314914,20240728,1,1453731,liveuamap,https://t.me/Crimeanwind/64443,STRATEGIC_AIRBASE,аеродром,вибух,7039154,Novofedorovka,Crimea,Saks'kyi,33.58666,45.08635,REVIEW,REVIEW_DISPUTED_CRIMEA,,,,a_ukr_init_b,,a_ukr_b,0,a_rus_init_b,,a_rus_b,0,FALSE,FALSE,На аеродромі Саки пролунали вибухи,REVIEW,FALSE
19204,20240729,1,1446574,liveuamap,https://t.me/itsdonetsk/180957,ENERGY_GRID_SUPPORT,підстанц,безпілот|удар,688373,Yasynuvata,Donets'k,Iasynuvats'kyi,37.86575,48.12613,DROP,DROP_LOCATION_NOT_RU,,,,a_ukr_init_b,,a_ukr_b,0,a_rus_init_b,,a_rus_b,0,FALSE,FALSE,Часткове відключення світла в Ясинуватій через удар безпілотника по підстанції,MACHINE_NONCANDIDATE,FALSE
59440,20240729,1,1690948,pravdaua,https://www.pravda.com.ua/news/2024/07/29/7467924/,STRATEGIC_AIRBASE,аеродром,атак,693805,Simferopol,Crimea,Simferopol's'ka,34.0994127132379,44.9536335,REVIEW,REVIEW_DISPUTED_CRIMEA,,,,a_ukr_init_b,,a_ukr_b,0,a_rus_init_b,,a_rus_b,1,TRUE,FALSE,"Супутники зафіксували наслідки атаки ЗСУ по аеродрому """"Саки"""" в Криму.",REVIEW,FALSE
250005,20240730,2,1453189,ria,https://ria.ru/20240730/svo-1962906743.html,AMMUNITION_ARSENAL,склада боеприпас,уничтож,709930,Dnipro,Dnipropetrovs'k,Dnipropetrovs'ka,35.046181,48.464717,DROP,DROP_LOCATION_NOT_RU,,,,a_ukr_init_b,,a_ukr_b,0,a_rus_init_b,,a_rus_b,0,TRUE,FALSE,"Группировка """"Днепр"""" уничтожила четыре склада боеприпасов ВСУ",MACHINE_NONCANDIDATE,FALSE
250006,20240730,1,1690983,pravdaua,https://www.epravda.com.ua/news/2024/07/30/717321/,ENERGY_GRID_SUPPORT,підстанц,дрон,709930,Dnipro,Dnipropetrovs'k,Dnipropetrovs'ka,35.046181,48.464717,DROP,DROP_LOCATION_NOT_RU,,,,a_ukr_init_b,,a_ukr_b,0,a_rus_init_b,,a_rus_b,1,FALSE,FALSE,Російський дрон пошкодив підстанцію у Дніпропетровській області.,MACHINE_NONCANDIDATE,FALSE
19205,20240730,1,1867412,liveuamap,https://t.me/itsdonetsk/180957,ENERGY_GRID_SUPPORT,підстанц,безпілот|удар,688373,Yasynuvata,Donets'k,Iasynuvats'kyi,37.86575,48.12613,DROP,DROP_LOCATION_NOT_RU,,,,a_ukr_init_b,,a_ukr_b,0,a_rus_init_b,,a_rus_b,0,FALSE,FALSE,Часткове відключення світла в Ясинуватій через удар безпілотника по підстанції,MACHINE_NONCANDIDATE,FALSE
218288,20240731,2,1451329,liveuamap,https://t.me/mash/56278,ENERGY_GRID_SUPPORT,підстанц,пожеж,706524,Kerch,Crimea,Kerchens'ka,36.45333,45.35706,REVIEW,REVIEW_DISPUTED_CRIMEA,,,,a_ukr_init_b,,a_ukr_b,0,a_rus_init_b,,a_rus_b,0,FALSE,FALSE,Знеструмлення в Керчі через пожежі на 4 електропідстанціях міста,REVIEW,FALSE
337854,20240731,1,1455639,ria,https://ria.ru/20240731/vzryv-1963071493.html,STRATEGIC_AIRBASE,аэродром,взрыв,10361692,Demianivka,Dnipropetrovs'k,Shyrokivs'kyi,33.156188,47.683323,DROP,DROP_LOCATION_NOT_RU,,,,a_ukr_init_b,,a_ukr_b,0,a_rus_init_b,,a_rus_b,0,FALSE,FALSE,Подполье: взрыв прогремел в районе военного аэродрома Кривого Рога,MACHINE_NONCANDIDATE,FALSE
341073,20240731,1,1455640,ria,https://ria.ru/20240731/vzryv-1963071493.html,STRATEGIC_AIRBASE,аэродром,взрыв,11147681,Kryvyy Rih,Dnipropetrovs'k,KryvyiRig,33.442544,47.919883,DROP,DROP_LOCATION_NOT_RU,,,,a_ukr_init_b,,a_ukr_b,0,a_rus_init_b,,a_rus_b,0,FALSE,FALSE,Подполье: взрыв прогремел в районе военного аэродрома Кривого Рога,MACHINE_NONCANDIDATE,FALSE
161909,20240731,3,1690998,pravdaua,https://www.pravda.com.ua/news/2024/07/31/7468337/,AMMUNITION_ARSENAL,арсенал,дрон,703448,Kyiv,Kiev City,Shevchenkivs'kyi,30.5271622858608,50.4485578,DROP,DROP_LOCATION_NOT_RU,,,,a_ukr_init_b,,a_ukr_b,0,a_rus_init_b,,a_rus_b,0,FALSE,FALSE,"У Київській області в межах дерусифікації перейменували 316 вулиць. 13-та бригада НГУ """"Хартія"""" оголосила найбільший свій збір – для придбання арсеналу дронів та обладнання до них.",MACHINE_NONCANDIDATE,FALSE
218289,20240801,2,1867604,liveuamap,https://t.me/mash/56278,ENERGY_GRID_SUPPORT,підстанц,пожеж,706524,Kerch,Crimea,Kerchens'ka,36.45333,45.35706,REVIEW,REVIEW_DISPUTED_CRIMEA,,,,a_ukr_init_b,,a_ukr_b,0,a_rus_init_b,,a_rus_b,0,FALSE,FALSE,Знеструмлення в Керчі через пожежі на 4 електропідстанціях міста,REVIEW,FALSE
250027,20240802,1,1460403,ria,https://ria.ru/20240802/svo-1963717566.html,AMMUNITION_ARSENAL,складов боеприпас,уничтож,709930,Dnipro,Dnipropetrovs'k,Dnipropetrovs'ka,35.046181,48.464717,DROP,DROP_LOCATION_NOT_RU,,,,a_ukr_init_b,,a_ukr_b,0,a_rus_init_b,,a_rus_b,0,TRUE,FALSE,"Группировка """"Днепр"""" уничтожила девять складов боеприпасов ВСУ за неделю",MACHINE_NONCANDIDATE,FALSE
5308,20240805,1,1467587,ria,https://ria.ru/20240805/podpole-1964225338.html,STRATEGIC_AIRBASE,аэродром,удар,687184,Kryvorizhzhya,Mykolayiv,Novoodes'kyi,31.767249,47.394622,DROP,DROP_LOCATION_NOT_RU,,,,a_ukr_init_b,,a_ukr_b,0,a_rus_init_b,,a_rus_b,0,FALSE,FALSE,Подполье сообщило об ударе по аэродрому для F-16 в Николаевской области,MACHINE_NONCANDIDATE,FALSE
41516,20240806,1,1465702,liveuamap,https://t.me/war_monitor/19376,STRATEGIC_AIRBASE,авіабаз,безпілот,692116,Svechkino,Sumy,Konotops'kyi,33.47809,51.25947,REVIEW,REVIEW_NAME_ONLY_RU_SUPPORT,,,Svechkino,a_ukr_init_b,,a_ukr_b,0,a_rus_init_b,,a_rus_b,0,FALSE,FALSE,Над Конотопським районом Сумської області в західному напрямку літають 3 безпілотники Shahed з напрямку авіабази Халіно.,REVIEW,FALSE
250047,20240806,2,1467611,ria,https://ria.ru/20240806/morpekhi-1964304061.html,AMMUNITION_ARSENAL,склад боеприпас,уничтож,709930,Dnipro,Dnipropetrovs'k,Dnipropetrovs'ka,35.046181,48.464717,DROP,DROP_LOCATION_NOT_RU,,,,a_ukr_init_b,,a_ukr_b,0,a_rus_init_b,,a_rus_b,0,TRUE,FALSE,"Морпехи группировки """"Днепр"""" уничтожили склад боеприпасов ВСУ",MACHINE_NONCANDIDATE,FALSE
59479,20240806,1,1467979,espreso,https://espreso.tv/peremoga-ukraini-peremozhni-novini-895-go-dnya-viyni-sbs-znishchili-rosiyskiy-zoopark-za-25-mln-u-krimu-pozhezha-v-rayoni-viyskovogo-aerodromu,STRATEGIC_AIRBASE,аеродром,знищ|пожеж,693805,Simferopol,Crimea,Simferopol's'ka,34.0994127132379,44.9536335,REVIEW,REVIEW_DISPUTED_CRIMEA,,,,a_ukr_init_b,,a_ukr_b,0,a_rus_init_b,,a_rus_b,0,FALSE,FALSE,"Переможні новини 895-го дня війни: СБС знищили російський """"Зоопарк"""" за $25 млн, у Криму пожежа в районі військового аеродрому",REVIEW,FALSE
222347,20240807,1,1472249,ria,https://ria.ru/20240807/podpole-1964572160.html,STRATEGIC_AIRBASE,аэродром,удар,707153,Kalinovka,Khmel'nyts'kyy,Khmel'nyts'kyi,26.92966,49.507388,REVIEW,REVIEW_NAME_ONLY_RU_SUPPORT,,,Kalinovka,a_ukr_init_b,,a_ukr_b,0,a_rus_init_b,,a_rus_b,0,FALSE,FALSE,Подполье сообщило об ударе в районе аэродрома в Хмельницкой области,REVIEW,FALSE
314536,20240807,1,1475042,liveuamap,https://t.me/Crimeanwind/65044,AMMUNITION_ARSENAL,складі боєприпас,вибух,6981497,Zvezdnoye,Crimea,Krasnohvardiis'kyi,34.08929,45.26849,REVIEW,REVIEW_DISPUTED_CRIMEA,,,,a_ukr_init_b,,a_ukr_b,0,a_rus_init_b,,a_rus_b,0,FALSE,FALSE,"Повідомляється про вибух на складі боєприпасів поблизу Жовтневого окупованого Криму. Залізницю закрили на 2 години, - повідомляє влада",REVIEW,FALSE
314537,20240807,1,1475043,liveuamap,https://t.me/channel24_ua/142232,STRATEGIC_AIRBASE,аеродром,вибух,6981497,Zvezdnoye,Crimea,Krasnohvardiis'kyi,34.07191,45.31133,REVIEW,REVIEW_DISPUTED_CRIMEA,,,,a_ukr_init_b,,a_ukr_b,0,a_rus_init_b,,a_rus_b,0,FALSE,FALSE,Біля аеродрому Октябрське в окупованому Криму пролунали вибухи,REVIEW,FALSE
41517,20240807,1,1868289,liveuamap,https://t.me/war_monitor/19376,STRATEGIC_AIRBASE,авіабаз,безпілот,692116,Svechkino,Sumy,Konotops'kyi,33.47809,51.25947,REVIEW,REVIEW_NAME_ONLY_RU_SUPPORT,,,Svechkino,a_ukr_init_b,,a_ukr_b,0,a_rus_init_b,,a_rus_b,0,FALSE,FALSE,Над Конотопським районом Сумської області в західному напрямку літають 3 безпілотники Shahed з напрямку авіабази Халіно.,REVIEW,FALSE
314538,20240808,1,1475141,liveuamap,https://t.me/Crimeanwind/65044,AMMUNITION_ARSENAL,складі боєприпас,вибух,6981497,Zvezdnoye,Crimea,Krasnohvardiis'kyi,34.08929,45.26849,REVIEW,REVIEW_DISPUTED_CRIMEA,,,,a_ukr_init_b,,a_ukr_b,0,a_rus_init_b,,a_rus_b,0,FALSE,FALSE,"Повідомляється про вибух на складі боєприпасів поблизу Жовтневого окупованого Криму. Залізницю закрили на 2 години, - повідомляє влада",REVIEW,FALSE
314539,20240808,1,1475142,liveuamap,https://t.me/channel24_ua/142232,STRATEGIC_AIRBASE,аеродром,вибух,6981497,Zvezdnoye,Crimea,Krasnohvardiis'kyi,34.07191,45.31133,REVIEW,REVIEW_DISPUTED_CRIMEA,,,,a_ukr_init_b,,a_ukr_b,0,a_rus_init_b,,a_rus_b,0,FALSE,FALSE,Біля аеродрому Октябрське в окупованому Криму пролунали вибухи,REVIEW,FALSE
71691,20240809,2,1474925,espreso,https://espreso.tv/viyna-z-rosiyeyu-rosiya-zvinuvatila-ukrainu-v-atatsi-na-lipetsk-vibukhi-ta-pozhezhu-fiksuvali-bilya-aerodromu,STRATEGIC_AIRBASE,аеродром,знищ,695094,Ruttschenkowo,Donets'k,Donets'ka,37.675289,47.955082,DROP,DROP_LOCATION_NOT_RU,,,,a_ukr_init_b,,a_ukr_b,1,a_rus_init_b,,a_rus_b,0,TRUE,FALSE,"ЗСУ вразили військовий аеродром """"Липецьк"""", де базувалися МіГ-31 і Су-35, та знищили засоби ППО на ТОТ Донеччини",MACHINE_NONCANDIDATE,FALSE
144764,20240810,1,1475296,liveuamap,https://t.me/GeneralStaffZSU/16555,AMMUNITION_ARSENAL|STRATEGIC_AIRBASE,аеродром|складу боєприпас,знищ|ракет|удар,703037,Lypetske,Odessa,Kotovs'kyi,29.684918,47.741477,DROP,DROP_LOCATION_NOT_RU,,,,a_ukr_init_b,,a_ukr_b,0,a_rus_init_b,,a_rus_b,0,TRUE,FALSE,"Генштаб України підтвердив удар по Липецькому аеродрому, повідомляє про знищення систем ППО, складу боєприпасів з ракетами та іншої інфраструктури",MACHINE_NONCANDIDATE,FALSE
144763,20240810,1,1475322,liveuamap,https://t.me/tass_agency/265309,STRATEGIC_AIRBASE,аеродром,вибух,703037,Lypetske,Odessa,Kotovs'kyi,29.684918,47.741477,DROP,DROP_LOCATION_NOT_RU,,,,a_ukr_init_b,,a_ukr_b,0,a_rus_init_b,,a_rus_b,0,FALSE,FALSE,9 поранених внаслідок вибухів на Липецькому аеродромі,MACHINE_NONCANDIDATE,FALSE
144762,20240810,1,1475324,liveuamap,https://t.me/astrapress/61497,AMMUNITION_ARSENAL|STRATEGIC_AIRBASE,аеродром|складі боєприпас,вибух,703037,Lypetske,Odessa,Kotovs'kyi,29.684918,47.741477,DROP,DROP_LOCATION_NOT_RU,,,,a_ukr_init_b,,a_ukr_b,0,a_rus_init_b,,a_rus_b,0,FALSE,FALSE,Під Липецьком евакуюють 4 села через вибухи на складі боєприпасів на Липецькому аеродромі,MACHINE_NONCANDIDATE,FALSE
187567,20240810,1,1477639,espreso,https://zahid.espreso.tv/viyna-z-rosiyeyu-volinski-biytsi-znishchili-na-kharkivshchini-polovi-skladi-okupantiv-z-palnim-i-boepripasami,AMMUNITION_ARSENAL,склади окупантів з пальним і боєприпас,знищ,705183,Slobozhans'ke,Kharkiv,Zmiïvs'kyi,36.505117,49.61494,DROP,DROP_LOCATION_NOT_RU,,,,a_ukr_init_b,,a_ukr_b,1,a_rus_init_b,,a_rus_b,0,FALSE,FALSE,Волинські бійці знищили на Харківщині польові склади окупантів з пальним і боєприпасами,MACHINE_NONCANDIDATE,FALSE
59514,20240811,1,1480030,espreso,https://espreso.tv/viyna-z-rosiyeyu-pozhezha-na-gazopererobnomu-zavodi-v-komi-urazheniy-aerodrom-v-lipetsku-ta-znishcheniy-tunets-bilya-timchasovo-okupovanogo-krimu-de-v-rosiyan-vibukhalo-ta-palalo-tsogo-tizhnya,STRATEGIC_AIRBASE,аеродром,Пожеж|вибух|знищ,693805,Simferopol,Crimea,Simferopol's'ka,34.0994127132379,44.9536335,REVIEW,REVIEW_DISPUTED_CRIMEA,,,,a_ukr_init_b,,a_ukr_b,0,a_rus_init_b,,a_rus_b,1,FALSE,FALSE,"Пожежа на газопереробному заводі в Комі, уражений аеродром в Липецьку та знищений """"Тунець"""" біля тимчасово окупованого Криму: де в росіян вибухало та палало цього тижня",REVIEW,FALSE
5317,20240812,1,1482027,ria,https://ria.ru/20240812/spetsoperatsiya-1965586027.html,STRATEGIC_AIRBASE,аэродром,удар,687184,Kryvorizhzhya,Mykolayiv,Novoodes'kyi,31.767249,47.394622,DROP,DROP_LOCATION_NOT_RU,,,,a_ukr_init_b,,a_ukr_b,0,a_rus_init_b,,a_rus_b,0,FALSE,FALSE,Подполье рассказало об ударе по аэродрому в Николаевской области,MACHINE_NONCANDIDATE,FALSE
15897,20240812,1,1484211,ria,https://ria.ru/20240812/rogov-1965713614.html,AMMUNITION_ARSENAL,склады ВСУ с боеприпас,уничтож,687700,Zaporizhzhya,Zaporizhzhya,Zaporiz'ka,35.138851,47.838312,DROP,DROP_LOCATION_NOT_RU,,,,a_ukr_init_b,,a_ukr_b,0,a_rus_init_b,,a_rus_b,1,TRUE,FALSE,"ВС России уничтожили склады ВСУ с боеприпасами в Запорожье, заявил Рогов",MACHINE_NONCANDIDATE,FALSE
334384,20240813,1,1637871,meduza,https://t.me/rian_ru/257618,STRATEGIC_AIRBASE,аэродром,ракет|удар|уничтож,10172822,Aviatorske,Dnipropetrovs'k,Dnipropetrovs'ka,35.081659,48.358735,DROP,DROP_LOCATION_NOT_RU,,,,a_ukr_init_b,,a_ukr_b,0,a_rus_init_b,,a_rus_b,0,TRUE,FALSE,"Бомбардировщик Су-24 ВСУ уничтожен ракетным ударом на аэродроме """"""""Авиаторское"""""""" под Днепром.",MACHINE_NONCANDIDATE,FALSE
15915,20240814,1,1484598,espreso,https://espreso.tv/peremoga-ukraini-peremozhni-novini-903-go-dnya-viyni-zbittya-rosiyskogo-su-34-u-kurskiy-oblasti-uspishna-ataka-sil-oboroni-na-aerodrom-savasleyka-ta-znishchennya-vorozhoi-kasti-na-zaporizhzhi,STRATEGIC_AIRBASE,аеродром,атак|знищ,687700,Zaporizhzhya,Zaporizhzhya,Zaporiz'ka,35.138851,47.838312,DROP,DROP_LOCATION_NOT_RU,,,,a_ukr_init_b,,a_ukr_b,0,a_rus_init_b,,a_rus_b,0,FALSE,FALSE,"Переможні новини 903-го дня війни: збиття російського Су-34 у Курській області, успішна атака Сил оборони на аеродром """"Саваслєйка"""" та знищення ворожої """"Касти"""" на Запоріжжі",MACHINE_NONCANDIDATE,FALSE
250094,20240817,1,1652226,liga,https://news.liga.net/politics/news/rossiya-zayavila-ob-atake-na-aerodrom-v-dnepre-v-vozdushnyh-silah-podtverdili-poteryu-mig-29,STRATEGIC_AIRBASE,аэродром,атак,709930,Dnipro,Dnipropetrovs'k,Dnipropetrovs'ka,35.046181,48.464717,DROP,DROP_LOCATION_NOT_RU,,,,a_ukr_init_b,,a_ukr_b,0,a_rus_init_b,,a_rus_b,1,FALSE,FALSE,Россия заявила об атаке на аэродром в Днепре. В Воздушных силах подтвердили потерю МиГ-29,MACHINE_NONCANDIDATE,FALSE
250095,20240818,4,1495412,ria,https://ria.ru/20240818/ukraina-1966885025.html,ENERGY_GRID_SUPPORT,подстанц,пожар,709930,Dnipro,Dnipropetrovs'k,Dnipropetrovs'ka,35.046181,48.464717,DROP,DROP_LOCATION_NOT_RU,,,,a_ukr_init_b,,a_ukr_b,0,a_rus_init_b,,a_rus_b,0,FALSE,FALSE,На электроподстанции в Днепропетровской области произошел пожар,MACHINE_NONCANDIDATE,FALSE
59542,20240818,1,1493318,espreso,https://espreso.tv/viyna-z-rosiyeyu-uspishni-ataki-bpla-na-nizku-aerodromiv-rosii-vibukhi-u-timchasovo-okupovanomu-krimu-ta-pozhezha-pid-rostovom-de-v-rosiyan-vibukhalo-ta-palalo-tsogo-tizhnya,STRATEGIC_AIRBASE,аеродром,атак|вибух|пожеж,693805,Simferopol,Crimea,Simferopol's'ka,34.0994127132379,44.9536335,REVIEW,REVIEW_DISPUTED_CRIMEA,,,,a_ukr_init_b,,a_ukr_b,0,a_rus_init_b,,a_rus_b,1,FALSE,TRUE,"Успішні атаки БПЛА на низку аеродромів Росії, вибухи у тимчасово окупованому Криму та пожежа під Ростовом: де в росіян вибухало та палало цього тижня",REVIEW,FALSE
87830,20240819,1,1495443,ria,https://ria.ru/20240819/pavlograd-1966970996.html,AMMUNITION_ARSENAL,складу ВСУ с боеприпас,удар,697889,Pavlohrad,Dnipropetrovs'k,Pavlograd,35.870116,48.53181,DROP,DROP_LOCATION_NOT_RU,,,,a_ukr_init_b,,a_ukr_b,1,a_rus_init_b,,a_rus_b,0,TRUE,FALSE,Подполье сообщило об ударе по складу ВСУ с боеприпасами в Павлограде,MACHINE_NONCANDIDATE,FALSE
40299,20240820,2,1500430,ria,https://ria.ru/20240820/neft-1967250343.html,FUEL_STORAGE_TERMINAL,нефтехранил,удар,691650,Ternopil,Ternopil',Ternopil's'ka,25.59073,49.555958,DROP,DROP_LOCATION_NOT_RU,,,,a_ukr_init_b,,a_ukr_b,0,a_rus_init_b,,a_rus_b,0,FALSE,FALSE,Подполье сообщило об ударе по нефтехранилищу в Тернополе,MACHINE_NONCANDIDATE,FALSE
222674,20240820,1,1869430,liveuamap,https://t.me/hueviyherson/60940,AMMUNITION_ARSENAL,арсенал,Вибух,707244,Kakhovka,Kherson,Beryslavs'kyi,33.48298,46.8079,REVIEW,REVIEW_NAME_ONLY_RU_SUPPORT,,,Kakhovka,a_ukr_init_b,,a_ukr_b,0,a_rus_init_b,,a_rus_b,0,FALSE,FALSE,Вибухи на військовому арсеналі в Каховці,REVIEW,FALSE
89304,20240820,1,1869444,liveuamap,https://t.me/dnepr_operativ/70838,ENERGY_GRID_SUPPORT,підстанц,атак|пожеж,698071,Ozhenkivka,Dnipropetrovs'k,Pavlohrads'kyi,35.73166,48.51981,DROP,DROP_LOCATION_NOT_RU,,,,a_ukr_init_b,,a_ukr_b,0,a_rus_init_b,,a_rus_b,0,FALSE,FALSE,На Дніпропетровщині внаслідок атаки БПЛА на підстанцію виникла пожежа. Постраждав рятувальник - Міненерго,MACHINE_NONCANDIDATE,FALSE
19208,20240820,1,1869450,liveuamap,https://t.me/tass_agency/266945,ENERGY_GRID_SUPPORT,підстанц,безпілот|удар,688373,Yasynuvata,Donets'k,Iasynuvats'kyi,37.85254,48.13082,DROP,DROP_LOCATION_NOT_RU,,,,a_ukr_init_b,,a_ukr_b,0,a_rus_init_b,,a_rus_b,0,FALSE,FALSE,Знеструмлення в Ясинуватій на окупованій частині Донецької області після удару безпілотника по місцевій підстанції,MACHINE_NONCANDIDATE,FALSE
5325,20240821,2,1503007,ria,https://ria.ru/20240821/ukraina-1967526612.html,ENERGY_GRID_SUPPORT,подстанц,поврежд,687184,Kryvorizhzhya,Mykolayiv,Novoodes'kyi,31.767249,47.394622,DROP,DROP_LOCATION_NOT_RU,,,,a_ukr_init_b,,a_ukr_b,0,a_rus_init_b,,a_rus_b,0,TRUE,FALSE,В Николаевской области Украины заявили о повреждениях на подстанции,MACHINE_NONCANDIDATE,FALSE
222675,20240821,1,1869596,liveuamap,https://t.me/hueviyherson/60940,AMMUNITION_ARSENAL,арсенал,Вибух,707244,Kakhovka,Kherson,Beryslavs'kyi,33.48298,46.8079,REVIEW,REVIEW_NAME_ONLY_RU_SUPPORT,,,Kakhovka,a_ukr_init_b,,a_ukr_b,0,a_rus_init_b,,a_rus_b,0,FALSE,FALSE,Вибухи на військовому арсеналі в Каховці,REVIEW,FALSE
89305,20240821,1,1869610,liveuamap,https://t.me/dnepr_operativ/70838,ENERGY_GRID_SUPPORT,підстанц,атак|пожеж,698071,Ozhenkivka,Dnipropetrovs'k,Pavlohrads'kyi,35.73166,48.51981,DROP,DROP_LOCATION_NOT_RU,,,,a_ukr_init_b,,a_ukr_b,0,a_rus_init_b,,a_rus_b,0,FALSE,FALSE,На Дніпропетровщині внаслідок атаки БПЛА на підстанцію виникла пожежа. Постраждав рятувальник - Міненерго,MACHINE_NONCANDIDATE,FALSE
19209,20240821,1,1869616,liveuamap,https://t.me/tass_agency/266945,ENERGY_GRID_SUPPORT,підстанц,безпілот|удар,688373,Yasynuvata,Donets'k,Iasynuvats'kyi,37.85254,48.13082,DROP,DROP_LOCATION_NOT_RU,,,,a_ukr_init_b,,a_ukr_b,0,a_rus_init_b,,a_rus_b,0,FALSE,FALSE,Знеструмлення в Ясинуватій на окупованій частині Донецької області після удару безпілотника по місцевій підстанції,MACHINE_NONCANDIDATE,FALSE
250109,20240822,1,1505558,ria,https://ria.ru/20240822/spetsoperatsiya-1967776609.html,AMMUNITION_ARSENAL,склад боеприпас,уничтож,709930,Dnipro,Dnipropetrovs'k,Dnipropetrovs'ka,35.046181,48.464717,DROP,DROP_LOCATION_NOT_RU,,,,a_ukr_init_b,,a_ukr_b,0,a_rus_init_b,,a_rus_b,0,TRUE,FALSE,"Группировка """"Днепр"""" уничтожила до 70 украинских военных и склад боеприпасов",MACHINE_NONCANDIDATE,FALSE
81588,20240826,1,1513407,espreso,https://espreso.tv/viyna-z-rosiyeyu-dozvolit-shvidshe-dobiratisya-do-aerodromiv-voroga-aviaekspert-krivolap-pro-novu-ukrainsku-raketu-palyanitsya,STRATEGIC_AIRBASE,аеродром,дрон|ракет,696605,Palianytsia,Ivano-Frankivs'k,Iaremchans'ka,24.4443,48.348857,DROP,DROP_LOCATION_NOT_RU,,,,a_ukr_init_b,,a_ukr_b,0,a_rus_init_b,,a_rus_b,0,TRUE,FALSE,"Дозволить швидше добиратися до аеродромів ворога: авіаексперт Криволап про новий український ракето-дрон """"Паляниця""""",MACHINE_NONCANDIDATE,FALSE
162259,20240826,1,1870078,liveuamap,https://t.me/GeneralStaffZSU/16871,AMMUNITION_ARSENAL,склад боєприпас,вибух,703448,Kyiv,Kiev City,Shevchenkivs'kyi,30.52903,50.44425,DROP,DROP_LOCATION_NOT_RU,,,,a_ukr_init_b,,a_ukr_b,0,a_rus_init_b,,a_rus_b,0,TRUE,FALSE,Генеральний Штаб України: Сили оборони України успішно уразили польовий склад боєприпасів угруповання військ Захід російських окупантів в районі Острогожська Воронезької області. Зафіксовано щонайменше три вибухи та подальшу вторинну детонацію,MACHINE_NONCANDIDATE,FALSE
71846,20240827,1,1516111,interfaxua,https://interfax.com.ua/news/general/1009884.html,STRATEGIC_AIRBASE,аеродром,удар,695094,Ruttschenkowo,Donets'k,Donets'ka,37.675289,47.955082,DROP,DROP_LOCATION_NOT_RU,,,,a_ukr_init_b,,a_ukr_b,1,a_rus_init_b,,a_rus_b,0,TRUE,FALSE,СБУ затримала агента РФ - коригувальника ударів по військових шпиталях і аеродромах на Донеччині,MACHINE_NONCANDIDATE,FALSE
222370,20240827,1,1518253,ria,https://ria.ru/20240827/podpole-1968682715.html,STRATEGIC_AIRBASE,аэродром,удар,707153,Kalinovka,Khmel'nyts'kyy,Khmel'nyts'kyi,26.92966,49.507388,REVIEW,REVIEW_NAME_ONLY_RU_SUPPORT,,,Kalinovka,a_ukr_init_b,,a_ukr_b,1,a_rus_init_b,,a_rus_b,0,FALSE,FALSE,Подполье сообщило об ударах в районе аэродрома в Хмельницкой области,REVIEW,FALSE
162287,20240827,1,1870234,liveuamap,https://t.me/GeneralStaffZSU/16871,AMMUNITION_ARSENAL,склад боєприпас,вибух,703448,Kyiv,Kiev City,Shevchenkivs'kyi,30.52903,50.44425,DROP,DROP_LOCATION_NOT_RU,,,,a_ukr_init_b,,a_ukr_b,0,a_rus_init_b,,a_rus_b,0,TRUE,FALSE,Генеральний Штаб України: Сили оборони України успішно уразили польовий склад боєприпасів угруповання військ Захід російських окупантів в районі Острогожська Воронезької області. Зафіксовано щонайменше три вибухи та подальшу вторинну детонацію,MACHINE_NONCANDIDATE,FALSE
190580,20240828,1,1652308,liga,https://news.liga.net/politics/video/drony-gur-porazili-rossiyskuyu-neftebazu-v-kirovskoy-oblasti-video,FUEL_STORAGE_TERMINAL,нефтебаз,Дрон,705797,Khrestivka,Donets'k,Shakhtars'kyi,38.3534259243766,48.1470073,DROP,DROP_LOCATION_NOT_RU,,,,a_ukr_init_b,,a_ukr_b,0,a_rus_init_b,,a_rus_b,1,FALSE,FALSE,Дроны ГУР поразили российскую нефтебазу в Кировской области – видео,MACHINE_NONCANDIDATE,FALSE
59599,20240830,1,1521218,espreso,https://espreso.tv/viyna-z-rosiyeyu-u-krimu-vnochi-lunali-vibukhi-bilya-aerodromu-kirovske-ta-poblizu-dzhankoya-zmi,STRATEGIC_AIRBASE,аеродром,вибух,693805,Simferopol,Crimea,Simferopol's'ka,34.0994127132379,44.9536335,REVIEW,REVIEW_DISPUTED_CRIMEA,,,,a_ukr_init_b,,a_ukr_b,0,a_rus_init_b,,a_rus_b,0,FALSE,FALSE,У Криму вночі лунали вибухи біля аеродрому Кіровське та поблизу Джанкоя,REVIEW,FALSE
59602,20240830,1,1523796,espreso,https://espreso.tv/viyna-z-rosiyeyu-rosiyani-pochali-peremishchuvati-skladi-z-boepripasami-ta-palnim-u-krimu-boyachis-udariv-zsu-atesh,AMMUNITION_ARSENAL,склади з боєприпас,удар,693805,Simferopol,Crimea,Simferopol's'ka,34.0994127132379,44.9536335,REVIEW,REVIEW_DISPUTED_CRIMEA,,,,a_ukr_init_b,,a_ukr_b,0,a_rus_init_b,,a_rus_b,1,TRUE,FALSE,"Росіяни почали переміщувати склади з боєприпасами та пальним у Криму, боячись ударів ЗСУ",REVIEW,FALSE
225595,20240830,1,1638053,meduza,https://x.com/EuroMaydan/status/1830916353814827336,MILITARY_COMMS_SPACE,центр связ,удар,707515,Ivonchentsi,Poltava,Poltavs'kyi,34.530858,49.613896,DROP,DROP_LOCATION_NOT_RU,,,,a_ukr_init_b,,a_ukr_b,0,a_rus_init_b,,a_rus_b,0,FALSE,FALSE,"Военный учебный центр связи в Полтаве разрушен в результате двух ударов """"""""Искандерами"""""""". Погибли более 50 военных, проходивших там обучение.",MACHINE_NONCANDIDATE,FALSE
59607,20240901,1,1529016,espreso,https://espreso.tv/viyna-z-rosiyeyu-ponad-150-droniv-nad-rosieyu-za-odnu-dobu-pozhezha-na-npz-u-moskvi-ta-bavovna-u-timchasovo-okupovanomu-krimu-de-v-rosiyan-vibukhalo-ta-palalo-tsogo-tizhnya,REFINING_PETROCHEM_GAS,НПЗ,вибух|дрон|пожеж,693805,Simferopol,Crimea,Simferopol's'ka,34.0994127132379,44.9536335,REVIEW,REVIEW_DISPUTED_CRIMEA,,,,a_ukr_init_b,,a_ukr_b,0,a_rus_init_b,,a_rus_b,1,FALSE,FALSE,"Понад 150 дронів над Росією лише за одну добу, пожежа на НПЗ у Москві та бавовна у тимчасово окупованому Криму: де в росіян вибухало та палало цього тижня",REVIEW,FALSE
233105,20240906,1,1638140,meduza,https://t.me/voron1OO/62,AMMUNITION_ARSENAL,склад боеприпас,дрон,709354,Toretsk,Donets'k,Dzerzhyns'ka,37.86745,48.3906,DROP,DROP_LOCATION_NOT_RU,,,,a_ukr_init_b,,a_ukr_b,1,a_rus_init_b,,a_rus_b,0,TRUE,FALSE,Украинские дроны сбрасывают боеприпасы на российский склад боеприпасов около тюрьмы в Торецке. Ранее о захвате тюрьмы ВС РФ не сообщалось.,MACHINE_NONCANDIDATE,FALSE
217158,20240911,1,1557230,ria,https://ria.ru/20240911/spetsoperatsiya-1972106288.html,AMMUNITION_ARSENAL,склад боеприпас,уничтож,706483,Kharkiv,Kharkiv,Kharkivs'ka,36.231202,49.992167,DROP,DROP_LOCATION_NOT_RU,,,,a_ukr_init_b,,a_ukr_b,0,a_rus_init_b,,a_rus_b,0,TRUE,FALSE,Российские военные уничтожили склад боеприпасов ВСУ под Харьковом,MACHINE_NONCANDIDATE,FALSE
330987,20240912,3,1557253,ria,https://ria.ru/20240912/gorlovka-1972193192.html,ENERGY_GRID_SUPPORT,подстанц,удар,9115777,Fedorivka,Donets'k,Horlivs'ka,38.002536,48.30608,DROP,DROP_LOCATION_NOT_RU,,,,a_ukr_init_b,,a_ukr_b,0,a_rus_init_b,,a_rus_b,0,TRUE,FALSE,В результате удара ВСУ по подстанции в Горловке обесточен центр города,MACHINE_NONCANDIDATE,FALSE
162561,20240912,3,1557263,ria,https://ria.ru/20240912/ukraina-1972209098.html,STRATEGIC_AIRBASE,аэродром,взрыв,703448,Kyiv,Kiev City,Shevchenkivs'kyi,30.52355,50.450441,DROP,DROP_LOCATION_NOT_RU,,,,a_ukr_init_b,,a_ukr_b,0,a_rus_init_b,,a_rus_b,0,TRUE,FALSE,СМИ: в Киеве и Хмельницкой области в районе аэродрома ВСУ прогремели взрывы,MACHINE_NONCANDIDATE,FALSE
222383,20240912,1,1557264,ria,https://ria.ru/20240912/ukraina-1972209098.html,STRATEGIC_AIRBASE,аэродром,взрыв,707153,Kalinovka,Khmel'nyts'kyy,Khmel'nyts'kyi,26.92966,49.507388,REVIEW,REVIEW_NAME_ONLY_RU_SUPPORT,,,Kalinovka,a_ukr_init_b,,a_ukr_b,0,a_rus_init_b,,a_rus_b,0,TRUE,FALSE,СМИ: в Киеве и Хмельницкой области в районе аэродрома ВСУ прогремели взрывы,REVIEW,FALSE
257277,20240912,2,1559849,ria,https://ria.ru/20240912/vsu-1972318966.html,AMMUNITION_ARSENAL,склад боеприпас,дрон|уничтож,710735,Chernihiv,Chernihiv,Chernihivs'ka,31.298652,51.491007,REVIEW,REVIEW_COORDINATE_NEAR_RU,16.908,491522,Snov,a_ukr_init_b,,a_ukr_b,0,a_rus_init_b,,a_rus_b,0,TRUE,FALSE,Российские дроны уничтожили склад боеприпасов ВСУ в Черниговской области,REVIEW,FALSE
346195,20240912,1,1692160,pravdaua,https://www.epravda.com.ua/news/2024/09/12/719272/,ENERGY_GRID_SUPPORT,підстанц,вибух,11777953,Deremezna,Kiev,Obukhivs'kyi,30.476622,50.023928,DROP,DROP_LOCATION_NOT_RU,,,,a_ukr_init_b,,a_ukr_b,0,a_rus_init_b,,a_rus_b,0,FALSE,FALSE,Біля підстанції на Київщині знайшли вибухівку – Міненерго.,MACHINE_NONCANDIDATE,FALSE
127772,20240913,1,1560315,espreso,https://espreso.tv/viyna-z-rosiyeyu-u-peredmisti-mariupolya-v-nich-na-13-veresnya-bulo-znishcheno-rosiyski-skladi-z-boepripasami-andryushchenko,AMMUNITION_ARSENAL,склади з боєприпас,знищ,701822,Mariupol,Donets'k,Mariupol's'ka,37.54144,47.096703,REVIEW,REVIEW_NAME_ONLY_RU_SUPPORT,,,Mariupol,a_ukr_init_b,,a_ukr_b,0,a_rus_init_b,,a_rus_b,0,FALSE,FALSE,У передмісті Маріуполя в ніч на 13 вересня було знищено російські склади з боєприпасами,REVIEW,FALSE
162578,20240914,16,1692253,pravdaua,https://www.pravda.com.ua/news/2024/09/14/7475084/,STRATEGIC_AIRBASE,авіабаз,удар,703448,Kyiv,Kiev City,Shevchenkivs'kyi,30.52355,50.450441,DROP,DROP_LOCATION_NOT_RU,,,,a_ukr_init_b,,a_ukr_b,0,a_rus_init_b,,a_rus_b,0,FALSE,FALSE,"Reuters: Спершу Київ просив США про удари ATACMS по авіабазах РФ, але потім змінив цілі.",MACHINE_NONCANDIDATE,FALSE
162582,20240914,1,1872170,liveuamap,https://t.me/irpentip/12564,ENERGY_GRID_SUPPORT,підстанц,вибух,703448,Kyiv,Kiev City,Shevchenkivs'kyi,30.5183,50.44306,DROP,DROP_LOCATION_NOT_RU,,,,a_ukr_init_b,,a_ukr_b,0,a_rus_init_b,,a_rus_b,0,TRUE,FALSE,"У Київській області на електропідстанції виявили вибухівку, - Міненерго України",MACHINE_NONCANDIDATE,FALSE
127776,20240915,1,1565469,espreso,https://espreso.tv/viyna-z-rosiyeyu-ataka-droniv-na-moskvu-pozhezha-na-naftoprovodi-v-orenburzkiy-oblasti-ta-vluchannya-droniv-po-rosiyskikh-viyskakh-u-mariupoli-de-v-rosiyan-vibukhalo-ta-palalo-tsogo-tizhnya,PIPELINE_PUMPING,нафтопров,Атак|безпілот|вибух|дрон|пожеж,701822,Mariupol,Donets'k,Mariupol's'ka,37.54144,47.096703,REVIEW,REVIEW_NAME_ONLY_RU_SUPPORT,,,Mariupol,a_ukr_init_b,,a_ukr_b,0,a_rus_init_b,,a_rus_b,1,FALSE,TRUE,"Атака дронів на Москву, пожежа на нафтопроводі в Оренбурзькій області та влучання безпілотників по російських військах у Маріуполі: де в росіян вибухало та палало цього тижня",REVIEW,FALSE
162600,20240915,1,1872341,liveuamap,https://t.me/irpentip/12564,ENERGY_GRID_SUPPORT,підстанц,вибух,703448,Kyiv,Kiev City,Shevchenkivs'kyi,30.5183,50.44306,DROP,DROP_LOCATION_NOT_RU,,,,a_ukr_init_b,,a_ukr_b,0,a_rus_init_b,,a_rus_b,0,TRUE,FALSE,"У Київській області на електропідстанції виявили вибухівку, - Міненерго України",MACHINE_NONCANDIDATE,FALSE
127777,20240917,1,1729284,unian,https://www.unian.ua/war/sklad-boyepripasiv-bilya-mariupolya-misceva-vlada-pokazala-naslidki-udaru-ukrajinskih-viysk-12760554.html,AMMUNITION_ARSENAL,складу боєприпас,Знищ,701822,Mariupol,Donets'k,Mariupol's'ka,37.54144,47.096703,REVIEW,REVIEW_NAME_ONLY_RU_SUPPORT,,,Mariupol,a_ukr_init_b,,a_ukr_b,0,a_rus_init_b,,a_rus_b,0,TRUE,FALSE,Знищення складу боєприпасів РФ поблизу Маріуполя: з'явилися фото успішної роботи ВМС ЗСУ,REVIEW,FALSE
162652,20240919,2,1692377,pravdaua,https://www.pravda.com.ua/news/2024/09/19/7475825/,REFINING_PETROCHEM_GAS,НПЗ,атак|дрон,703448,Kyiv,Kiev City,Shevchenkivs'kyi,30.52355,50.450441,DROP,DROP_LOCATION_NOT_RU,,,,a_ukr_init_b,,a_ukr_b,0,a_rus_init_b,,a_rus_b,0,TRUE,FALSE,Службовці проєктного інституту в Києві допомагали РФ відновлювати НПЗ після атак дронів – СБУ.,MACHINE_NONCANDIDATE,FALSE
331729,20240919,1,1872692,liveuamap,https://t.me/ukrinform_news/136530,AMMUNITION_ARSENAL,склад боєприпас,знищ|ракет|удар,9642893,Hlyboke,Donets'k,Pershotravnevyi,37.39145,46.99828,DROP,DROP_LOCATION_NOT_RU,,,,a_ukr_init_b,,a_ukr_b,1,a_rus_init_b,,a_rus_b,0,TRUE,FALSE,"ВМС України ракетним ударом знищили склад боєприпасів під Маріуполем, - заява",MACHINE_NONCANDIDATE,FALSE
331731,20240920,1,1872846,liveuamap,https://t.me/ukrinform_news/136530,AMMUNITION_ARSENAL,склад боєприпас,знищ|ракет|удар,9642893,Hlyboke,Donets'k,Pershotravnevyi,37.39145,46.99828,DROP,DROP_LOCATION_NOT_RU,,,,a_ukr_init_b,,a_ukr_b,1,a_rus_init_b,,a_rus_b,0,TRUE,FALSE,"ВМС України ракетним ударом знищили склад боєприпасів під Маріуполем, - заява",MACHINE_NONCANDIDATE,FALSE
40320,20240922,1,1652546,liga,https://news.liga.net/politics/news/v-ternopole-proizoshel-vzryv-na-transformatornoy-podstantsii-byl-pozhar-foto,ENERGY_GRID_SUPPORT,подстанц,взрыв|пожар,691650,Ternopil,Ternopil',Ternopil's'ka,25.59073,49.555958,DROP,DROP_LOCATION_NOT_RU,,,,a_ukr_init_b,,a_ukr_b,0,a_rus_init_b,,a_rus_b,0,FALSE,FALSE,"В Тернополе произошел взрыв на трансформаторной подстанции, был пожар – фото",MACHINE_NONCANDIDATE,FALSE
40319,20240922,1,1692430,pravdaua,https://www.pravda.com.ua/news/2024/09/22/7476280/,ENERGY_GRID_SUPPORT,підстанц,вибух,691650,Ternopil,Ternopil',Ternopil's'ka,25.59073,49.555958,DROP,DROP_LOCATION_NOT_RU,,,,a_ukr_init_b,,a_ukr_b,0,a_rus_init_b,,a_rus_b,0,FALSE,FALSE,"У Тернополі стався вибух на трансформаторній підстанції, дві вулиці без світла.",MACHINE_NONCANDIDATE,FALSE
162682,20240923,4,1873111,liveuamap,https://x.com/andrii_sybiha/status/1837450952917282971,ENERGY_GRID_SUPPORT,підстанц,удар,703448,Kyiv,Kiev City,Shevchenkivs'kyi,30.52065,50.45666,DROP,DROP_LOCATION_NOT_RU,,,,a_ukr_init_b,,a_ukr_b,0,a_rus_init_b,,a_rus_b,0,TRUE,FALSE,"Глава МЗС України: За даними української розвідки, Кремль готує удари по критично важливих об'єктах української атомної енергетики напередодні зими. Зокрема, це стосується відкритих розподільних пристроїв на АЕС і підстанцій електропередачі, критичних для безпечної експлуатації атомної енергетики",MACHINE_NONCANDIDATE,FALSE
162689,20240924,6,1873269,liveuamap,https://x.com/andrii_sybiha/status/1837450952917282971,ENERGY_GRID_SUPPORT,підстанц,удар,703448,Kyiv,Kiev City,Shevchenkivs'kyi,30.52355,50.450441,DROP,DROP_LOCATION_NOT_RU,,,,a_ukr_init_b,,a_ukr_b,0,a_rus_init_b,,a_rus_b,0,TRUE,FALSE,"Глава МЗС України: За даними української розвідки, Кремль готує удари по критично важливих об'єктах української атомної енергетики напередодні зими. Зокрема, це стосується відкритих розподільних пристроїв на АЕС і підстанцій електропередачі, критичних для безпечної експлуатації атомної енергетики",MACHINE_NONCANDIDATE,FALSE
39495,20240924,1,1873196,liveuamap,https://t.me/lvivych_news/42650,ENERGY_GRID_SUPPORT,підстанц,вибух,691650,Ternopil,Ternopil',Ternopil's'ka,25.61565,49.55039,DROP,DROP_LOCATION_NOT_RU,,,,a_ukr_init_b,,a_ukr_b,0,a_rus_init_b,,a_rus_b,0,FALSE,FALSE,У Тернополі часткове знеструмлення через вибух на трансформаторі підстанції,MACHINE_NONCANDIDATE,FALSE
175138,20240925,2,1692519,pravdaua,https://www.pravda.com.ua/news/2024/09/25/7476721/,AMMUNITION_ARSENAL,склад боєприпас,знищ,704422,Pokrovsk,Donets'k,Krasnoarmiis'kyi,37.175601,48.280351,REVIEW,REVIEW_NAME_ONLY_RU_SUPPORT,,,Pokrovsk,a_ukr_init_b,,a_ukr_b,1,a_rus_init_b,,a_rus_b,0,FALSE,FALSE,Нацгвардійці знищили склад боєприпасів ворога на Покровському напрямку.,REVIEW,FALSE
39496,20240925,1,1873360,liveuamap,https://t.me/lvivych_news/42650,ENERGY_GRID_SUPPORT,підстанц,вибух,691650,Ternopil,Ternopil',Ternopil's'ka,25.61565,49.55039,DROP,DROP_LOCATION_NOT_RU,,,,a_ukr_init_b,,a_ukr_b,0,a_rus_init_b,,a_rus_b,0,FALSE,FALSE,У Тернополі часткове знеструмлення через вибух на трансформаторі підстанції,MACHINE_NONCANDIDATE,FALSE
59709,20240929,1,1600093,espreso,https://espreso.tv/viyna-z-rosiyeyu-urazheniy-viyskoviy-arsenal-kotluban-vibukhi-u-krimu-y-pozhezhi-u-moskvi-ta-pid-novoshakhtinskom-de-v-rosiyan-vibukhalo-ta-palalo-tsogo-tizhnya,AMMUNITION_ARSENAL,арсенал,вибух|пожеж,693805,Simferopol,Crimea,Simferopol's'ka,34.0994127132379,44.9536335,REVIEW,REVIEW_DISPUTED_CRIMEA,,,,a_ukr_init_b,,a_ukr_b,0,a_rus_init_b,,a_rus_b,1,FALSE,FALSE,"Уражений військовий арсенал """"Котлубань"""", вибухи у Криму й пожежі у Москві та під Новошахтинськом: де в росіян вибухало та палало цього тижня",REVIEW,FALSE
349604,20241007,2,1619787,espreso,https://espreso.tv/viyna-z-rosiyeyu-vlada-krimu-povidomila-pro-pozhezhu-na-naftobazi-u-feodosii,FUEL_STORAGE_TERMINAL,нафтовому термінал,удар,,,,,35.383911,45.026654,REVIEW,REVIEW_DISPUTED_CRIMEA,,,,a_ukr_init_b,,a_ukr_b,1,a_rus_init_b,,a_rus_b,0,FALSE,FALSE,Сили оборони завдали удару по нафтовому терміналу в окупованій Феодосії,REVIEW,FALSE
349601,20241007,1,1652689,liga,https://news.liga.net/politics/news/vo-vremenno-okkupirovannoy-feodosii-pylaet-neftebaza-posle-ataki-dronov-video,FUEL_STORAGE_TERMINAL,нефтебаз,атак|дрон,,,,,35.383911,45.026654,REVIEW,REVIEW_DISPUTED_CRIMEA,,,,a_ukr_init_b,,a_ukr_b,0,a_rus_init_b,,a_rus_b,0,FALSE,FALSE,Во временно оккупированной Феодосии пылает нефтебаза после атаки дронов – видео,REVIEW,FALSE
349603,20241007,1,1654735,meduza,https://meduza.io/live/2024/10/07/voyna,FUEL_STORAGE_TERMINAL|PORT_EXPORT_LOGISTICS,морскому нефтяному терминал|нефтяному терминал,удар,,,,,35.383911,45.026654,REVIEW,REVIEW_DISPUTED_CRIMEA,,,,a_ukr_init_b,,a_ukr_b,1,a_rus_init_b,,a_rus_b,0,TRUE,FALSE,"В Генштабе ВСУ заявили, что украинские силы нанесли удар по морскому нефтяному терминалу в Феодосии.",REVIEW,FALSE
349602,20241007,2,1692893|1729636,pravdaua|unian,https://www.pravda.com.ua/news/2024/10/7/7478466/|https://www.unian.ua/war/udar-po-naftobazi-u-feodosiji-eksperti-vkazali-na-vazhliviy-moment-shchodo-rosiyskoji-ppo-12779901.html,FUEL_STORAGE_TERMINAL,нафтобаз,Удар|атак,,,,,35.383911,45.026654,REVIEW,REVIEW_DISPUTED_CRIMEA,,,,a_ukr_init_b,,a_ukr_b,0,a_rus_init_b,,a_rus_b,0,FALSE,FALSE,У Феодосії після атаки БпЛА горить нафтобаза. || Удар по нафтобазі у Феодосії: експерти вказали на важливий момент щодо російської ППО,REVIEW,FALSE
59719,20241007,2,1729613,unian,https://www.unian.ua/war/aerodrom-saki-vzryvy-v-krymu-7-oktyabrya-12779265.html,STRATEGIC_AIRBASE,аеродром,вибух,693805,Simferopol,Crimea,Simferopol's'ka,34.0994127132379,44.9536335,REVIEW,REVIEW_DISPUTED_CRIMEA,,,,a_ukr_init_b,,a_ukr_b,0,a_rus_init_b,,a_rus_b,0,FALSE,FALSE,"У районі аеродрому """"Саки"""" в Криму гримлять потужні вибухи, - мережа",REVIEW,FALSE
59720,20241007,1,1729620,unian,https://www.unian.ua/war/droni-zsu-atakuvali-naftobazu-v-krimu-vinikla-pozhezha-12779304.html,FUEL_STORAGE_TERMINAL,нафтобаз,атак,693805,Simferopol,Crimea,Simferopol's'ka,34.0994127132379,44.9536335,REVIEW,REVIEW_DISPUTED_CRIMEA,,,,a_ukr_init_b,,a_ukr_b,0,a_rus_init_b,,a_rus_b,0,FALSE,FALSE,"У Криму після атаки БПЛА горить найбільша нафтобаза (фото, відео)",REVIEW,FALSE
59723,20241007,1,1729622,unian,https://www.unian.ua/war/genshtab-pidtverdiv-znishchennya-vazhlivogo-ob-yekta-okupantiv-u-feodosiji-12779391.html,FUEL_STORAGE_TERMINAL,нафтового термінал,знищ,693805,Simferopol,Crimea,Simferopol's'ka,34.0994127132379,44.9536335,REVIEW,REVIEW_DISPUTED_CRIMEA,,,,a_ukr_init_b,,a_ukr_b,0,a_rus_init_b,,a_rus_b,1,FALSE,FALSE,Генштаб підтвердив знищення найбільшого нафтового терміналу окупантів у Криму (відео),REVIEW,FALSE
349599,20241007,1,1729639,unian,https://www.unian.ua/war/ekspert-pro-udar-po-naftobazi-u-feodosiji-spodivayemos-vse-vigorit-vshchent-12779976.html,FUEL_STORAGE_TERMINAL,нафтобаз,удар,,,,,35.383911,45.026654,REVIEW,REVIEW_DISPUTED_CRIMEA,,,,a_ukr_init_b,,a_ukr_b,0,a_rus_init_b,,a_rus_b,0,FALSE,FALSE,"Експерт про удар по нафтобазі у Феодосії: Сподіваємось, все вигорить вщент",REVIEW,FALSE
59726,20241008,1,1622371,espreso,https://espreso.tv/viyna-z-rosiyeyu-naybilshiy-terminal-u-krimu-zgurets-pro-znishchennya-naftobazi-u-feodosii,FUEL_STORAGE_TERMINAL,нафтобаз,знищ,693805,Simferopol,Crimea,Simferopol's'ka,34.0994127132379,44.9536335,REVIEW,REVIEW_DISPUTED_CRIMEA,,,,a_ukr_init_b,,a_ukr_b,0,a_rus_init_b,,a_rus_b,0,FALSE,FALSE,Найбільший термінал у Криму: Згурець про знищення нафтобази у Феодосії,REVIEW,FALSE
349609,20241008,2,1622372,espreso,https://espreso.tv/viyna-z-rosiyeyu-naybilshiy-terminal-u-krimu-zgurets-pro-znishchennya-naftobazi-u-feodosii,FUEL_STORAGE_TERMINAL,нафтобаз,знищ,,,,,35.383911,45.026654,REVIEW,REVIEW_DISPUTED_CRIMEA,,,,a_ukr_init_b,,a_ukr_b,0,a_rus_init_b,,a_rus_b,0,FALSE,FALSE,Найбільший термінал у Криму: Згурець про знищення нафтобази у Феодосії,REVIEW,FALSE
349606,20241008,1,1652694,liga,https://news.liga.net/politics/news/poyavilsya-pervyy-sputnikovyy-snimok-pozhara-na-neftyanom-terminale-v-okkupirovannoy-feodosii,FUEL_STORAGE_TERMINAL,нефтяном терминал,пожар,,,,,35.383911,45.026654,REVIEW,REVIEW_DISPUTED_CRIMEA,,,,a_ukr_init_b,,a_ukr_b,0,a_rus_init_b,,a_rus_b,0,FALSE,FALSE,Появился первый спутниковый снимок пожара на нефтяном терминале в оккупированной Феодосии,REVIEW,FALSE
349613,20241008,2,1729663,unian,https://www.unian.ua/war/udar-po-naftobazi-u-krimu-znizit-potencial-rosiyan-na-poli-boyu-kapitan-i-rangu-zapasu-12780672.html,FUEL_STORAGE_TERMINAL,нафтобаз,знищ,,,,,35.383911,45.026654,REVIEW,REVIEW_DISPUTED_CRIMEA,,,,a_ukr_init_b,,a_ukr_b,0,a_rus_init_b,,a_rus_b,1,FALSE,FALSE,"Ворог відчує на собі знищення нафтобази у Феодосії, - капітан І рангу запасу",REVIEW,FALSE
349611,20241008,1,1692930,pravdaua,https://www.pravda.com.ua/news/2024/10/8/7478630/,FUEL_STORAGE_TERMINAL,нафтобаз,атак,,,,,35.383911,45.026654,REVIEW,REVIEW_DISPUTED_CRIMEA,,,,a_ukr_init_b,,a_ukr_b,0,a_rus_init_b,,a_rus_b,0,FALSE,FALSE,"Супутникові знімки: На атакованій нафтобазі у Феодосії стояла система ППО """"Панцир-С1"""".",REVIEW,FALSE
349607,20241008,1,1729653,unian,https://www.unian.ua/war/udar-po-naftobazi-u-feodosiji-svitan-rozpoviv-pro-vazhlivist-operaciji-12780306.html,FUEL_STORAGE_TERMINAL,нафтобаз,Удар,,,,,35.383911,45.026654,REVIEW,REVIEW_DISPUTED_CRIMEA,,,,a_ukr_init_b,,a_ukr_b,0,a_rus_init_b,,a_rus_b,0,FALSE,FALSE,Удар по нафтобазі у Феодосії: Світан розповів про важливість операції,REVIEW,FALSE
16249,20241008,1,1729673,unian,https://www.unian.ua/war/udar-po-naftobazi-u-feodosiji-rosiyski-tanki-do-zaporizhzhya-teper-ne-dojidut-ekspert-12781125.html,FUEL_STORAGE_TERMINAL,нафтобаз,удар,687700,Zaporizhzhya,Zaporizhzhya,Zaporiz'ka,35.138851,47.838312,DROP,DROP_LOCATION_NOT_RU,,,,a_ukr_init_b,,a_ukr_b,0,a_rus_init_b,,a_rus_b,1,FALSE,FALSE,Російські танки до Запоріжжя тепер не доїдуть: експерт - про удар по нафтобазі у Феодосії,MACHINE_NONCANDIDATE,FALSE
349614,20241008,1,1729674,unian,https://www.unian.ua/war/udar-po-naftobazi-u-feodosiji-rosiyski-tanki-do-zaporizhzhya-teper-ne-dojidut-ekspert-12781125.html,FUEL_STORAGE_TERMINAL,нафтобаз,удар,,,,,35.383911,45.026654,REVIEW,REVIEW_DISPUTED_CRIMEA,,,,a_ukr_init_b,,a_ukr_b,0,a_rus_init_b,,a_rus_b,1,FALSE,FALSE,Російські танки до Запоріжжя тепер не доїдуть: експерт - про удар по нафтобазі у Феодосії,REVIEW,FALSE
349608,20241008,1,1729678,unian,https://www.unian.ua/war/udar-po-naftobazi-v-feodosiji-z-yavilisya-pershi-suputnikovi-znimki-12781380.html,FUEL_STORAGE_TERMINAL,нафтобаз,Удар,,,,,35.383911,45.026654,REVIEW,REVIEW_DISPUTED_CRIMEA,,,,a_ukr_init_b,,a_ukr_b,0,a_rus_init_b,,a_rus_b,0,FALSE,FALSE,Удар по нафтобазі в Феодосії: зʼявилися перші супутникові знімки,REVIEW,FALSE
117178,20241008,1,1874569,liveuamap,https://t.me/Crimeanwind/68224,STRATEGIC_AIRBASE,аеродром,вибух,701243,Mikhaylovka,Crimea,Saks'kyi,33.59739,45.09837,REVIEW,REVIEW_DISPUTED_CRIMEA,,,,a_ukr_init_b,,a_ukr_b,0,a_rus_init_b,,a_rus_b,0,FALSE,FALSE,Біля аеродрому Саки в окупованому Криму сталося 7 гучних вибухів,REVIEW,FALSE
270298,20241009,1,1874663,liveuamap,https://t.me/Crimeanwind/68338,FUEL_STORAGE_TERMINAL,нафтобаз,вибух,712048,Blizhnye Kamyshi,Crimea,Feodosiis'ka,35.39452,45.06816,REVIEW,REVIEW_DISPUTED_CRIMEA,,,,a_ukr_init_b,,a_ukr_b,0,a_rus_init_b,,a_rus_b,0,FALSE,FALSE,На нафтобазі в Феодосії в окупованому Криму вибухнув додатковий резервуар з паливом,REVIEW,FALSE
59729,20241009,1,1874664,liveuamap,https://t.me/Crimeanwind/68338,FUEL_STORAGE_TERMINAL,нафтобаз,вибух,693805,Simferopol,Crimea,Simferopol's'ka,34.0994127132379,44.9536335,REVIEW,REVIEW_DISPUTED_CRIMEA,,,,a_ukr_init_b,,a_ukr_b,0,a_rus_init_b,,a_rus_b,0,FALSE,FALSE,На нафтобазі в Феодосії в окупованому Криму вибухнув додатковий резервуар з паливом,REVIEW,FALSE
270296,20241009,3,1874715,liveuamap,https://t.me/bbbreaking/191426,FUEL_STORAGE_TERMINAL,нафтобаз,пожеж,712048,Blizhnye Kamyshi,Crimea,Feodosiis'ka,35.39198,45.06482,REVIEW,REVIEW_DISPUTED_CRIMEA,,,,a_ukr_init_b,,a_ukr_b,0,a_rus_init_b,,a_rus_b,0,FALSE,FALSE,Через пожежу на нафтобазі у Феодосії евакуюють близько 300 громадян,REVIEW,FALSE
83759,20241009,1,1874719,liveuamap,https://t.me/GeneralStaffZSU/17754,FUEL_STORAGE_TERMINAL|PORT_EXPORT_LOGISTICS,морський нафтовий термінал|нафтовий термінал,атак,696877,Podil,Kiev City,Shevchenkivs'kyi,30.47934,50.44253,DROP,DROP_LOCATION_NOT_RU,,,,a_ukr_init_b,,a_ukr_b,1,a_rus_init_b,,a_rus_b,0,TRUE,FALSE,"Генштаб ЗСУ підтвердив атаку на морський нафтовий термінал в Феодосії, окупованому Криму",MACHINE_NONCANDIDATE,FALSE
59731,20241009,1,1874720,liveuamap,https://t.me/GeneralStaffZSU/17754,FUEL_STORAGE_TERMINAL|PORT_EXPORT_LOGISTICS,морський нафтовий термінал|нафтовий термінал,атак,693805,Simferopol,Crimea,Simferopol's'ka,34.0994127132379,44.9536335,REVIEW,REVIEW_DISPUTED_CRIMEA,,,,a_ukr_init_b,,a_ukr_b,1,a_rus_init_b,,a_rus_b,0,TRUE,FALSE,"Генштаб ЗСУ підтвердив атаку на морський нафтовий термінал в Феодосії, окупованому Криму",REVIEW,FALSE
270299,20241009,1,1874726,liveuamap,https://t.me/Crimeanwind/68256,FUEL_STORAGE_TERMINAL,нафтобаз,безпілот|вибух,712048,Blizhnye Kamyshi,Crimea,Feodosiis'ka,35.3913,45.06855,REVIEW,REVIEW_DISPUTED_CRIMEA,,,,a_ukr_init_b,,a_ukr_b,0,a_rus_init_b,,a_rus_b,0,FALSE,FALSE,"На нафтобазі у Феодосії сталося 3 вибухи, перший о 04:24, звуку безпілотників не було, ППО не працювало",REVIEW,FALSE
270297,20241009,1,1874727,liveuamap,https://t.me/exilenova_plus/2625,FUEL_STORAGE_TERMINAL,нафтобаз,Пожеж|атак|безпілот,712048,Blizhnye Kamyshi,Crimea,Feodosiis'ka,35.394,45.06706,REVIEW,REVIEW_DISPUTED_CRIMEA,,,,a_ukr_init_b,,a_ukr_b,0,a_rus_init_b,,a_rus_b,0,FALSE,FALSE,Пожежа на нафтобазі у Феодосії через ймовірну атаку безпілотника,REVIEW,FALSE
132902,20241009,1,1874731,liveuamap,https://t.me/Crimeanwind/68239,STRATEGIC_AIRBASE,аеродром,Пожеж,702463,Liubymivka,Sevastopol',Nakhimovs'kyi,33.55911,44.68916,REVIEW,REVIEW_DISPUTED_CRIMEA,,,,a_ukr_init_b,,a_ukr_b,0,a_rus_init_b,,a_rus_b,0,FALSE,FALSE,Пожежа сталася біля аеродрому Бельбек під Севастополем,REVIEW,FALSE
117179,20241009,1,1874733,liveuamap,https://t.me/Crimeanwind/68224,STRATEGIC_AIRBASE,аеродром,вибух,701243,Mikhaylovka,Crimea,Saks'kyi,33.59739,45.09837,REVIEW,REVIEW_DISPUTED_CRIMEA,,,,a_ukr_init_b,,a_ukr_b,0,a_rus_init_b,,a_rus_b,0,FALSE,FALSE,Біля аеродрому Саки в окупованому Криму сталося 7 гучних вибухів,REVIEW,FALSE
132903,20241010,1,1652720,liveuamap,https://t.me/Crimeanwind/68239,STRATEGIC_AIRBASE,аеродром,Пожеж,702463,Liubymivka,Sevastopol',Nakhimovs'kyi,33.55911,44.68916,REVIEW,REVIEW_DISPUTED_CRIMEA,,,,a_ukr_init_b,,a_ukr_b,0,a_rus_init_b,,a_rus_b,0,FALSE,FALSE,Пожежа сталася біля аеродрому Бельбек під Севастополем,REVIEW,FALSE
349617,20241010,1,1729712,unian,https://www.unian.ua/war/udari-po-naftobazi-u-feodosiji-ta-skladu-z-shahedami-u-rosiji-nova-zayava-vms-12783087.html,FUEL_STORAGE_TERMINAL,нафтобаз,Удар,,,,,35.383911,45.026654,REVIEW,REVIEW_DISPUTED_CRIMEA,,,,a_ukr_init_b,,a_ukr_b,0,a_rus_init_b,,a_rus_b,0,FALSE,TRUE,"Удари по нафтобазі у Феодосії та складу з """"шахедами"""" у Росії: у ВМС зробили нову заяву",REVIEW,FALSE
270302,20241010,1,1874783,liveuamap,https://x.com/kromark/status/1843726980921102434,FUEL_STORAGE_TERMINAL,нафтобаз,удар,712048,Blizhnye Kamyshi,Crimea,Feodosiis'ka,35.39222,45.06911,REVIEW,REVIEW_DISPUTED_CRIMEA,,,,a_ukr_init_b,,a_ukr_b,0,a_rus_init_b,,a_rus_b,0,TRUE,FALSE,"Ще @Planet знімки нафтобази у Феодосійському порту після українського удару (зроблено сьогодні, 8 жовтня, о 14:57 за місцевим часом)",REVIEW,FALSE
270305,20241010,1,1874790,liveuamap,https://twitter.com/girkingirkin/status/1843700514724426247,FUEL_STORAGE_TERMINAL,нафтобаз,вибух,712048,Blizhnye Kamyshi,Crimea,Feodosiis'ka,35.39254,45.06879,REVIEW,REVIEW_DISPUTED_CRIMEA,,,,a_ukr_init_b,,a_ukr_b,0,a_rus_init_b,,a_rus_b,0,FALSE,FALSE,На нафтобазі у Феодосії вибухнув черговий резервуар з пальним,REVIEW,FALSE
270303,20241010,5,1874841|1874905,liveuamap,https://t.me/bbbreaking/191426|https://t.me/smotri_media/94728,FUEL_STORAGE_TERMINAL,нафтобаз,пожеж,712048,Blizhnye Kamyshi,Crimea,Feodosiis'ka,35.38593,45.06661,REVIEW,REVIEW_DISPUTED_CRIMEA,,,,a_ukr_init_b,,a_ukr_b,0,a_rus_init_b,,a_rus_b,0,FALSE,FALSE,Через пожежу на Феодосійській нафтобазі окупаційна влада евакуювала 1047 жителів || Через пожежу на нафтобазі у Феодосії евакуюють близько 300 громадян,REVIEW,FALSE
270306,20241010,1,1874853,liveuamap,https://t.me/Crimeanwind/68338,FUEL_STORAGE_TERMINAL,нафтобаз,вибух,712048,Blizhnye Kamyshi,Crimea,Feodosiis'ka,35.39452,45.06816,REVIEW,REVIEW_DISPUTED_CRIMEA,,,,a_ukr_init_b,,a_ukr_b,0,a_rus_init_b,,a_rus_b,0,FALSE,FALSE,На нафтобазі в Феодосії в окупованому Криму вибухнув додатковий резервуар з паливом,REVIEW,FALSE
59733,20241010,1,1874854,liveuamap,https://t.me/Crimeanwind/68338,FUEL_STORAGE_TERMINAL,нафтобаз,вибух,693805,Simferopol,Crimea,Simferopol's'ka,34.0994127132379,44.9536335,REVIEW,REVIEW_DISPUTED_CRIMEA,,,,a_ukr_init_b,,a_ukr_b,0,a_rus_init_b,,a_rus_b,0,FALSE,FALSE,На нафтобазі в Феодосії в окупованому Криму вибухнув додатковий резервуар з паливом,REVIEW,FALSE
83761,20241010,1,1874909,liveuamap,https://t.me/GeneralStaffZSU/17754,FUEL_STORAGE_TERMINAL|PORT_EXPORT_LOGISTICS,морський нафтовий термінал|нафтовий термінал,атак,696877,Podil,Kiev City,Shevchenkivs'kyi,30.47934,50.44253,DROP,DROP_LOCATION_NOT_RU,,,,a_ukr_init_b,,a_ukr_b,1,a_rus_init_b,,a_rus_b,0,TRUE,FALSE,"Генштаб ЗСУ підтвердив атаку на морський нафтовий термінал в Феодосії, окупованому Криму",MACHINE_NONCANDIDATE,FALSE
59734,20241010,1,1874910,liveuamap,https://t.me/GeneralStaffZSU/17754,FUEL_STORAGE_TERMINAL|PORT_EXPORT_LOGISTICS,морський нафтовий термінал|нафтовий термінал,атак,693805,Simferopol,Crimea,Simferopol's'ka,34.0994127132379,44.9536335,REVIEW,REVIEW_DISPUTED_CRIMEA,,,,a_ukr_init_b,,a_ukr_b,1,a_rus_init_b,,a_rus_b,0,TRUE,FALSE,"Генштаб ЗСУ підтвердив атаку на морський нафтовий термінал в Феодосії, окупованому Криму",REVIEW,FALSE
270307,20241010,1,1874916,liveuamap,https://t.me/Crimeanwind/68256,FUEL_STORAGE_TERMINAL,нафтобаз,безпілот|вибух,712048,Blizhnye Kamyshi,Crimea,Feodosiis'ka,35.3913,45.06855,REVIEW,REVIEW_DISPUTED_CRIMEA,,,,a_ukr_init_b,,a_ukr_b,0,a_rus_init_b,,a_rus_b,0,FALSE,FALSE,"На нафтобазі у Феодосії сталося 3 вибухи, перший о 04:24, звуку безпілотників не було, ППО не працювало",REVIEW,FALSE
270304,20241010,1,1874917,liveuamap,https://t.me/exilenova_plus/2625,FUEL_STORAGE_TERMINAL,нафтобаз,Пожеж|атак|безпілот,712048,Blizhnye Kamyshi,Crimea,Feodosiis'ka,35.394,45.06706,REVIEW,REVIEW_DISPUTED_CRIMEA,,,,a_ukr_init_b,,a_ukr_b,0,a_rus_init_b,,a_rus_b,0,FALSE,FALSE,Пожежа на нафтобазі у Феодосії через ймовірну атаку безпілотника,REVIEW,FALSE
349618,20241010,1,1889214,pravdaua,https://www.pravda.com.ua/news/2024/10/10/7479147/,FUEL_STORAGE_TERMINAL,Нафтобаз,вибух,,,,,35.383911,45.026654,REVIEW,REVIEW_DISPUTED_CRIMEA,,,,a_ukr_init_b,,a_ukr_b,0,a_rus_init_b,,a_rus_b,0,FALSE,FALSE,Нафтобаза в Феодосії палає четвертий день: вибухнула ще одна цистерна.,REVIEW,FALSE
270310,20241011,1,1652781,liveuamap,https://x.com/kromark/status/1843726980921102434,FUEL_STORAGE_TERMINAL,нафтобаз,удар,712048,Blizhnye Kamyshi,Crimea,Feodosiis'ka,35.39222,45.06911,REVIEW,REVIEW_DISPUTED_CRIMEA,,,,a_ukr_init_b,,a_ukr_b,0,a_rus_init_b,,a_rus_b,0,TRUE,FALSE,"Ще @Planet знімки нафтобази у Феодосійському порту після українського удару (зроблено сьогодні, 8 жовтня, о 14:57 за місцевим часом)",REVIEW,FALSE
270312,20241011,1,1652788,liveuamap,https://twitter.com/girkingirkin/status/1843700514724426247,FUEL_STORAGE_TERMINAL,нафтобаз,вибух,712048,Blizhnye Kamyshi,Crimea,Feodosiis'ka,35.39254,45.06879,REVIEW,REVIEW_DISPUTED_CRIMEA,,,,a_ukr_init_b,,a_ukr_b,0,a_rus_init_b,,a_rus_b,0,FALSE,FALSE,На нафтобазі у Феодосії вибухнув черговий резервуар з пальним,REVIEW,FALSE
270311,20241011,2,1652839,liveuamap,https://t.me/smotri_media/94728,FUEL_STORAGE_TERMINAL,нафтобаз,пожеж,712048,Blizhnye Kamyshi,Crimea,Feodosiis'ka,35.38593,45.06661,REVIEW,REVIEW_DISPUTED_CRIMEA,,,,a_ukr_init_b,,a_ukr_b,0,a_rus_init_b,,a_rus_b,0,FALSE,FALSE,Через пожежу на Феодосійській нафтобазі окупаційна влада евакуювала 1047 жителів,REVIEW,FALSE
349619,20241011,1,1888479,meduza,https://meduza.io/live/2024/10/11/voyna,FUEL_STORAGE_TERMINAL,нефтебаз,атак|беспилот|взрыв,,,,,35.383911,45.026654,REVIEW,REVIEW_DISPUTED_CRIMEA,,,,a_ukr_init_b,,a_ukr_b,0,a_rus_init_b,,a_rus_b,0,TRUE,FALSE,"В Феодосии вечером 10 октября произошел взрыв на нефтебазе, которая горит с 7 октября после атаки украинских беспилотников.",REVIEW,FALSE
349620,20241011,1,1889337,espreso,https://espreso.tv/viyna-z-rosiyeyu-okupanti-stiknulisya-iz-logistichnim-khaosom-pislya-znishchennya-naftobazi-u-feodosii-atesh,FUEL_STORAGE_TERMINAL,нафтобаз,знищ,,,,,35.383911,45.026654,REVIEW,REVIEW_DISPUTED_CRIMEA,,,,a_ukr_init_b,,a_ukr_b,0,a_rus_init_b,,a_rus_b,1,FALSE,FALSE,Окупанти стикнулися із логістичним хаосом після знищення нафтобази у Феодосії,REVIEW,FALSE
75172,20241012,1,1745332,liga,https://news.liga.net/politics/video/rossiyane-zayavili-ob-udare-po-neftebaze-v-okkupirovannyh-rovenkah-nasa-fiksiruet-pozhar,FUEL_STORAGE_TERMINAL,нефтебаз,пожар|удар,695379,Rovenky,Luhans'k,Roven'kivs'ka,39.370123,48.087797,DROP,DROP_LOCATION_NOT_RU,,,,a_ukr_init_b,,a_ukr_b,0,a_rus_init_b,,a_rus_b,1,FALSE,FALSE,Россияне заявили об ударе по нефтебазе в оккупированных Ровеньках – NASA фиксирует пожар,MACHINE_NONCANDIDATE,FALSE
270314,20241012,1,1874930,liveuamap,https://t.me/exilenova_plus/2700,FUEL_STORAGE_TERMINAL,нафтобаз,вибух,712048,Blizhnye Kamyshi,Crimea,Feodosiis'ka,35.39125,45.07034,REVIEW,REVIEW_DISPUTED_CRIMEA,,,,a_ukr_init_b,,a_ukr_b,0,a_rus_init_b,,a_rus_b,0,FALSE,FALSE,На палаючій нафтобазі в окупованому Криму Феодосії вибухнув черговий резервуар з пальним,REVIEW,FALSE
349622,20241012,1,1874931,liveuamap,https://t.me/exilenova_plus/2700,FUEL_STORAGE_TERMINAL,нафтобаз,вибух,,,,,35.383911,45.026654,REVIEW,REVIEW_DISPUTED_CRIMEA,,,,a_ukr_init_b,,a_ukr_b,0,a_rus_init_b,,a_rus_b,0,FALSE,FALSE,На палаючій нафтобазі в окупованому Криму Феодосії вибухнув черговий резервуар з пальним,REVIEW,FALSE
349621,20241012,1,1889352,espreso,https://espreso.tv/viyna-z-rosiyeyu-udar-po-naftobazi-u-feodosii-7-zhovtnya-pozhezhu-gasyat-vzhe-shostu-dobu,FUEL_STORAGE_TERMINAL,нафтобаз,Удар|пожеж,,,,,35.383911,45.026654,REVIEW,REVIEW_DISPUTED_CRIMEA,,,,a_ukr_init_b,,a_ukr_b,0,a_rus_init_b,,a_rus_b,0,FALSE,FALSE,Удар по нафтобазі у Феодосії 7 жовтня: пожежу гасять уже шосту добу,REVIEW,FALSE
75171,20241012,1,1894436,meduza,https://meduza.io/live/2024/10/12/voyna,FUEL_STORAGE_TERMINAL,нефтебаз,атак|беспилот,695379,Rovenky,Luhans'k,Roven'kivs'ka,39.370123,48.087797,DROP,DROP_LOCATION_NOT_RU,,,,a_ukr_init_b,,a_ukr_b,1,a_rus_init_b,,a_rus_b,0,TRUE,FALSE,В Ровеньках Луганской области после атаки украинского беспилотника загорелась нефтебаза.,MACHINE_NONCANDIDATE,FALSE
283270,20241012,1,1894437,meduza,https://meduza.io/live/2024/10/12/voyna,FUEL_STORAGE_TERMINAL,нефтебаз,атак|беспилот,712734,Baydivka,Luhans'k,Starobil's'kyi,38.902523,49.158739,DROP,DROP_LOCATION_NOT_RU,,,,a_ukr_init_b,,a_ukr_b,1,a_rus_init_b,,a_rus_b,0,TRUE,FALSE,В Ровеньках Луганской области после атаки украинского беспилотника загорелась нефтебаза.,MACHINE_NONCANDIDATE,FALSE
270316,20241013,1,1875066,liveuamap,https://t.me/exilenova_plus/2700,FUEL_STORAGE_TERMINAL,нафтобаз,вибух,712048,Blizhnye Kamyshi,Crimea,Feodosiis'ka,35.39125,45.07034,REVIEW,REVIEW_DISPUTED_CRIMEA,,,,a_ukr_init_b,,a_ukr_b,0,a_rus_init_b,,a_rus_b,0,FALSE,FALSE,На палаючій нафтобазі в окупованому Криму Феодосії вибухнув черговий резервуар з пальним,REVIEW,FALSE
349624,20241013,1,1875067,liveuamap,https://t.me/exilenova_plus/2700,FUEL_STORAGE_TERMINAL,нафтобаз,вибух,,,,,35.383911,45.026654,REVIEW,REVIEW_DISPUTED_CRIMEA,,,,a_ukr_init_b,,a_ukr_b,0,a_rus_init_b,,a_rus_b,0,FALSE,FALSE,На палаючій нафтобазі в окупованому Криму Феодосії вибухнув черговий резервуар з пальним,REVIEW,FALSE
349626,20241013,1,1889374,espreso,https://espreso.tv/viyna-z-rosiyeyu-udar-po-naftobazi-v-okupovaniy-feodosii-bezpilotniki-nad-riznimi-chastinami-rf-ta-bavovna-na-viyskovomu-aerodromi-khanska-v-adigei-de-v-rosiyan-vibukhalo-ta-palalo-tsogo-tizhnya,FUEL_STORAGE_TERMINAL|STRATEGIC_AIRBASE,аеродром|нафтобаз,Удар|безпілот|вибух,,,,,35.383911,45.026654,REVIEW,REVIEW_DISPUTED_CRIMEA,,,,a_ukr_init_b,,a_ukr_b,0,a_rus_init_b,,a_rus_b,1,FALSE,FALSE,"Удар по нафтобазі в окупованій Феодосії, безпілотники над різними частинами РФ та бавовна на військовому аеродромі """"Ханська"""" в Адигеї: де в росіян вибухало та палало цього тижня",REVIEW,FALSE
349623,20241013,1,1889579,liga,https://news.liga.net/politics/news/v-feodosii-dogorel-neftyanoy-terminal-unichtozheno-vosem-tsistern-osint-analitiki,FUEL_STORAGE_TERMINAL,нефтяной терминал,уничтож,,,,,35.383911,45.026654,REVIEW,REVIEW_DISPUTED_CRIMEA,,,,a_ukr_init_b,,a_ukr_b,0,a_rus_init_b,,a_rus_b,0,FALSE,FALSE,"В Феодосии догорел нефтяной терминал, уничтожено восемь цистерн – OSINT-аналитики",REVIEW,FALSE
349625,20241013,1,1895159,unian,https://www.unian.ua/war/u-feodosiji-dogorila-naftobaza-pislya-udaru-zsu-analitiki-pokazali-naslidki-foto-12785883.html,FUEL_STORAGE_TERMINAL,нафтобаз,удар,,,,,35.383911,45.026654,REVIEW,REVIEW_DISPUTED_CRIMEA,,,,a_ukr_init_b,,a_ukr_b,0,a_rus_init_b,,a_rus_b,0,TRUE,FALSE,У Феодосії догоріла нафтобаза після удару ЗСУ: аналітики показали наслідки (фото),REVIEW,FALSE
75175,20241014,1,1889618,liveuamap,https://t.me/GeneralStaffZSU/17898,FUEL_STORAGE_TERMINAL,нафтобаз,атак,695379,Rovenky,Luhans'k,Roven'kivs'ka,39.36127,48.09407,DROP,DROP_LOCATION_NOT_RU,,,,a_ukr_init_b,,a_ukr_b,0,a_rus_init_b,,a_rus_b,0,TRUE,FALSE,Генштаб Збройних сил України підтвердив атаку на нафтобазу в Ровеньках Луганської області,MACHINE_NONCANDIDATE,FALSE
140290,20241014,1,1889619,liveuamap,https://t.me/GeneralStaffZSU/17898,FUEL_STORAGE_TERMINAL,нафтобаз,атак,702658,Luhansk,Luhans'k,Luhans'ka,39.307708,48.573896,DROP,DROP_LOCATION_NOT_RU,,,,a_ukr_init_b,,a_ukr_b,0,a_rus_init_b,,a_rus_b,0,TRUE,FALSE,Генштаб Збройних сил України підтвердив атаку на нафтобазу в Ровеньках Луганської області,MACHINE_NONCANDIDATE,FALSE
75174,20241014,1,1889621,liveuamap,https://t.me/astrapress/66216,FUEL_STORAGE_TERMINAL,нафтобаз,Пожеж,695379,Rovenky,Luhans'k,Roven'kivs'ka,39.36206,48.09431,DROP,DROP_LOCATION_NOT_RU,,,,a_ukr_init_b,,a_ukr_b,0,a_rus_init_b,,a_rus_b,0,TRUE,FALSE,Пожежа на нафтобазі в Ровеньках на окупованій частині Луганської області України,MACHINE_NONCANDIDATE,FALSE
140289,20241014,1,1889622,liveuamap,https://t.me/astrapress/66216,FUEL_STORAGE_TERMINAL,нафтобаз,Пожеж,702658,Luhansk,Luhans'k,Luhans'ka,39.307708,48.573896,DROP,DROP_LOCATION_NOT_RU,,,,a_ukr_init_b,,a_ukr_b,0,a_rus_init_b,,a_rus_b,0,TRUE,FALSE,Пожежа на нафтобазі в Ровеньках на окупованій частині Луганської області України,MACHINE_NONCANDIDATE,FALSE
98577,20241014,1,1895203,interfaxua,https://interfax.com.ua/news/general/1020365.html,PORT_EXPORT_LOGISTICS,порт,атак|ракет,698740,Odessa,Odessa,Odes'ka,30.731689,46.484213,DROP,DROP_LOCATION_NOT_RU,,,,a_ukr_init_b,,a_ukr_b,0,a_rus_init_b,,a_rus_b,0,FALSE,FALSE,"Усіх поранених через ракетну атаку на порт Одеси доправили до лікарень, двоє - у важкому стані",MACHINE_NONCANDIDATE,FALSE
59763,20241027,1,1968486,espreso,https://espreso.tv/viyna-z-rosiyeyu-ataka-ukrainskikh-bpla-na-tri-spirtzavodi-u-rosii-pozhezha-v-rayoni-npz-u-tambovskiy-oblasti-ta-droni-nad-timchasovo-okupovanim-krimom-de-v-rosiyan-vibukhalo-ta-palalo-tsogo-tizhnya,REFINING_PETROCHEM_GAS,НПЗ,Атак|вибух|дрон|пожеж,693805,Simferopol,Crimea,Simferopol's'ka,34.0994127132379,44.9536335,REVIEW,REVIEW_DISPUTED_CRIMEA,,,,a_ukr_init_b,,a_ukr_b,0,a_rus_init_b,,a_rus_b,0,TRUE,TRUE,"Атака українських БПЛА на три спиртзаводи у Росії, пожежа в районі НПЗ у Тамбовській області та дрони над тимчасово окупованим Кримом: де в росіян вибухало та палало цього тижня",REVIEW,FALSE
137417,20241030,1,1979989,liveuamap,https://t.me/astrapress/67396,AMMUNITION_ARSENAL,складу боєприпас,ракет|удар,702658,Luhansk,Luhans'k,Luhans'ka,39.27335,48.57609,DROP,DROP_LOCATION_NOT_RU,,,,a_ukr_init_b,,a_ukr_b,0,a_rus_init_b,,a_rus_b,1,FALSE,FALSE,Окупаційна влада Луганської області оголосила евакуацію жителів Каменнобродського району Луганська після ракетного удару по складу боєприпасів,MACHINE_NONCANDIDATE,FALSE
140314,20241030,1,1979990,liveuamap,https://t.me/astrapress/67396,AMMUNITION_ARSENAL,складу боєприпас,ракет|удар,702658,Luhansk,Luhans'k,Luhans'ka,39.2973153,48.5717084,DROP,DROP_LOCATION_NOT_RU,,,,a_ukr_init_b,,a_ukr_b,0,a_rus_init_b,,a_rus_b,1,FALSE,FALSE,Окупаційна влада Луганської області оголосила евакуацію жителів Каменнобродського району Луганська після ракетного удару по складу боєприпасів,MACHINE_NONCANDIDATE,FALSE
274480,20241031,1,1991365,espreso,https://espreso.tv/viyna-z-rosiyeyu-okupatsiyna-vlada-berdyanska-zayavila-pro-ataku-bpla-na-port-u-misti-ne-pratsyue-nizka-gromadskikh-ustanov,PORT_EXPORT_LOGISTICS,порт,атак,712451,Berdyansk,Zaporizhzhya,Berdians'ka,36.789317,46.755673,DROP,DROP_LOCATION_NOT_RU,,,,a_ukr_init_b,,a_ukr_b,0,a_rus_init_b,,a_rus_b,1,FALSE,FALSE,Окупаційна влада Бердянська заявила про атаку БПЛА на порт: у місті не працює низка громадських установ,MACHINE_NONCANDIDATE,FALSE
274478,20241031,1,1991387,interfaxua,https://interfax.com.ua/news/general/1024243.html,PORT_EXPORT_LOGISTICS,порт,Безпілот|атак,712451,Berdyansk,Zaporizhzhya,Berdians'ka,36.789317,46.755673,DROP,DROP_LOCATION_NOT_RU,,,,a_ukr_init_b,,a_ukr_b,1,a_rus_init_b,,a_rus_b,0,TRUE,FALSE,Безпілотники ЗСУ атакували порт окупованого Бердянська,MACHINE_NONCANDIDATE,FALSE
274479,20241031,1,1997121,pravdaua,https://www.pravda.com.ua/news/2024/10/31/7482236/,PORT_EXPORT_LOGISTICS,порт,атак|вибух|дрон,712451,Berdyansk,Zaporizhzhya,Berdians'ka,36.789317,46.755673,DROP,DROP_LOCATION_NOT_RU,,,,a_ukr_init_b,,a_ukr_b,0,a_rus_init_b,,a_rus_b,1,FALSE,FALSE,У Бердянську пролунали вибухи: окупанти заявляють про атаку дронів на порт.,MACHINE_NONCANDIDATE,FALSE
274477,20241031,1,1997164,unian,https://www.unian.ua/war/viyna-v-ukrajini-droni-zsu-atakuvali-port-okupovanogo-berdyanska-andryushchenko-12805047.html,PORT_EXPORT_LOGISTICS,порт,атак|дрон|пожеж,712451,Berdyansk,Zaporizhzhya,Berdians'ka,36.789317,46.755673,DROP,DROP_LOCATION_NOT_RU,,,,a_ukr_init_b,,a_ukr_b,1,a_rus_init_b,,a_rus_b,0,TRUE,FALSE,"Українські дрони атакували порт в окупованому Бердянську, над містом дим від великої пожежі",MACHINE_NONCANDIDATE,FALSE
274481,20241101,1,1997148,pravdaua,https://www.pravda.com.ua/news/2024/10/31/7482236/,PORT_EXPORT_LOGISTICS,порт,атак|вибух|дрон,712451,Berdyansk,Zaporizhzhya,Berdians'ka,36.789317,46.755673,DROP,DROP_LOCATION_NOT_RU,,,,a_ukr_init_b,,a_ukr_b,0,a_rus_init_b,,a_rus_b,1,FALSE,FALSE,У Бердянську пролунали вибухи: окупанти заявляють про атаку дронів на порт.,MACHINE_NONCANDIDATE,FALSE
342354,20241105,1,2020469,interfaxua,https://interfax.com.ua/news/general/1025330.html,STRATEGIC_AIRBASE,аеродром,ракет|удар,11233161,Monastyr-Derezhytskyi,L'viv,Drohobyts'kyi,23.470858,49.345742,DROP,DROP_LOCATION_NOT_RU,,,,a_ukr_init_b,,a_ukr_b,0,a_rus_init_b,,a_rus_b,1,FALSE,FALSE,"Трьох агентів РФ, які готували ракетні удари по аеродрому на Прикарпатті, засуджено до 13 років в'язниці",MACHINE_NONCANDIDATE,FALSE
81550,20241110,1,2044160,liveuamap,https://t.me/lumsrc/10123,MILITARY_REPAIR_SHIPYARD,"Сухі Яли Донецької області, Лобкове, Новодарівка Запорізької області, Українка, Михайлівка, Одрадок",удар,696571,Poniativka,Kherson,Bilozers'kyi,32.90886,46.7476,DROP,DROP_LOCATION_NOT_RU,,,,a_ukr_init_b,,a_ukr_b,0,a_rus_init_b,,a_rus_b,1,TRUE,FALSE,"Російська авіація завдала авіаударів по Водолагам, Стецьківці, Хотині, Журавці, Краснопіллю, Новослобідському, Сварковому, Біловодам Сумської області, Вовчанську, Бочковому, Ківшарівці, Новоосиновому, Богуславці Харківської області, Диліївці, Дружбі, Торецьку, Щербинівці, Петрівці, Зоряне, Балаган., Олександропіль, Курахове, Велика Новосілка, Ясна Поляна, Сухі Яли Донецької області, Лобкове, Новодарівка Запорізької області, Українка, Михайлівка, Одрадокам'янка, Токарівка, Понятівка Херсонської області, - повідомляє Генштаб ЗСУ.",MACHINE_NONCANDIDATE,FALSE
29087,20241110,1,2044161,liveuamap,https://t.me/lumsrc/10123,MILITARY_REPAIR_SHIPYARD,"Сухі Яли Донецької області, Лобкове, Новодарівка Запорізької області, Українка, Михайлівка, Одрадок",удар,689304,Vovchansk,Kharkiv,Vovchans'kyi,36.936802,50.294007,REVIEW,REVIEW_COORDINATE_NEAR_RU,9.673,6730389,Shebekino Pole,a_ukr_init_b,,a_ukr_b,0,a_rus_init_b,,a_rus_b,1,TRUE,FALSE,"Російська авіація завдала авіаударів по Водолагам, Стецьківці, Хотині, Журавці, Краснопіллю, Новослобідському, Сварковому, Біловодам Сумської області, Вовчанську, Бочковому, Ківшарівці, Новоосиновому, Богуславці Харківської області, Диліївці, Дружбі, Торецьку, Щербинівці, Петрівці, Зоряне, Балаган., Олександропіль, Курахове, Велика Новосілка, Ясна Поляна, Сухі Яли Донецької області, Лобкове, Новодарівка Запорізької області, Українка, Михайлівка, Одрадокам'янка, Токарівка, Понятівка Херсонської області, - повідомляє Генштаб ЗСУ.",REVIEW,FALSE
217637,20241110,1,2044162,liveuamap,https://t.me/lumsrc/10123,MILITARY_REPAIR_SHIPYARD,"Сухі Яли Донецької області, Лобкове, Новодарівка Запорізької області, Українка, Михайлівка, Одрадок",удар,706483,Kharkiv,Kharkiv,Kharkivs'ka,36.231202,49.992167,DROP,DROP_LOCATION_NOT_RU,,,,a_ukr_init_b,,a_ukr_b,0,a_rus_init_b,,a_rus_b,1,TRUE,FALSE,"Російська авіація завдала авіаударів по Водолагам, Стецьківці, Хотині, Журавці, Краснопіллю, Новослобідському, Сварковому, Біловодам Сумської області, Вовчанську, Бочковому, Ківшарівці, Новоосиновому, Богуславці Харківської області, Диліївці, Дружбі, Торецьку, Щербинівці, Петрівці, Зоряне, Балаган., Олександропіль, Курахове, Велика Новосілка, Ясна Поляна, Сухі Яли Донецької області, Лобкове, Новодарівка Запорізької області, Українка, Михайлівка, Одрадокам'янка, Токарівка, Понятівка Херсонської області, - повідомляє Генштаб ЗСУ.",MACHINE_NONCANDIDATE,FALSE
234128,20241110,1,2044163,liveuamap,https://t.me/lumsrc/10123,MILITARY_REPAIR_SHIPYARD,"Сухі Яли Донецької області, Лобкове, Новодарівка Запорізької області, Українка, Михайлівка, Одрадок",удар,709354,Toretsk,Donets'k,Dzerzhyns'ka,37.845879,48.395895,DROP,DROP_LOCATION_NOT_RU,,,,a_ukr_init_b,,a_ukr_b,0,a_rus_init_b,,a_rus_b,1,TRUE,FALSE,"Російська авіація завдала авіаударів по Водолагам, Стецьківці, Хотині, Журавці, Краснопіллю, Новослобідському, Сварковому, Біловодам Сумської області, Вовчанську, Бочковому, Ківшарівці, Новоосиновому, Богуславці Харківської області, Диліївці, Дружбі, Торецьку, Щербинівці, Петрівці, Зоряне, Балаган., Олександропіль, Курахове, Велика Новосілка, Ясна Поляна, Сухі Яли Донецької області, Лобкове, Новодарівка Запорізької області, Українка, Михайлівка, Одрадокам'янка, Токарівка, Понятівка Херсонської області, - повідомляє Генштаб ЗСУ.",MACHINE_NONCANDIDATE,FALSE
85085,20241110,1,2044164,liveuamap,https://t.me/lumsrc/10123,MILITARY_REPAIR_SHIPYARD,"Сухі Яли Донецької області, Лобкове, Новодарівка Запорізької області, Українка, Михайлівка, Одрадок",удар,697348,Petrivka,Kharkiv,Krasnohrads'kyi,35.59462,49.393553,DROP,DROP_LOCATION_NOT_RU,,,,a_ukr_init_b,,a_ukr_b,0,a_rus_init_b,,a_rus_b,1,TRUE,FALSE,"Російська авіація завдала авіаударів по Водолагам, Стецьківці, Хотині, Журавці, Краснопіллю, Новослобідському, Сварковому, Біловодам Сумської області, Вовчанську, Бочковому, Ківшарівці, Новоосиновому, Богуславці Харківської області, Диліївці, Дружбі, Торецьку, Щербинівці, Петрівці, Зоряне, Балаган., Олександропіль, Курахове, Велика Новосілка, Ясна Поляна, Сухі Яли Донецької області, Лобкове, Новодарівка Запорізької області, Українка, Михайлівка, Одрадокам'янка, Токарівка, Понятівка Херсонської області, - повідомляє Генштаб ЗСУ.",MACHINE_NONCANDIDATE,FALSE
74787,20241110,1,2044165,liveuamap,https://t.me/lumsrc/10123,MILITARY_REPAIR_SHIPYARD,"Сухі Яли Донецької області, Лобкове, Новодарівка Запорізької області, Українка, Михайлівка, Одрадок",удар,695357,Kurakhove,Donets'k,Mar‹ns'kyi,37.275072,47.987693,DROP,DROP_LOCATION_NOT_RU,,,,a_ukr_init_b,,a_ukr_b,0,a_rus_init_b,,a_rus_b,1,TRUE,FALSE,"Російська авіація завдала авіаударів по Водолагам, Стецьківці, Хотині, Журавці, Краснопіллю, Новослобідському, Сварковому, Біловодам Сумської області, Вовчанську, Бочковому, Ківшарівці, Новоосиновому, Богуславці Харківської області, Диліївці, Дружбі, Торецьку, Щербинівці, Петрівці, Зоряне, Балаган., Олександропіль, Курахове, Велика Новосілка, Ясна Поляна, Сухі Яли Донецької області, Лобкове, Новодарівка Запорізької області, Українка, Михайлівка, Одрадокам'янка, Токарівка, Понятівка Херсонської області, - повідомляє Генштаб ЗСУ.",MACHINE_NONCANDIDATE,FALSE
72312,20241110,1,2044166,liveuamap,https://t.me/lumsrc/10123,MILITARY_REPAIR_SHIPYARD,"Сухі Яли Донецької області, Лобкове, Новодарівка Запорізької області, Українка, Михайлівка, Одрадок",удар,695094,Ruttschenkowo,Donets'k,Donets'ka,37.675289,47.955082,DROP,DROP_LOCATION_NOT_RU,,,,a_ukr_init_b,,a_ukr_b,0,a_rus_init_b,,a_rus_b,1,TRUE,FALSE,"Російська авіація завдала авіаударів по Водолагам, Стецьківці, Хотині, Журавці, Краснопіллю, Новослобідському, Сварковому, Біловодам Сумської області, Вовчанську, Бочковому, Ківшарівці, Новоосиновому, Богуславці Харківської області, Диліївці, Дружбі, Торецьку, Щербинівці, Петрівці, Зоряне, Балаган., Олександропіль, Курахове, Велика Новосілка, Ясна Поляна, Сухі Яли Донецької області, Лобкове, Новодарівка Запорізької області, Українка, Михайлівка, Одрадокам'янка, Токарівка, Понятівка Херсонської області, - повідомляє Генштаб ЗСУ.",MACHINE_NONCANDIDATE,FALSE
16454,20241110,1,2044167,liveuamap,https://t.me/lumsrc/10123,MILITARY_REPAIR_SHIPYARD,"Сухі Яли Донецької області, Лобкове, Новодарівка Запорізької області, Українка, Михайлівка, Одрадок",удар,687700,Zaporizhzhya,Zaporizhzhya,Zaporiz'ka,35.138851,47.838312,DROP,DROP_LOCATION_NOT_RU,,,,a_ukr_init_b,,a_ukr_b,0,a_rus_init_b,,a_rus_b,1,TRUE,FALSE,"Російська авіація завдала авіаударів по Водолагам, Стецьківці, Хотині, Журавці, Краснопіллю, Новослобідському, Сварковому, Біловодам Сумської області, Вовчанську, Бочковому, Ківшарівці, Новоосиновому, Богуславці Харківської області, Диліївці, Дружбі, Торецьку, Щербинівці, Петрівці, Зоряне, Балаган., Олександропіль, Курахове, Велика Новосілка, Ясна Поляна, Сухі Яли Донецької області, Лобкове, Новодарівка Запорізької області, Українка, Михайлівка, Одрадокам'янка, Токарівка, Понятівка Херсонської області, - повідомляє Генштаб ЗСУ.",MACHINE_NONCANDIDATE,FALSE
204595,20241110,1,2044168,liveuamap,https://t.me/lumsrc/10123,MILITARY_REPAIR_SHIPYARD,"Сухі Яли Донецької області, Лобкове, Новодарівка Запорізької області, Українка, Михайлівка, Одрадок",удар,706448,Kherson,Kherson,Khersons'ka,32.614962,46.640319,REVIEW,REVIEW_NAME_ONLY_RU_SUPPORT,,,Kherson,a_ukr_init_b,,a_ukr_b,0,a_rus_init_b,,a_rus_b,1,TRUE,FALSE,"Російська авіація завдала авіаударів по Водолагам, Стецьківці, Хотині, Журавці, Краснопіллю, Новослобідському, Сварковому, Біловодам Сумської області, Вовчанську, Бочковому, Ківшарівці, Новоосиновому, Богуславці Харківської області, Диліївці, Дружбі, Торецьку, Щербинівці, Петрівці, Зоряне, Балаган., Олександропіль, Курахове, Велика Новосілка, Ясна Поляна, Сухі Яли Донецької області, Лобкове, Новодарівка Запорізької області, Українка, Михайлівка, Одрадокам'янка, Токарівка, Понятівка Херсонської області, - повідомляє Генштаб ЗСУ.",REVIEW,FALSE
163355,20241115,1,2085287,pravdaua,https://www.pravda.com.ua/news/2024/11/15/7484607/,STRATEGIC_AIRBASE,аеродром,Безпілот|атак,703448,Kyiv,Kiev City,Shevchenkivs'kyi,30.52355,50.450441,DROP,DROP_LOCATION_NOT_RU,,,,a_ukr_init_b,,a_ukr_b,0,a_rus_init_b,,a_rus_b,0,TRUE,FALSE,"Безпілотники атакували військовий аеродром у Краснодарському краї РФ. Європа звертається з останнім закликом до адміністрації Байдена посилити американську підтримку України, щоб максимально зміцнити позиції Києва до інавгурації Дональда Трампа у січні.",MACHINE_NONCANDIDATE,FALSE
163362,20241116,1,2085315,pravdaua,https://www.pravda.com.ua/news/2024/11/15/7484607/,STRATEGIC_AIRBASE,аеродром,Безпілот|атак,703448,Kyiv,Kiev City,Shevchenkivs'kyi,30.52355,50.450441,DROP,DROP_LOCATION_NOT_RU,,,,a_ukr_init_b,,a_ukr_b,0,a_rus_init_b,,a_rus_b,0,TRUE,FALSE,"Безпілотники атакували військовий аеродром у Краснодарському краї РФ. Європа звертається з останнім закликом до адміністрації Байдена посилити американську підтримку України, щоб максимально зміцнити позиції Києва до інавгурації Дональда Трампа у січні.",MACHINE_NONCANDIDATE,FALSE
222487,20241117,1,2091267,espreso,https://zahid.espreso.tv/khmelnychchyna-grupa-magate-zastala-vibukh-koli-rosiyani-atakuvali-pidstantsiyu-shcho-zhivit-khmelnitsku-aes,ENERGY_GRID_SUPPORT,підстанц,атак|вибух,707153,Kalinovka,Khmel'nyts'kyy,Khmel'nyts'kyi,26.92966,49.507388,REVIEW,REVIEW_NAME_ONLY_RU_SUPPORT,,,Kalinovka,a_ukr_init_b,,a_ukr_b,0,a_rus_init_b,,a_rus_b,1,FALSE,FALSE,"Група МАГАТЕ застала вибух, коли росіяни атакували підстанцію, що живить Хмельницьку АЕС",REVIEW,FALSE
98744,20241117,2,2091298,interfaxua,https://interfax.com.ua/news/general/1028041.html,ENERGY_GRID_SUPPORT,підстанц,атак,698740,Odessa,Odessa,Odes'ka,30.731689,46.484213,DROP,DROP_LOCATION_NOT_RU,,,,a_ukr_init_b,,a_ukr_b,0,a_rus_init_b,,a_rus_b,0,FALSE,FALSE,"Два енергетики загинули на підстанції """"Укренерго"""" в Одеській області через атаку РФ",MACHINE_NONCANDIDATE,FALSE
163407,20241119,1,2257619,meduza,https://meduza.io/feature/2024/11/19/voyna,AMMUNITION_ARSENAL,арсенал,ракет|удар,703448,Kyiv,Kiev City,Shevchenkivs'kyi,30.52355,50.450441,DROP,DROP_LOCATION_NOT_RU,,,,a_ukr_init_b,,a_ukr_b,0,a_rus_init_b,,a_rus_b,1,TRUE,FALSE,"Официально Киев не подтверждает применение ATACMS. В утренней сводке Генштаб ВСУ лишь сообщил о самом факте удара по арсеналу в Карачеве, не уточняя, какой использовался тип оружия. После публикаций о применении американских дальнобойных ракет Генштаб заявил украинскому «24 каналу», что «не располагает информацией» об этом.",MACHINE_NONCANDIDATE,FALSE
83779,20241126,1,2138698,liveuamap,https://t.me/GeneralStaffZSU/18900,FUEL_STORAGE_TERMINAL,нафтобаз,атак,696877,Podil,Kiev City,Shevchenkivs'kyi,30.47899,50.44153,DROP,DROP_LOCATION_NOT_RU,,,,a_ukr_init_b,,a_ukr_b,1,a_rus_init_b,,a_rus_b,0,TRUE,FALSE,"Генштаб ЗСУ: Збройні сили України атакували російські важливі об'єкти в Брянській, Калузькій і Курській областях Росії, зокрема нафтобазу в Калузькій області",MACHINE_NONCANDIDATE,FALSE
217749,20241129,1,2162062,espreso,https://espreso.tv/kryminal-u-kharkovi-zasudili-cholovika-yakiy-navodiv-vorozhi-raketi-na-oboronni-zavodi-mista,DEFENSE_INDUSTRY,оборонні завод,ракет,706483,Kharkiv,Kharkiv,Kharkivs'ka,36.231202,49.992167,DROP,DROP_LOCATION_NOT_RU,,,,a_ukr_init_b,,a_ukr_b,0,a_rus_init_b,,a_rus_b,0,FALSE,FALSE,"У Харкові засудили чоловіка, який наводив ворожі ракети на оборонні заводи міста",MACHINE_NONCANDIDATE,FALSE
16588,20241130,1,2162296,liveuamap,https://t.me/GeneralStaffZSU/18979,FUEL_STORAGE_TERMINAL,нафтобаз,знищ,687700,Zaporizhzhya,Zaporizhzhya,Zaporiz'ka,35.138851,47.838312,DROP,DROP_LOCATION_NOT_RU,,,,a_ukr_init_b,,a_ukr_b,1,a_rus_init_b,,a_rus_b,0,TRUE,FALSE,"Генштаб ЗСУ підтвердив аттаку на нафтобазу Атлас у Ростовській області, а також заявляє про знищення ЗРК Бук-М3 на окупованій частині Запорізької області України",MACHINE_NONCANDIDATE,FALSE
59840,20241201,1,2173733,espreso,https://espreso.tv/viyna-z-rosiyeyu-ataka-na-aerodrom-khalino-urazheni-rosiyski-rls-v-okupovanomu-krimu-ta-pozhezha-v-ekaterinburzi-de-v-rosiyan-vibukhalo-ta-palalo-tsogo-tizhnya,STRATEGIC_AIRBASE,аеродром,Атак|вибух|пожеж,693805,Simferopol,Crimea,Simferopol's'ka,34.0994127132379,44.9536335,REVIEW,REVIEW_DISPUTED_CRIMEA,,,,a_ukr_init_b,,a_ukr_b,0,a_rus_init_b,,a_rus_b,1,FALSE,FALSE,"Атака на аеродром """"Халіно"""", уражені російські РЛС в окупованому Криму та пожежа в Єкатеринбурзі: де в росіян вибухало та палало цього тижня",REVIEW,FALSE
81611,20241211,1,2205398,unian,https://www.unian.ua/weapons/peklo-raketa-ukrajina-zbilshuye-dalekobiyniy-potencial-dlya-udariv-uglib-rosiji-12848748.html,AMMUNITION_ARSENAL,арсенал,ракет,696605,Palianytsia,Ivano-Frankivs'k,Iaremchans'ka,24.4443,48.348857,DROP,DROP_LOCATION_NOT_RU,,,,a_ukr_init_b,,a_ukr_b,0,a_rus_init_b,,a_rus_b,0,TRUE,FALSE,"Далекобійний арсенал України: аналітик пояснив, що для РФ означають ракети """"Пекло"""" і """"Паляниця""""",MACHINE_NONCANDIDATE,FALSE
17607,20241211,1,2233795,liveuamap,https://t.me/hromadske_ua/54660,AMMUNITION_ARSENAL,складу боєприпас,ракет|удар,688148,Yenakiieve,Donets'k,Ienakiievs'ka,38.20968,48.2305,DROP,DROP_LOCATION_NOT_RU,,,,a_ukr_init_b,,a_ukr_b,0,a_rus_init_b,,a_rus_b,0,FALSE,FALSE,У Єнакієвому оголошено евакуацію через ймовірний ракетний удар по складу боєприпасів,MACHINE_NONCANDIDATE,FALSE
17609,20241212,1,2233877,liveuamap,https://t.me/hromadske_ua/54660,AMMUNITION_ARSENAL,складу боєприпас,ракет|удар,688148,Yenakiieve,Donets'k,Ienakiievs'ka,38.20968,48.2305,DROP,DROP_LOCATION_NOT_RU,,,,a_ukr_init_b,,a_ukr_b,0,a_rus_init_b,,a_rus_b,0,FALSE,FALSE,У Єнакієвому оголошено евакуацію через ймовірний ракетний удар по складу боєприпасів,MACHINE_NONCANDIDATE,FALSE
72488,20241215,1,2207015,espreso,https://espreso.tv/viyna-z-rosiyeyu-potuzhna-pozhezha-na-naftobazi-v-orlovskiy-oblasti-rf-vluchannya-u-bazu-omonu-v-groznomu-ta-vibukhi-na-timchasovo-okupovaniy-donechchini-de-v-rosiyan-vibukhalo-ta-palalo-tsogo-tizhnya,FUEL_STORAGE_TERMINAL,нафтобаз,вибух|пожеж,695094,Ruttschenkowo,Donets'k,Donets'ka,37.675289,47.955082,DROP,DROP_LOCATION_NOT_RU,,,,a_ukr_init_b,,a_ukr_b,0,a_rus_init_b,,a_rus_b,0,FALSE,FALSE,"Потужна пожежа на нафтобазі в Орловській області РФ, влучання в базу ОМОНу в Грозному та вибухи на тимчасово окупованій Донеччині: де в росіян вибухало та палало цього тижня",MACHINE_NONCANDIDATE,FALSE
72495,20241216,1,2207513,espreso,https://espreso.tv/viyna-z-rosiyeyu-droni-sbu-znishchili-vorozhiy-sklad-boepripasiv-na-tot-donechchini-zmi,AMMUNITION_ARSENAL,склад боєприпас,Дрон|знищ,695094,Ruttschenkowo,Donets'k,Donets'ka,37.675289,47.955082,DROP,DROP_LOCATION_NOT_RU,,,,a_ukr_init_b,,a_ukr_b,1,a_rus_init_b,,a_rus_b,0,TRUE,FALSE,Дрони СБУ знищили ворожий склад боєприпасів на ТОТ Донеччини,MACHINE_NONCANDIDATE,FALSE
240982,20241216,1,2208370,pravdaua,https://www.pravda.com.ua/news/2024/12/16/7489268/,AMMUNITION_ARSENAL,склад ворожих боєприпас,Дрон|знищ,709717,Donetsk,Donets'k,Donets'ka,37.80285,48.015884,REVIEW,REVIEW_NAME_ONLY_RU_SUPPORT,,,Donetsk,a_ukr_init_b,,a_ukr_b,0,a_rus_init_b,,a_rus_b,1,FALSE,FALSE,Дрони знищили склад ворожих боєприпасів у Донецькій області – джерела.,REVIEW,FALSE
240984,20241217,1,2207940,pravdaua,https://www.pravda.com.ua/news/2024/12/16/7489268/,AMMUNITION_ARSENAL,склад ворожих боєприпас,Дрон|знищ,709717,Donetsk,Donets'k,Donets'ka,37.80285,48.015884,REVIEW,REVIEW_NAME_ONLY_RU_SUPPORT,,,Donetsk,a_ukr_init_b,,a_ukr_b,0,a_rus_init_b,,a_rus_b,1,FALSE,FALSE,Дрони знищили склад ворожих боєприпасів у Донецькій області – джерела.,REVIEW,FALSE
16685,20241220,1,2210250,pravdaua,https://www.pravda.com.ua/news/2024/12/20/7490069/,AMMUNITION_ARSENAL,склади російських боєприпас,знищ,687700,Zaporizhzhya,Zaporizhzhya,Zaporiz'ka,35.138851,47.838312,DROP,DROP_LOCATION_NOT_RU,,,,a_ukr_init_b,,a_ukr_b,0,a_rus_init_b,,a_rus_b,1,FALSE,FALSE,Прикордонники знищили склади російських боєприпасів на Запорізькому напрямку.,MACHINE_NONCANDIDATE,FALSE
16690,20241221,1,2209805,pravdaua,https://www.pravda.com.ua/news/2024/12/20/7490069/,AMMUNITION_ARSENAL,склади російських боєприпас,знищ,687700,Zaporizhzhya,Zaporizhzhya,Zaporiz'ka,35.138851,47.838312,DROP,DROP_LOCATION_NOT_RU,,,,a_ukr_init_b,,a_ukr_b,0,a_rus_init_b,,a_rus_b,1,FALSE,FALSE,Прикордонники знищили склади російських боєприпасів на Запорізькому напрямку.,MACHINE_NONCANDIDATE,FALSE
