event_id_1pd,date,n_reports,event_ids_matching,sources_matching,source_urls,target_classes,target_terms,attack_terms,geonameid,asciiname,ADM1_NAME,ADM2_NAME,longitude,latitude,location_bucket,location_method,nearest_ru_distance_km,nearest_ru_geonameid,nearest_ru_name,a_ukr_init_field,a_ukr_init,a_ukr_field,a_ukr,a_rus_init_field,a_rus_init,a_rus_field,a_rus,ua_actor_text,ru_scope_text,representative_text,Stage1Triage,CandidateCensusComplete
41856,20230103,1,44614,interfaxua,https://interfax.com.ua/news/general/882233.html,AMMUNITION_ARSENAL,склад боєприпас,вибух,692118,Svatove,Luhans'k,Svativs'kyi,38.16205,49.409282,DROP,DROP_LOCATION_NOT_RU,,,,a_ukr_init_b,,a_ukr_b,0,a_rus_init_b,,a_rus_b,0,FALSE,FALSE,У Сватовому Луганської області вибухнув склад боєприпасів окупантів,MACHINE_NONCANDIDATE,FALSE
139332,20230103,3,44615,interfaxua,https://interfax.com.ua/news/general/882233.html,AMMUNITION_ARSENAL,склад боєприпас,вибух,702658,Luhansk,Luhans'k,Luhans'ka,39.307708,48.573896,DROP,DROP_LOCATION_NOT_RU,,,,a_ukr_init_b,,a_ukr_b,0,a_rus_init_b,,a_rus_b,0,FALSE,FALSE,У Сватовому Луганської області вибухнув склад боєприпасів окупантів,MACHINE_NONCANDIDATE,FALSE
41858,20230103,1,1674477,pravdaua,https://www.pravda.com.ua/news/2023/01/3/7383368/,AMMUNITION_ARSENAL,складу боєприпас,знищ,692118,Svatove,Luhans'k,Svativs'kyi,38.16205,49.409282,DROP,DROP_LOCATION_NOT_RU,,,,a_ukr_init_b,,a_ukr_b,1,a_rus_init_b,,a_rus_b,0,TRUE,FALSE,ЗСУ повідомили про знищення ворожого складу боєприпасів у Сватовому.,MACHINE_NONCANDIDATE,FALSE
55630,20230104,1,272451,ria,https://ria.ru/20230104/bespilotniki-1843011703.html,STRATEGIC_AIRBASE,аэродром,беспилот,693805,Simferopol,Crimea,Simferopol's'ka,34.0994127132379,44.9536335,REVIEW,REVIEW_DISPUTED_CRIMEA,,,,a_ukr_init_b,,a_ukr_b,0,a_rus_init_b,,a_rus_b,0,FALSE,FALSE,Система ПВО сбила два беспилотника над морем у аэродрома в Крыму,REVIEW,FALSE
62796,20230104,2,1644918,liga,https://news.liga.net/region_news/news/okkupirovannyy-sevastopol-s-utra-slushal-zvuki-vzryvov-v-rayone-aerodroma-belbek,STRATEGIC_AIRBASE,аэродром,взрыв,694423,Sevastopol,Sevastopol',Lenins'kyi,33.5229142,44.6010512,REVIEW,REVIEW_DISPUTED_CRIMEA,,,,a_ukr_init_b,,a_ukr_b,0,a_rus_init_b,,a_rus_b,0,FALSE,FALSE,"Оккупированный Севастополь с утра слышал звуки взрывов в районе аэродрома """"Бельбек""""",REVIEW,FALSE
55631,20230104,1,1711593,unian,https://www.unian.ua/war/zmi-povidomlyayut-pro-vibuhi-bilya-aerodromu-belbek-u-krimu-12098796.html,STRATEGIC_AIRBASE,аеродром,вибух,693805,Simferopol,Crimea,Simferopol's'ka,34.0994127132379,44.9536335,REVIEW,REVIEW_DISPUTED_CRIMEA,,,,a_ukr_init_b,,a_ukr_b,0,a_rus_init_b,,a_rus_b,0,FALSE,FALSE,ЗМІ повідомляють про вибухи біля аеродрому Бельбек у Криму,REVIEW,FALSE
99596,20230108,1,1629092,meduza,https://t.me/milinfolive/95280,AMMUNITION_ARSENAL,складу с боеприпас,взрыв|удар,698770,Ochakiv,Mykolayiv,Ochakivs'kyi,31.545653,46.614005,DROP,DROP_LOCATION_NOT_RU,,,,a_ukr_init_b,,a_ukr_b,1,a_rus_init_b,,a_rus_b,0,TRUE,FALSE,"Момент взрыва в Очакове. Сообщается, что ВС РФ ударили по складу с боеприпасами, произошел сильный взрыв. Украинская сторона сообщает, что на складе хранились только мины времен Второй мировой войны.",MACHINE_NONCANDIDATE,FALSE
117293,20230108,1,1711732,unian,https://www.unian.ua/war/novini-merefa-v-dsns-rozkrili-podrobici-ataki-po-harkivskiy-oblasti-novini-harkova-12102441.html,REFINING_PETROCHEM_GAS,нафтоперероб,атак,701347,Merefa,Kharkiv,Kharkivs'kyi,36.059966,49.819804,DROP,DROP_LOCATION_NOT_RU,,,,a_ukr_init_b,,a_ukr_b,0,a_rus_init_b,,a_rus_b,0,FALSE,FALSE,Постраждало нафтопереробне підприємство: в ДСНС розкрили подробиці атаки по Мерефі,MACHINE_NONCANDIDATE,FALSE
119364,20230109,1,44755,interfaxua,https://interfax.com.ua/news/general/883253.html,AMMUNITION_ARSENAL,склад боєприпас,знищ,701404,Melitopol,Zaporizhzhya,Melitopol's'kyi,35.37288,46.842187,DROP,DROP_LOCATION_NOT_RU,,,,a_ukr_init_b,,a_ukr_b,0,a_rus_init_b,,a_rus_b,0,FALSE,FALSE,У Мелітополі у вихідні знищили російський склад боєприпасів – мер,MACHINE_NONCANDIDATE,FALSE
200200,20230109,1,333758,espreso,https://espreso.tv/unochi-armiya-rf-atakuvala-pidpriemstvo-kritichnoi-infrastrukturi-v-khersoni-zruynovano-elektropidstantsiyu,ENERGY_GRID_SUPPORT,підстанц,атак,706448,Kherson,Kherson,Khersons'ka,32.614962,46.640319,REVIEW,REVIEW_NAME_ONLY_RU_SUPPORT,,,Kherson,a_ukr_init_b,,a_ukr_b,0,a_rus_init_b,,a_rus_b,1,FALSE,FALSE,"Уночі армія РФ атакувала підприємство критичної інфраструктури в Херсоні, зруйновано електропідстанцію",REVIEW,FALSE
119363,20230109,2,1674639,pravdaua,https://www.pravda.com.ua/news/2023/01/9/7384095/,AMMUNITION_ARSENAL,склад боєприпас,знищ,701404,Melitopol,Zaporizhzhya,Melitopol's'kyi,35.37288,46.842187,DROP,DROP_LOCATION_NOT_RU,,,,a_ukr_init_b,,a_ukr_b,0,a_rus_init_b,,a_rus_b,0,FALSE,FALSE,Детонував 5 годин: у Мелітополі знищили склад боєприпасів РФ – мер.,MACHINE_NONCANDIDATE,FALSE
282587,20230111,3,1629166,meduza,https://t.me/millnr/10036,ENERGY_GRID_SUPPORT,подстанц,удар,712734,Baydivka,Luhans'k,Starobil's'kyi,38.902523,49.158739,DROP,DROP_LOCATION_NOT_RU,,,,a_ukr_init_b,,a_ukr_b,1,a_rus_init_b,,a_rus_b,0,TRUE,FALSE,Украинский удар HIMARS по электроподстанции в Первомайске Луганской области.,MACHINE_NONCANDIDATE,FALSE
251842,20230111,1,1629185,meduza,https://twitter.com/NOELreports/status/1612812055089659907,AMMUNITION_ARSENAL,складу боеприпас,удар,710209,Dekonskaya,Donets'k,Artemivs'kyi,38.114635,48.673797,DROP,DROP_LOCATION_NOT_RU,,,,a_ukr_init_b,,a_ukr_b,0,a_rus_init_b,,a_rus_b,1,TRUE,FALSE,"Артиллерия ВСУ, как утверждается, нанесла удар по российскому складу боеприпасов и военным, которые пытались спрятаться в ангаре в Соледаре.",MACHINE_NONCANDIDATE,FALSE
322962,20230111,1,1629186,meduza,https://t.me/ssternenko/12392,AMMUNITION_ARSENAL,склад боеприпас,уничтож,9112917,Lozove,Donets'k,Donets'ka,37.640751,47.998633,DROP,DROP_LOCATION_NOT_RU,,,,a_ukr_init_b,,a_ukr_b,0,a_rus_init_b,,a_rus_b,0,TRUE,FALSE,"Украинская артиллерия, как утверждается, уничтожила российский танк и склад боеприпасов в районе Лозового под Донецком.",MACHINE_NONCANDIDATE,FALSE
120320,20230111,1,1879187,meduza,https://t.me/millnr/10036,ENERGY_GRID_SUPPORT,подстанц,удар,701653,Mar'yevka,Luhans'k,Popasnians'kyi,38.563642,48.653821,REVIEW,REVIEW_NAME_ONLY_RU_SUPPORT,,,Mar'yevka,a_ukr_init_b,,a_ukr_b,1,a_rus_init_b,,a_rus_b,0,TRUE,FALSE,Украинский удар HIMARS по электроподстанции в Первомайске Луганской области.,REVIEW,FALSE
273901,20230113,1,333932,espreso,https://espreso.tv/u-rayoni-aerodromu-v-berdyansku-prolunalo-kilka-vibukhiv-spalakhnula-pozhezha,STRATEGIC_AIRBASE,аеродром,вибух|пожеж,712451,Berdyansk,Zaporizhzhya,Berdians'ka,36.789317,46.755673,DROP,DROP_LOCATION_NOT_RU,,,,a_ukr_init_b,,a_ukr_b,0,a_rus_init_b,,a_rus_b,0,FALSE,FALSE,"У районі аеродрому в Бердянську пролунало кілька вибухів, спалахнула пожежа",MACHINE_NONCANDIDATE,FALSE
273899,20230113,1,1645057,liga,https://news.liga.net/politics/news/v-okkupirovannom-berdyanske-vzryvy-v-rayone-aerodroma-video,STRATEGIC_AIRBASE,аэродром,взрыв,712451,Berdyansk,Zaporizhzhya,Berdians'ka,36.789317,46.755673,DROP,DROP_LOCATION_NOT_RU,,,,a_ukr_init_b,,a_ukr_b,0,a_rus_init_b,,a_rus_b,0,FALSE,FALSE,В оккупированном Бердянске взрывы в районе аэродрома – видео,MACHINE_NONCANDIDATE,FALSE
238283,20230116,1,273228,ria,https://ria.ru/20230116/donetsk-1845160497.html,ENERGY_GRID_SUPPORT,подстанц,удар,709717,Donetsk,Donets'k,Donets'ka,37.80285,48.015884,REVIEW,REVIEW_NAME_ONLY_RU_SUPPORT,,,Donetsk,a_ukr_init_b,,a_ukr_b,0,a_rus_init_b,,a_rus_b,0,TRUE,FALSE,"ВСУ при обстреле Донецка нанесли удары по подстанциям, заявил мэр",REVIEW,FALSE
200287,20230119,5,273457,ria,https://ria.ru/20230119/sklad-1845938817.html,AMMUNITION_ARSENAL,склад с боеприпас,уничтож,706448,Kherson,Kherson,Khersons'ka,32.614962,46.640319,REVIEW,REVIEW_NAME_ONLY_RU_SUPPORT,,,Kherson,a_ukr_init_b,,a_ukr_b,0,a_rus_init_b,,a_rus_b,0,TRUE,FALSE,Российская артиллерия уничтожила украинский склад с боеприпасами в Херсоне,REVIEW,FALSE
254519,20230123,1,273732,ria,https://ria.ru/20230123/sklad-1846746402.html,AMMUNITION_ARSENAL,склад с боеприпас,уничтож,710715,Chornobaivka,Kherson,Bilozers'kyi,32.545136,46.694826,DROP,DROP_LOCATION_NOT_RU,,,,a_ukr_init_b,,a_ukr_b,0,a_rus_init_b,,a_rus_b,0,TRUE,FALSE,Артиллеристы уничтожили склад с боеприпасами ВСУ в районе Чернобаевки,MACHINE_NONCANDIDATE,FALSE
191566,20230124,1,45231,interfaxua,https://interfax.com.ua/news/general/886537.html,ENERGY_GRID_SUPPORT,підстанц,ракет|удар,705812,Kropyvnytskyy,Kirovohrad,Kirovohrads'kyi,32.266371,48.510363,DROP,DROP_LOCATION_NOT_RU,,,,a_ukr_init_b,,a_ukr_b,0,a_rus_init_b,,a_rus_b,1,TRUE,FALSE,"СБУ викрила російського агента, який готував ракетний удар по електропідстанціях Кропивницького",MACHINE_NONCANDIDATE,FALSE
261504,20230124,2,273802,ria,https://ria.ru/20230124/sklad-1847002125.html,AMMUNITION_ARSENAL,склад боеприпас,уничтож,710771,Chorna Dolyna,Kherson,Kakhovs'kyi,33.481729,46.55783,DROP,DROP_LOCATION_NOT_RU,,,,a_ukr_init_b,,a_ukr_b,0,a_rus_init_b,,a_rus_b,0,FALSE,FALSE,В Херсонской области уничтожили заминированный растяжкой склад боеприпасов,MACHINE_NONCANDIDATE,FALSE
191564,20230124,1,1675191,pravdaua,https://www.pravda.com.ua/news/2023/01/24/7386244/,ENERGY_GRID_SUPPORT,підстанц,удар,705812,Kropyvnytskyy,Kirovohrad,Kirovohrads'kyi,32.266371,48.510363,DROP,DROP_LOCATION_NOT_RU,,,,a_ukr_init_b,,a_ukr_b,1,a_rus_init_b,,a_rus_b,0,TRUE,FALSE,"СБУ викрила агента РФ, який готував удари по електропідстанціях Кропивницького.",MACHINE_NONCANDIDATE,FALSE
191563,20230124,1,1712428,unian,https://www.unian.ua/incidents/v-kropivnickomu-zlovili-zradnika-yakiy-gotuvav-udari-po-elektropidstanciyah-foto-12120417.html,ENERGY_GRID_SUPPORT,підстанц,удар,705812,Kropyvnytskyy,Kirovohrad,Kirovohrads'kyi,32.266371,48.510363,DROP,DROP_LOCATION_NOT_RU,,,,a_ukr_init_b,,a_ukr_b,0,a_rus_init_b,,a_rus_b,0,FALSE,FALSE,"В Кропивницькому зловили зрадника, який готував удари по електропідстанціях (фото)",MACHINE_NONCANDIDATE,FALSE
44352,20230124,1,1879274,meduza,https://twitter.com/am_misfit/status/1618377810141384707,AMMUNITION_ARSENAL,складу боеприпас,Удар,692593,Stepanivka,Zaporizhzhya,Huliaipil's'kyi,36.394055,47.620247,DROP,DROP_LOCATION_NOT_RU,,,,a_ukr_init_b,,a_ukr_b,0,a_rus_init_b,,a_rus_b,1,FALSE,FALSE,"Удар по российскому складу боеприпасов, предположительно в Степановке (Запорожская область).",MACHINE_NONCANDIDATE,FALSE
55735,20230125,1,334279,espreso,https://espreso.tv/u-krimu-povidomili-pro-vibukhi-dim-vidnietsya-z-boku-viyskovogo-aerodromu-sotsmerezhi,STRATEGIC_AIRBASE,аеродром,вибух,693805,Simferopol,Crimea,Simferopol's'ka,34.0994127132379,44.9536335,REVIEW,REVIEW_DISPUTED_CRIMEA,,,,a_ukr_init_b,,a_ukr_b,0,a_rus_init_b,,a_rus_b,0,FALSE,FALSE,"У Криму повідомили про вибухи, дим видніється з боку військового аеродрому, — соцмережі",REVIEW,FALSE
33008,20230125,1,1629289,meduza,https://t.me/warhistoryalconafter/82923,ENERGY_GRID_SUPPORT,подстанц,Ракет|удар,690648,Usatove,Odessa,Bilia‹vs'kyi,30.658013,46.512401,DROP,DROP_LOCATION_NOT_RU,,,,a_ukr_init_b,,a_ukr_b,1,a_rus_init_b,,a_rus_b,1,FALSE,FALSE,Ракетный удар по электроподстанции под Одессой. Примерная локация.,MACHINE_NONCANDIDATE,FALSE
35554,20230125,1,1629305,meduza,https://twitter.com/PaulJawin/status/1619286262929833984,AMMUNITION_ARSENAL,складу боеприпас,удар,690833,Udobnyy,Luhans'k,Kremins'kyi,38.010763,49.25181,REVIEW,REVIEW_NAME_ONLY_RU_SUPPORT,,,Udobnyy,a_ukr_init_b,,a_ukr_b,1,a_rus_init_b,,a_rus_b,0,TRUE,FALSE,Артиллерия ВСУ нанесла удар по российскому складу боеприпасов в Нововодяном.,REVIEW,FALSE
200345,20230127,1,274104,ria,https://ria.ru/20230127/spetsoperatsiya-1847885691.html,AMMUNITION_ARSENAL,склад боеприпас,уничтож,706448,Kherson,Kherson,Khersons'ka,32.614962,46.640319,REVIEW,REVIEW_NAME_ONLY_RU_SUPPORT,,,Kherson,a_ukr_init_b,,a_ukr_b,0,a_rus_init_b,,a_rus_b,1,FALSE,FALSE,Российские военные уничтожили склад боеприпасов на Херсонском направлении,REVIEW,FALSE
213205,20230129,3,274202,ria,https://ria.ru/20230129/sklad-1848245384.html,AMMUNITION_ARSENAL,склад боеприпас,уничтож,706483,Kharkiv,Kharkiv,Kharkivs'ka,36.231202,49.992167,DROP,DROP_LOCATION_NOT_RU,,,,a_ukr_init_b,,a_ukr_b,0,a_rus_init_b,,a_rus_b,0,FALSE,FALSE,Российские артиллеристы уничтожили склад боеприпасов в Харьковской области,MACHINE_NONCANDIDATE,FALSE
254520,20230129,1,274186,ria,https://ria.ru/20230129/sklad-1848185103.html,AMMUNITION_ARSENAL,склад боеприпас,уничтож,710715,Chornobaivka,Kherson,Bilozers'kyi,32.545136,46.694826,DROP,DROP_LOCATION_NOT_RU,,,,a_ukr_init_b,,a_ukr_b,0,a_rus_init_b,,a_rus_b,0,TRUE,FALSE,Артиллеристы уничтожили склад боеприпасов ВСУ в Чернобаевке,MACHINE_NONCANDIDATE,FALSE
48582,20230129,1,274195,ria,https://ria.ru/20230129/boepripasy-1848218971.html,AMMUNITION_ARSENAL,склад боеприпас,уничтож,693065,Sotsmisto,Donets'k,Kramators'ka,37.584398,48.738984,DROP,DROP_LOCATION_NOT_RU,,,,a_ukr_init_b,,a_ukr_b,0,a_rus_init_b,,a_rus_b,0,TRUE,FALSE,Российские военные уничтожили склад боеприпасов ВСУ в районе Краматорска,MACHINE_NONCANDIDATE,FALSE
200373,20230130,3,274243,ria,https://ria.ru/20230130/napravlenie-1848409111.html,AMMUNITION_ARSENAL,склад с боеприпас,уничтож,706448,Kherson,Kherson,Khersons'ka,32.614962,46.640319,REVIEW,REVIEW_NAME_ONLY_RU_SUPPORT,,,Kherson,a_ukr_init_b,,a_ukr_b,0,a_rus_init_b,,a_rus_b,0,FALSE,FALSE,На Херсонском направлении российские силы уничтожили склад с боеприпасами,REVIEW,FALSE
200384,20230201,2,274381,ria,https://ria.ru/20230201/kherson-1848867265.html,AMMUNITION_ARSENAL,склад с боеприпас,уничтож,706448,Kherson,Kherson,Khersons'ka,32.614962,46.640319,REVIEW,REVIEW_NAME_ONLY_RU_SUPPORT,,,Kherson,a_ukr_init_b,,a_ukr_b,0,a_rus_init_b,,a_rus_b,0,TRUE,FALSE,Источник: российские военные уничтожили в Херсоне склад с боеприпасами ВСУ,REVIEW,FALSE
200395,20230202,1,274461,ria,https://ria.ru/20230202/sklad-1849148262.html,AMMUNITION_ARSENAL,склад с боеприпас,уничтож,706448,Kherson,Kherson,Khersons'ka,32.614962,46.640319,REVIEW,REVIEW_NAME_ONLY_RU_SUPPORT,,,Kherson,a_ukr_init_b,,a_ukr_b,0,a_rus_init_b,,a_rus_b,1,TRUE,FALSE,Артиллеристы уничтожили украинский склад с боеприпасами в Херсоне,REVIEW,FALSE
200389,20230202,2,274495,ria,https://ria.ru/20230202/sklad-1849262694.html,AMMUNITION_ARSENAL,склада с боеприпас,уничтож,706448,Kherson,Kherson,Khersons'ka,32.614962,46.640319,REVIEW,REVIEW_NAME_ONLY_RU_SUPPORT,,,Kherson,a_ukr_init_b,,a_ukr_b,0,a_rus_init_b,,a_rus_b,0,FALSE,FALSE,Российские артиллеристы под Херсоном уничтожили два склада с боеприпасами,REVIEW,FALSE
84867,20230202,1,1629508,meduza,https://twitter.com/grntmedia/status/1624840971178463234,AMMUNITION_ARSENAL,складу боеприпас,удар,697302,Petrovskiy,Donets'k,Donets'ka,37.630808,47.940392,REVIEW,REVIEW_NAME_ONLY_RU_SUPPORT,,,Petrovskiy,a_ukr_init_b,,a_ukr_b,0,a_rus_init_b,,a_rus_b,1,TRUE,FALSE,"Как утверждается, украинская артиллерия нанесла удар по российскому складу боеприпасов в Петровском районе Донецка.",REVIEW,FALSE
84630,20230202,1,1629518,meduza,https://t.me/mysiagin/19053,AMMUNITION_ARSENAL,склад боеприпас,Дрон,697107,Zaporozhe,Zaporizhzhya,Orikhivs'kyi,35.595513,47.511703,DROP,DROP_LOCATION_NOT_RU,,,,a_ukr_init_b,,a_ukr_b,0,a_rus_init_b,,a_rus_b,0,TRUE,FALSE,Дрон ВСУ сбросил боеприпасы на российский склад боеприпасов в дачах к югу от Щербаков в Запорожской области.,MACHINE_NONCANDIDATE,FALSE
126380,20230202,1,1675453,pravdaua,https://www.pravda.com.ua/news/2023/02/2/7387660/,FUEL_STORAGE_TERMINAL,нафтобаз,вибух,701822,Mariupol,Donets'k,Mariupol's'ka,37.54144,47.096703,REVIEW,REVIEW_NAME_ONLY_RU_SUPPORT,,,Mariupol,a_ukr_init_b,,a_ukr_b,0,a_rus_init_b,,a_rus_b,0,FALSE,FALSE,"У Маріуполі лунали вибухи у місцях базування росіян, під Мелітополем – на нафтобазі.",REVIEW,FALSE
119421,20230202,1,1675454,pravdaua,https://www.pravda.com.ua/news/2023/02/2/7387660/,FUEL_STORAGE_TERMINAL,нафтобаз,вибух,701404,Melitopol,Zaporizhzhya,Melitopol's'kyi,35.37288,46.842187,DROP,DROP_LOCATION_NOT_RU,,,,a_ukr_init_b,,a_ukr_b,0,a_rus_init_b,,a_rus_b,0,FALSE,FALSE,"У Маріуполі лунали вибухи у місцях базування росіян, під Мелітополем – на нафтобазі.",MACHINE_NONCANDIDATE,FALSE
200408,20230204,9,274614|274636,ria,https://ria.ru/20230204/sklad-1849705265.html|https://ria.ru/20230204/sklad-1849741354.html,AMMUNITION_ARSENAL,склад боеприпас|склад с боеприпас,уничтож,706448,Kherson,Kherson,Khersons'ka,32.63712,46.64519,REVIEW,REVIEW_NAME_ONLY_RU_SUPPORT,,,Kherson,a_ukr_init_b,,a_ukr_b,0,a_rus_init_b,,a_rus_b,0,TRUE,FALSE,Источник: артиллеристы уничтожили склад с боеприпасами ВСУ под Херсоном || ВС России уничтожили склад боеприпасов ВСУ на Херсонском направлении,REVIEW,FALSE
200409,20230204,1,274615,ria,https://ria.ru/20230204/sklad-1849705265.html,AMMUNITION_ARSENAL,склад с боеприпас,уничтож,706448,Kherson,Kherson,Khersons'ka,32.614962,46.640319,REVIEW,REVIEW_NAME_ONLY_RU_SUPPORT,,,Kherson,a_ukr_init_b,,a_ukr_b,0,a_rus_init_b,,a_rus_b,0,TRUE,FALSE,Артиллеристы уничтожили склад с боеприпасами ВСУ под Херсоном,REVIEW,FALSE
200417,20230206,5,274749,ria,https://ria.ru/20230206/kherson-1849956256.html,AMMUNITION_ARSENAL,склад ВСУ с боеприпас,уничтож,706448,Kherson,Kherson,Khersons'ka,32.614962,46.640319,REVIEW,REVIEW_NAME_ONLY_RU_SUPPORT,,,Kherson,a_ukr_init_b,,a_ukr_b,0,a_rus_init_b,,a_rus_b,0,TRUE,FALSE,Источник: российские военные уничтожили склад ВСУ с боеприпасами в Херсоне,REVIEW,FALSE
99625,20230206,1,274774,ria,https://ria.ru/20230206/spetsoperatsiya-1850050250.html,AMMUNITION_ARSENAL,склад украинских боеприпас,уничтож,698770,Ochakiv,Mykolayiv,Ochakivs'kyi,31.545653,46.614005,DROP,DROP_LOCATION_NOT_RU,,,,a_ukr_init_b,,a_ukr_b,0,a_rus_init_b,,a_rus_b,0,TRUE,FALSE,Российские военные уничтожили склад украинских боеприпасов в районе Очакова,MACHINE_NONCANDIDATE,FALSE
200424,20230207,7,274839,ria,https://ria.ru/20230207/spetsoperatsiya-1850310353.html,AMMUNITION_ARSENAL,склад боеприпас,уничтож,706448,Kherson,Kherson,Khersons'ka,32.614962,46.640319,REVIEW,REVIEW_NAME_ONLY_RU_SUPPORT,,,Kherson,a_ukr_init_b,,a_ukr_b,0,a_rus_init_b,,a_rus_b,0,TRUE,FALSE,ВС России уничтожили украинский склад боеприпасов на Херсонском направлении,REVIEW,FALSE
261579,20230209,1,274968,ria,https://ria.ru/20230209/sklad-1850856310.html,AMMUNITION_ARSENAL,склада боеприпас,уничтож,710771,Chorna Dolyna,Kherson,Kakhovs'kyi,33.481729,46.55783,DROP,DROP_LOCATION_NOT_RU,,,,a_ukr_init_b,,a_ukr_b,0,a_rus_init_b,,a_rus_b,0,FALSE,FALSE,Российские войска уничтожили четыре склада боеприпасов в Херсонской области,MACHINE_NONCANDIDATE,FALSE
273931,20230209,1,1675666,pravdaua,https://www.pravda.com.ua/news/2023/02/9/7388715/,STRATEGIC_AIRBASE,аеродром,знищ,712451,Berdyansk,Zaporizhzhya,Berdians'ka,36.789317,46.755673,DROP,DROP_LOCATION_NOT_RU,,,,a_ukr_init_b,,a_ukr_b,0,a_rus_init_b,,a_rus_b,1,FALSE,FALSE,"У Бердянську було влучання в аеродром, знищено 100 окупантів – МВА.",MACHINE_NONCANDIDATE,FALSE
273933,20230210,1,45693,interfaxua,https://interfax.com.ua/news/general/890362.html,STRATEGIC_AIRBASE,аеродром,знищ,712451,Berdyansk,Zaporizhzhya,Berdians'ka,36.789317,46.755673,DROP,DROP_LOCATION_NOT_RU,,,,a_ukr_init_b,,a_ukr_b,0,a_rus_init_b,,a_rus_b,0,TRUE,FALSE,ЗС України знищили понад 100 окупантів на Бердянському аеродромі,MACHINE_NONCANDIDATE,FALSE
340202,20230210,1,116257,liveuamap,https://t.me/info_zp/28379,STRATEGIC_AIRBASE,авіабаз,вибух,10951593,Novyi Melitopol,Zaporizhzhya,Melitopol's'kyi,35.29976,46.87826,DROP,DROP_LOCATION_NOT_RU,,,,a_ukr_init_b,,a_ukr_b,0,a_rus_init_b,,a_rus_b,1,FALSE,FALSE,На авіабазі Мелітополь прогриміли численні вибухи,MACHINE_NONCANDIDATE,FALSE
340201,20230210,1,1795360,liveuamap,https://t.me/info_zp/28379,STRATEGIC_AIRBASE,авіабаз,вибух,10951593,Novyi Melitopol,Zaporizhzhya,Melitopol's'kyi,35.29976,46.87826,DROP,DROP_LOCATION_NOT_RU,,,,a_ukr_init_b,,a_ukr_b,0,a_rus_init_b,,a_rus_b,0,FALSE,FALSE,На авіабазі Мелітополь прогриміли численні вибухи,MACHINE_NONCANDIDATE,FALSE
340204,20230211,1,116470,liveuamap,https://t.me/info_zp/28379,STRATEGIC_AIRBASE,авіабаз,вибух,10951593,Novyi Melitopol,Zaporizhzhya,Melitopol's'kyi,35.29976,46.87826,DROP,DROP_LOCATION_NOT_RU,,,,a_ukr_init_b,,a_ukr_b,1,a_rus_init_b,,a_rus_b,0,FALSE,FALSE,На авіабазі Мелітополь прогриміли численні вибухи,MACHINE_NONCANDIDATE,FALSE
119435,20230211,3,275109,ria,https://ria.ru/20230211/melitopol-1851343940.html,STRATEGIC_AIRBASE,аэродром,взрыв,701404,Melitopol,Zaporizhzhya,Melitopol's'kyi,35.37288,46.842187,DROP,DROP_LOCATION_NOT_RU,,,,a_ukr_init_b,,a_ukr_b,0,a_rus_init_b,,a_rus_b,0,FALSE,FALSE,Власти опровергли информацию о взрывах на аэродроме под Мелитополем,MACHINE_NONCANDIDATE,FALSE
340203,20230211,1,1795723,liveuamap,https://t.me/info_zp/28379,STRATEGIC_AIRBASE,авіабаз,вибух,10951593,Novyi Melitopol,Zaporizhzhya,Melitopol's'kyi,35.29976,46.87826,DROP,DROP_LOCATION_NOT_RU,,,,a_ukr_init_b,,a_ukr_b,0,a_rus_init_b,,a_rus_b,0,FALSE,FALSE,На авіабазі Мелітополь прогриміли численні вибухи,MACHINE_NONCANDIDATE,FALSE
340205,20230212,1,116643,liveuamap,https://t.me/info_zp/28379,STRATEGIC_AIRBASE,авіабаз,вибух,10951593,Novyi Melitopol,Zaporizhzhya,Melitopol's'kyi,35.29976,46.87826,DROP,DROP_LOCATION_NOT_RU,,,,a_ukr_init_b,,a_ukr_b,0,a_rus_init_b,,a_rus_b,0,FALSE,FALSE,На авіабазі Мелітополь прогриміли численні вибухи,MACHINE_NONCANDIDATE,FALSE
35981,20230212,1,1645421,liga,https://news.liga.net/politics/news/v-kahovke-i-oleshkah-unichtojili-sklady-boepripasov-gsm-i-dve-lodki-rossiyan-vsu,AMMUNITION_ARSENAL,склады боеприпас,уничтож,691037,Oleshky,Kherson,Bilozers'kyi,32.722006,46.626143,DROP,DROP_LOCATION_NOT_RU,,,,a_ukr_init_b,,a_ukr_b,1,a_rus_init_b,,a_rus_b,0,TRUE,FALSE,"В Каховке и Олешках уничтожили склады боеприпасов, ГСМ и две лодки россиян – ВСУ",MACHINE_NONCANDIDATE,FALSE
340206,20230213,1,116887,liveuamap,https://t.me/info_zp/28379,STRATEGIC_AIRBASE,авіабаз,вибух,10951593,Novyi Melitopol,Zaporizhzhya,Melitopol's'kyi,35.29976,46.87826,DROP,DROP_LOCATION_NOT_RU,,,,a_ukr_init_b,,a_ukr_b,1,a_rus_init_b,,a_rus_b,0,FALSE,FALSE,На авіабазі Мелітополь прогриміли численні вибухи,MACHINE_NONCANDIDATE,FALSE
238408,20230213,1,1713031,unian,https://www.unian.ua/war/v-59-y-brigade-vsu-pokazali-kak-unichtozhili-sklad-boepripasov-okkupantov-v-donecke-video-12143121.html,AMMUNITION_ARSENAL,склад боєприпас,знищ,709717,Donetsk,Donets'k,Donets'ka,37.80285,48.015884,REVIEW,REVIEW_NAME_ONLY_RU_SUPPORT,,,Donetsk,a_ukr_init_b,,a_ukr_b,1,a_rus_init_b,,a_rus_b,0,TRUE,FALSE,"У 59-й бригаді ЗСУ показали, як знищили склад боєприпасів окупантів у Донецьку (відео)",REVIEW,FALSE
200477,20230214,8,275306|275331,ria,https://ria.ru/20230214/kherson-1851872921.html|https://ria.ru/20230214/napravlenie-1851944095.html,AMMUNITION_ARSENAL,склад боеприпас|склада боеприпас,уничтож,706448,Kherson,Kherson,Khersons'ka,32.614962,46.640319,REVIEW,REVIEW_NAME_ONLY_RU_SUPPORT,,,Kherson,a_ukr_init_b,,a_ukr_b,0,a_rus_init_b,,a_rus_b,0,TRUE,FALSE,Российские артиллеристы уничтожили украинский склад боеприпасов в Херсоне || На Херсонском направлении российские силы уничтожили два склада боеприпасов,REVIEW,FALSE
189034,20230214,1,1629593,meduza,https://twitter.com/SerDer_Daniels/status/1625805907354431490,AMMUNITION_ARSENAL,склад боеприпас,уничтож,705666,Klyshchiivka,Donets'k,Artemivs'kyi,37.94749,48.517086,DROP,DROP_LOCATION_NOT_RU,,,,a_ukr_init_b,,a_ukr_b,0,a_rus_init_b,,a_rus_b,0,TRUE,FALSE,"Украинская артиллерия уничтожила российскую САУ и склад боеприпасов в Клещеевке, которая ранее была захвачена ЧВК Вагнер.",MACHINE_NONCANDIDATE,FALSE
69553,20230214,1,1675815,pravdaua,https://www.pravda.com.ua/news/2023/02/14/7389349/,AMMUNITION_ARSENAL,склади з боєприпас,знищ,695094,Ruttschenkowo,Donets'k,Donets'ka,37.675289,47.955082,DROP,DROP_LOCATION_NOT_RU,,,,a_ukr_init_b,,a_ukr_b,1,a_rus_init_b,,a_rus_b,0,TRUE,FALSE,"ЗСУ знищили три склади з боєприпасами, РФ скинула аерозольні гранати на Донеччині – Генштаб.",MACHINE_NONCANDIDATE,FALSE
135331,20230214,1,1675828,pravdaua,https://www.epravda.com.ua/news/2023/02/14/697032/,ENERGY_GRID_SUPPORT,підстанц,знищ|пошкодж,702550,Lviv,L'viv,L'vivs'ka,24.029898,49.839323,DROP,DROP_LOCATION_NOT_RU,,,,a_ukr_init_b,,a_ukr_b,0,a_rus_init_b,,a_rus_b,0,FALSE,FALSE,"У Львові та області знищені майже всі електропідстанції – Садовий. У результаті ворожих обстрілів Львівщини зруйновані практично всі електропідстанції, а більшість інших пошкоджених об'єктів не підлягають відновленню.",MACHINE_NONCANDIDATE,FALSE
78918,20230214,1,1675829,pravdaua,https://www.epravda.com.ua/news/2023/02/14/697032/,ENERGY_GRID_SUPPORT,підстанц,знищ|пошкодж,696032,Pustomyty,L'viv,Pustomytivs'kyi,23.916737,49.717495,DROP,DROP_LOCATION_NOT_RU,,,,a_ukr_init_b,,a_ukr_b,0,a_rus_init_b,,a_rus_b,0,FALSE,FALSE,"У Львові та області знищені майже всі електропідстанції – Садовий. У результаті ворожих обстрілів Львівщини зруйновані практично всі електропідстанції, а більшість інших пошкоджених об'єктів не підлягають відновленню.",MACHINE_NONCANDIDATE,FALSE
135330,20230214,1,1713065,unian,https://www.unian.ua/economics/energetics/u-lvivskiy-oblasti-znishcheni-praktichno-vsi-elektropidstanciji-sadoviy-12144531.html,ENERGY_GRID_SUPPORT,підстанц,знищ,702550,Lviv,L'viv,L'vivs'ka,24.029898,49.839323,DROP,DROP_LOCATION_NOT_RU,,,,a_ukr_init_b,,a_ukr_b,0,a_rus_init_b,,a_rus_b,0,FALSE,FALSE,У Львівській області знищені практично всі електропідстанції – Садовий,MACHINE_NONCANDIDATE,FALSE
191571,20230216,1,275517,ria,https://ria.ru/20230216/pozhar-1852454933.html,FUEL_STORAGE_TERMINAL,нефтехранил,взрыв|пожар,705812,Kropyvnytskyy,Kirovohrad,Kirovohrads'kyi,32.266371,48.510363,DROP,DROP_LOCATION_NOT_RU,,,,a_ukr_init_b,,a_ukr_b,0,a_rus_init_b,,a_rus_b,0,FALSE,FALSE,В Кировоградской области сообщили о взрыве и пожаре на нефтехранилище,MACHINE_NONCANDIDATE,FALSE
170689,20230216,1,334850,espreso,https://espreso.tv/rosiyani-vdarili-po-kremenchutskomu-naftopererobnomu-zavodu-raketami-kh-22-ignat,REFINING_PETROCHEM_GAS,нафтоперероб,ракет,704147,Kremenchuk,Poltava,Kremenchuts'kyi,33.410241,49.065499,DROP,DROP_LOCATION_NOT_RU,,,,a_ukr_init_b,,a_ukr_b,0,a_rus_init_b,,a_rus_b,1,FALSE,FALSE,Росіяни вдарили по Кременчуцькому нафтопереробному заводу ракетами Х-22,MACHINE_NONCANDIDATE,FALSE
34540,20230218,14,275666,ria,https://ria.ru/20230218/sklad-1852857234.html,AMMUNITION_ARSENAL,склад с боеприпас,уничтож,690823,Vuhledar,Donets'k,Mar‹ns'kyi,37.248203,47.779055,DROP,DROP_LOCATION_NOT_RU,,,,a_ukr_init_b,,a_ukr_b,0,a_rus_init_b,,a_rus_b,0,TRUE,FALSE,ВС России уничтожили украинский склад с боеприпасами в районе Угледара,MACHINE_NONCANDIDATE,FALSE
69581,20230218,1,334897,espreso,https://espreso.tv/koriguvala-udari-rf-po-shkolakh-ta-elektropidstantsiyakh-donechchini-sbu-zatrimala-vorozhu-informatorku,ENERGY_GRID_SUPPORT,підстанц,удар,695094,Ruttschenkowo,Donets'k,Donets'ka,37.675289,47.955082,DROP,DROP_LOCATION_NOT_RU,,,,a_ukr_init_b,,a_ukr_b,1,a_rus_init_b,,a_rus_b,0,TRUE,FALSE,Коригувала удари РФ по школах та електропідстанціях Донеччини: СБУ затримала ворожу інформаторку,MACHINE_NONCANDIDATE,FALSE
200501,20230220,7,275795,ria,https://ria.ru/20230220/spetsoperatsiya-1853164984.html,AMMUNITION_ARSENAL,склад боеприпас,уничтож,706448,Kherson,Kherson,Khersons'ka,32.614962,46.640319,REVIEW,REVIEW_NAME_ONLY_RU_SUPPORT,,,Kherson,a_ukr_init_b,,a_ukr_b,0,a_rus_init_b,,a_rus_b,0,TRUE,FALSE,Российские военные уничтожили склад боеприпасов ВСУ в районе Херсона,REVIEW,FALSE
200504,20230220,1,275756,ria,https://ria.ru/20230220/sklad-1853081786.html,AMMUNITION_ARSENAL,склад боеприпас,уничтож,706448,Kherson,Kherson,Khersons'ka,32.614962,46.640319,REVIEW,REVIEW_NAME_ONLY_RU_SUPPORT,,,Kherson,a_ukr_init_b,,a_ukr_b,0,a_rus_init_b,,a_rus_b,0,TRUE,FALSE,Артиллеристы уничтожили склад боеприпасов ВСУ в Херсоне,REVIEW,FALSE
76613,20230221,1,1629744,meduza,https://twitter.com/antiputler_news/status/1630888857582305281,AMMUNITION_ARSENAL,склад боеприпас,Беспилот,695735,Rozdolivka,Donets'k,Artemivs'kyi,38.09092,48.74413,DROP,DROP_LOCATION_NOT_RU,,,,a_ukr_init_b,,a_ukr_b,1,a_rus_init_b,,a_rus_b,0,TRUE,FALSE,"Беспилотник ВСУ сбрасывает боеприпасы на, как утверждается, небольшой склад боеприпасов российских сил в районе Раздоловки к северу от Соледара.",MACHINE_NONCANDIDATE,FALSE
104238,20230221,1,1629824,meduza,https://twitter.com/NOELreports/status/1629920628881993733,AMMUNITION_ARSENAL,склад боеприпас,уничтож,699637,Novodarivka,Donets'k,Velykonovosilkivs'kyi,36.64254,47.7802,DROP,DROP_LOCATION_NOT_RU,,,,a_ukr_init_b,,a_ukr_b,1,a_rus_init_b,,a_rus_b,1,TRUE,FALSE,"Как утверждается, артиллерия ВСУ уничтожила российский склад боеприпасов в Новодаровке в Запорожской области.",MACHINE_NONCANDIDATE,FALSE
261649,20230222,3,275948,ria,https://ria.ru/20230222/spetsoperatsiya-1853690446.html,AMMUNITION_ARSENAL,склада боеприпас,уничтож,710771,Chorna Dolyna,Kherson,Kakhovs'kyi,33.481729,46.55783,DROP,DROP_LOCATION_NOT_RU,,,,a_ukr_init_b,,a_ukr_b,0,a_rus_init_b,,a_rus_b,0,FALSE,FALSE,ВС России уничтожили в Херсонской области два склада боеприпасов теробороны,MACHINE_NONCANDIDATE,FALSE
62838,20230222,2,275980,ria,https://ria.ru/20230222/pozhar-1853889903.html,MILITARY_REPAIR_SHIPYARD,судоремонт,пожар,694423,Sevastopol,Sevastopol',Lenins'kyi,33.5229142,44.6010512,REVIEW,REVIEW_DISPUTED_CRIMEA,,,,a_ukr_init_b,,a_ukr_b,0,a_rus_init_b,,a_rus_b,0,FALSE,FALSE,На судоремонтном заводе в Севастополе ликвидировали пожар,REVIEW,FALSE
286213,20230223,2,276033,ria,https://ria.ru/20230223/avdeevka-1853983223.html,AMMUNITION_ARSENAL,склад боеприпас,уничтож,713122,Avdiyivka,Donets'k,Iasynuvats'ka,37.7466719,48.1338824,DROP,DROP_LOCATION_NOT_RU,,,,a_ukr_init_b,,a_ukr_b,0,a_rus_init_b,,a_rus_b,0,TRUE,FALSE,Российские войска уничтожили украинский склад боеприпасов в районе Авдеевки,MACHINE_NONCANDIDATE,FALSE
229444,20230223,1,1676106,pravdaua,https://www.pravda.com.ua/news/2023/02/23/7390564/,STRATEGIC_AIRBASE,аеродром,Атак,708251,Hostomel,Kiev,Kyievo-Sviatoshyns'kyi,30.264853,50.580265,DROP,DROP_LOCATION_NOT_RU,,,,a_ukr_init_b,,a_ukr_b,0,a_rus_init_b,,a_rus_b,1,FALSE,FALSE,"Атаку росіян на аеродром в Гостомелі у перші дні війни допоміг відбити """"коригувальник із народу"""" – ЗМІ.",MACHINE_NONCANDIDATE,FALSE
298114,20230228,1,120660,liveuamap,https://twitter.com/samotniyskhid/status/1630551757863485440,AMMUNITION_ARSENAL,складі боєприпас,Вибух,713522,Almazna,Luhans'k,Stakhanivs'ka,38.60759,48.53346,DROP,DROP_LOCATION_NOT_RU,,,,a_ukr_init_b,,a_ukr_b,0,a_rus_init_b,,a_rus_b,0,FALSE,FALSE,Вибухи на складі боєприпасів у Кадіївці,MACHINE_NONCANDIDATE,FALSE
298115,20230301,1,120845,liveuamap,https://twitter.com/samotniyskhid/status/1630551757863485440,AMMUNITION_ARSENAL,складі боєприпас,Вибух,713522,Almazna,Luhans'k,Stakhanivs'ka,38.60759,48.53346,DROP,DROP_LOCATION_NOT_RU,,,,a_ukr_init_b,,a_ukr_b,1,a_rus_init_b,,a_rus_b,0,FALSE,FALSE,Вибухи на складі боєприпасів у Кадіївці,MACHINE_NONCANDIDATE,FALSE
119459,20230301,1,1713549,unian,https://www.unian.ua/war/na-aerodromi-okupovanogo-melitopolya-prolunav-vibuh-12163830.html,STRATEGIC_AIRBASE,аеродром,вибух,701404,Melitopol,Zaporizhzhya,Melitopol's'kyi,35.37288,46.842187,DROP,DROP_LOCATION_NOT_RU,,,,a_ukr_init_b,,a_ukr_b,0,a_rus_init_b,,a_rus_b,0,FALSE,FALSE,На аеродромі окупованого Мелітополя пролунав вибух,MACHINE_NONCANDIDATE,FALSE
155137,20230302,24,276560,ria,https://ria.ru/20230302/ataka-1855396534.html,STRATEGIC_AIRBASE,авиабаз,атак,703448,Kyiv,Kiev City,Shevchenkivs'kyi,30.52355,50.450441,DROP,DROP_LOCATION_NOT_RU,,,,a_ukr_init_b,,a_ukr_b,0,a_rus_init_b,,a_rus_b,0,FALSE,FALSE,Рябков прокомментировал попытки Киева атаковать авиабазы России,MACHINE_NONCANDIDATE,FALSE
298116,20230302,1,121068,liveuamap,https://twitter.com/samotniyskhid/status/1630551757863485440,AMMUNITION_ARSENAL,складі боєприпас,Вибух,713522,Almazna,Luhans'k,Stakhanivs'ka,38.60759,48.53346,DROP,DROP_LOCATION_NOT_RU,,,,a_ukr_init_b,,a_ukr_b,0,a_rus_init_b,,a_rus_b,0,FALSE,FALSE,Вибухи на складі боєприпасів у Кадіївці,MACHINE_NONCANDIDATE,FALSE
200570,20230302,2,276534,ria,https://ria.ru/20230302/kherson-1855277542.html,AMMUNITION_ARSENAL,склад с боеприпас,уничтож,706448,Kherson,Kherson,Khersons'ka,32.614962,46.640319,REVIEW,REVIEW_NAME_ONLY_RU_SUPPORT,,,Kherson,a_ukr_init_b,,a_ukr_b,0,a_rus_init_b,,a_rus_b,0,TRUE,FALSE,Российские артиллеристы уничтожили склад с боеприпасами ВСУ под Херсоном,REVIEW,FALSE
292845,20230302,1,1676294,pravdaua,https://www.pravda.com.ua/news/2023/03/2/7391754/,AMMUNITION_ARSENAL,склад із боєприпас,атак,713174,Bakhmut,Donets'k,Artemivs'ka,38.001988,48.589471,REVIEW,REVIEW_NAME_ONLY_RU_SUPPORT,,,Bakhmut,a_ukr_init_b,,a_ukr_b,1,a_rus_init_b,,a_rus_b,0,TRUE,FALSE,ЗСУ відбили атаки ворога на Бахмут та уразили склад із боєприпасами – Генштаб.,REVIEW,FALSE
220312,20230303,1,1629868,meduza,https://twitter.com/hochu_dodomu/status/1633378299186495488,AMMUNITION_ARSENAL,склад боеприпас,дрон|уничтож,706768,Kardashynka,Kherson,Bilozers'kyi,32.586148,46.554067,DROP,DROP_LOCATION_NOT_RU,,,,a_ukr_init_b,,a_ukr_b,1,a_rus_init_b,,a_rus_b,0,TRUE,FALSE,"Как утверждается, ВСУ при помощи дронов уничтожили склад боеприпасов в Кардашинке на левом берегу Днепра.",MACHINE_NONCANDIDATE,FALSE
339074,20230303,1,1629884,meduza,https://twitter.com/SerDer_Daniels/status/1633061622355746817,AMMUNITION_ARSENAL,склад боеприпас,уничтож,10951287,Vesele,Zaporizhzhya,Tokmats'kyi,35.767196,47.178945,DROP,DROP_LOCATION_NOT_RU,,,,a_ukr_init_b,,a_ukr_b,0,a_rus_init_b,,a_rus_b,1,TRUE,FALSE,"Как утверждается, артиллерия ВСУ уничтожила миномет и склад боеприпасов российской армии в районе Великой Новоселки на границе Донецкой и Запорожской областей.",MACHINE_NONCANDIDATE,FALSE
309744,20230303,1,1629894,meduza,https://twitter.com/PaulJawin/status/1631628256783790081,AMMUNITION_ARSENAL,склад боеприпас,уничтож,811207,Krasnopillia,Donets'k,Artemivs'kyi,38.048335,48.728891,DROP,DROP_LOCATION_NOT_RU,,,,a_ukr_init_b,,a_ukr_b,1,a_rus_init_b,,a_rus_b,0,FALSE,FALSE,"Как утверждается, уничтожен полевой склад боеприпасов и расположение российских сил в Краснопольевке под Соледаром.",MACHINE_NONCANDIDATE,FALSE
228257,20230303,1,1879905,meduza,https://twitter.com/SerDer_Daniels/status/1633061622355746817,AMMUNITION_ARSENAL,склад боеприпас,уничтож,707992,Blahodatne,Donets'k,Velykonovosilkivs'kyi,36.8235,47.78533,DROP,DROP_LOCATION_NOT_RU,,,,a_ukr_init_b,,a_ukr_b,1,a_rus_init_b,,a_rus_b,0,TRUE,FALSE,"Как утверждается, артиллерия ВСУ уничтожила миномет и склад боеприпасов российской армии в районе Великой Новоселки на границе Донецкой и Запорожской областей.",MACHINE_NONCANDIDATE,FALSE
292895,20230304,1,335265,espreso,https://espreso.tv/zsu-vidbili-chislenni-ataki-pid-bakhmutom-zavdali-dva-udari-po-zrk-protivnika-ta-po-skladu-boepripasiv-genshtab,AMMUNITION_ARSENAL,складу боєприпас,атак|удар,713174,Bakhmut,Donets'k,Artemivs'ka,38.001988,48.589471,REVIEW,REVIEW_NAME_ONLY_RU_SUPPORT,,,Bakhmut,a_ukr_init_b,,a_ukr_b,1,a_rus_init_b,,a_rus_b,0,TRUE,FALSE,"ЗСУ відбили численні атаки під Бахмутом, завдали два удари по ЗРК противника та по складу боєприпасів",REVIEW,FALSE
62848,20230307,1,276867,ria,https://ria.ru/20230307/sevastopol-1856289220.html,STRATEGIC_AIRBASE,аэродром,взрыв,694423,Sevastopol,Sevastopol',Lenins'kyi,33.5229142,44.6010512,REVIEW,REVIEW_DISPUTED_CRIMEA,,,,a_ukr_init_b,,a_ukr_b,0,a_rus_init_b,,a_rus_b,0,FALSE,FALSE,Глава Севастополя опроверг сообщения о взрыве в районе аэродрома,REVIEW,FALSE
55977,20230307,1,1713756,unian,https://www.unian.ua/war/vibuhi-v-sevastopoli-7-bereznya-u-merezhi-povidomili-pro-vibuhi-bilya-aeroportu-12170004.html,STRATEGIC_AIRBASE,аеродром,вибух,693805,Simferopol,Crimea,Simferopol's'ka,34.0994127132379,44.9536335,REVIEW,REVIEW_DISPUTED_CRIMEA,,,,a_ukr_init_b,,a_ukr_b,0,a_rus_init_b,,a_rus_b,0,FALSE,FALSE,"У мережі повідомили про вибухи біля аеродрому """"Бельбек"""" у Криму: що відомо",REVIEW,FALSE
261751,20230309,2,1630007,meduza,https://twitter.com/hochu_dodomu/status/1633378299186495488,AMMUNITION_ARSENAL,склад боеприпас,уничтож,710771,Chorna Dolyna,Kherson,Kakhovs'kyi,33.481729,46.55783,DROP,DROP_LOCATION_NOT_RU,,,,a_ukr_init_b,,a_ukr_b,1,a_rus_init_b,,a_rus_b,0,TRUE,FALSE,"ВСУ, как утверждается, уничтожили российский склад боеприпасов в Кардашинке на левом берегу Днепра в Херсонской области.",MACHINE_NONCANDIDATE,FALSE
99881,20230309,1,1630044,meduza,https://t.me/supernova_plus/18413,AMMUNITION_ARSENAL,склада боеприпас,взрыв,698799,Oborotnivka,Luhans'k,Svativs'kyi,38.044518,49.592165,DROP,DROP_LOCATION_NOT_RU,,,,a_ukr_init_b,,a_ukr_b,1,a_rus_init_b,,a_rus_b,0,FALSE,FALSE,"Мощный взрыв (вероятно, склада боеприпасов) в Оборотновке Луганской области. Населенный пункт контролируется ВС РФ.",MACHINE_NONCANDIDATE,FALSE
165009,20230309,1,1630064,meduza,https://twitter.com/NOELreports/status/1636366636566577153,AMMUNITION_ARSENAL,складе боеприпас,пожар|удар,703493,Maloianysol,Donets'k,Volodars'kyi,37.357826,47.366778,DROP,DROP_LOCATION_NOT_RU,,,,a_ukr_init_b,,a_ukr_b,1,a_rus_init_b,,a_rus_b,0,TRUE,FALSE,"Сообщается о пожаре (вероятно, после украинского удара) на российском складе боеприпасов в поселке Малоянисоль к северу от Мариуполя.",MACHINE_NONCANDIDATE,FALSE
220313,20230309,1,1880028,meduza,https://twitter.com/hochu_dodomu/status/1633378299186495488,AMMUNITION_ARSENAL,склад боеприпас,уничтож,706768,Kardashynka,Kherson,Bilozers'kyi,32.586148,46.554067,DROP,DROP_LOCATION_NOT_RU,,,,a_ukr_init_b,,a_ukr_b,1,a_rus_init_b,,a_rus_b,0,TRUE,FALSE,"ВСУ, как утверждается, уничтожили российский склад боеприпасов в Кардашинке на левом берегу Днепра в Херсонской области.",MACHINE_NONCANDIDATE,FALSE
142943,20230310,1,46472,interfaxua,https://interfax.com.ua/news/general/896759.html,ENERGY_GRID_SUPPORT,підстанц,пошкодж,702963,Liskhimstroy,Luhans'k,Popasnians'kyi,38.490268,48.953355,DROP,DROP_LOCATION_NOT_RU,,,,a_ukr_init_b,,a_ukr_b,0,a_rus_init_b,,a_rus_b,0,FALSE,FALSE,"У Сєвєродонецьку повністю зруйновано каналізацію, пошкоджено підстанції та водогін - керівник міської ВЦА",MACHINE_NONCANDIDATE,FALSE
200626,20230310,3,150847,ng,https://www.ng.ru/news/761666.html,AMMUNITION_ARSENAL,склад с боеприпас,уничтож,706448,Kherson,Kherson,Khersons'ka,32.614962,46.640319,REVIEW,REVIEW_NAME_ONLY_RU_SUPPORT,,,Kherson,a_ukr_init_b,,a_ukr_b,0,a_rus_init_b,,a_rus_b,0,TRUE,FALSE,Российские артиллеристы ночью уничтожили склад с боеприпасами ВСУ в Херсоне,REVIEW,FALSE
12827,20230312,3,277221,ria,https://ria.ru/20230312/zaporozhe-1857347852.html,AMMUNITION_ARSENAL,склад боеприпас,уничтож,687700,Zaporizhzhya,Zaporizhzhya,Zaporiz'ka,35.138851,47.838312,DROP,DROP_LOCATION_NOT_RU,,,,a_ukr_init_b,,a_ukr_b,0,a_rus_init_b,,a_rus_b,0,FALSE,FALSE,Российские военные уничтожили в районе города Запорожье склад боеприпасов,MACHINE_NONCANDIDATE,FALSE
340143,20230322,1,1630243,meduza,https://t.me/riamelitopol/86801,ENERGY_GRID_SUPPORT,подстанц,взрыв|ракет|удар,10951592,Yurivka,Zaporizhzhya,Melitopol's'kyi,35.3468,46.88348,DROP,DROP_LOCATION_NOT_RU,,,,a_ukr_init_b,,a_ukr_b,1,a_rus_init_b,,a_rus_b,0,FALSE,FALSE,"Последствия взрывов на подстанции Мелитопольского локомотивного депо. Вероятно, был нанесен удар ракетами РСЗО  HIMARS.",MACHINE_NONCANDIDATE,FALSE
75388,20230322,1,1630270,meduza,https://twitter.com/NOELreports/status/1641090773650141186,STRATEGIC_AIRBASE,авиабаз,Взрыв|атак|дрон,695574,Rodnikovo,Crimea,Simferopol's'kyi,33.95876,45.046901,REVIEW,REVIEW_DISPUTED_CRIMEA,,,,a_ukr_init_b,,a_ukr_b,0,a_rus_init_b,,a_rus_b,0,TRUE,FALSE,"Взрыв в районе авиабазы в Гвардейском под Симферополем. Вероятно, авиабаз была атакована дроном-камикадзе ВСУ.",REVIEW,FALSE
276411,20230322,1,1630307,meduza,https://twitter.com/PaulJawin/status/1638590113394434077,AMMUNITION_ARSENAL,склад боеприпас,уничтож,712589,Bilohorivka,Donets'k,Artemivs'kyi,38.21588,48.744559,DROP,DROP_LOCATION_NOT_RU,,,,a_ukr_init_b,,a_ukr_b,1,a_rus_init_b,,a_rus_b,0,TRUE,FALSE,ВСУ уничтожили российский полевой склад боеприпасов севернее Белогоровки.,MACHINE_NONCANDIDATE,FALSE
101200,20230327,1,127555,liveuamap,https://t.me/UkraineNow/30977,AMMUNITION_ARSENAL,складі боєприпас,Вибух,699096,Novotroitske,Donets'k,Volnovas'kyi,37.56689,47.71092,DROP,DROP_LOCATION_NOT_RU,,,,a_ukr_init_b,,a_ukr_b,0,a_rus_init_b,,a_rus_b,0,FALSE,FALSE,Вибухи на складі боєприпасів у Новотроїцькому Донецької області,MACHINE_NONCANDIDATE,FALSE
101197,20230327,1,127556,liveuamap,https://t.me/UkraineNow/30977,AMMUNITION_ARSENAL,складі боєприпас,Вибух,699096,Novotroitske,Donets'k,Volnovas'kyi,37.56689,47.71092,DROP,DROP_LOCATION_NOT_RU,,,,a_ukr_init_b,,a_ukr_b,0,a_rus_init_b,,a_rus_b,0,FALSE,FALSE,Вибухи на складі боєприпасів у Новотроїцькому Донецької області,MACHINE_NONCANDIDATE,FALSE
213559,20230327,1,278302,ria,https://ria.ru/20230327/sklad-1860940949.html,AMMUNITION_ARSENAL,склад боеприпас,уничтож,706483,Kharkiv,Kharkiv,Kharkivs'ka,36.231202,49.992167,DROP,DROP_LOCATION_NOT_RU,,,,a_ukr_init_b,,a_ukr_b,0,a_rus_init_b,,a_rus_b,0,FALSE,FALSE,Российские войска в Харьковской области уничтожили склад боеприпасов,MACHINE_NONCANDIDATE,FALSE
101201,20230328,1,127693,liveuamap,https://t.me/UkraineNow/30977,AMMUNITION_ARSENAL,складі боєприпас,Вибух,699096,Novotroitske,Donets'k,Volnovas'kyi,37.56689,47.71092,DROP,DROP_LOCATION_NOT_RU,,,,a_ukr_init_b,,a_ukr_b,0,a_rus_init_b,,a_rus_b,0,FALSE,FALSE,Вибухи на складі боєприпасів у Новотроїцькому Донецької області,MACHINE_NONCANDIDATE,FALSE
101198,20230328,1,127694,liveuamap,https://t.me/UkraineNow/30977,AMMUNITION_ARSENAL,складі боєприпас,Вибух,699096,Novotroitske,Donets'k,Volnovas'kyi,37.56689,47.71092,DROP,DROP_LOCATION_NOT_RU,,,,a_ukr_init_b,,a_ukr_b,0,a_rus_init_b,,a_rus_b,0,FALSE,FALSE,Вибухи на складі боєприпасів у Новотроїцькому Донецької області,MACHINE_NONCANDIDATE,FALSE
101202,20230329,1,127877,liveuamap,https://t.me/UkraineNow/30977,AMMUNITION_ARSENAL,складі боєприпас,Вибух,699096,Novotroitske,Donets'k,Volnovas'kyi,37.56689,47.71092,DROP,DROP_LOCATION_NOT_RU,,,,a_ukr_init_b,,a_ukr_b,0,a_rus_init_b,,a_rus_b,0,FALSE,FALSE,Вибухи на складі боєприпасів у Новотроїцькому Донецької області,MACHINE_NONCANDIDATE,FALSE
101199,20230329,1,127878,liveuamap,https://t.me/UkraineNow/30977,AMMUNITION_ARSENAL,складі боєприпас,Вибух,699096,Novotroitske,Donets'k,Volnovas'kyi,37.56689,47.71092,DROP,DROP_LOCATION_NOT_RU,,,,a_ukr_init_b,,a_ukr_b,0,a_rus_init_b,,a_rus_b,0,FALSE,FALSE,Вибухи на складі боєприпасів у Новотроїцькому Донецької області,MACHINE_NONCANDIDATE,FALSE
56111,20230329,1,1677192,pravdaua,https://www.pravda.com.ua/news/2023/03/29/7395610/,STRATEGIC_AIRBASE,авіабаз,вибух,693805,Simferopol,Crimea,Simferopol's'ka,34.0994127132379,44.9536335,REVIEW,REVIEW_DISPUTED_CRIMEA,,,,a_ukr_init_b,,a_ukr_b,0,a_rus_init_b,,a_rus_b,0,FALSE,FALSE,"В кримському селищі із авіабазою пролунав вибух, видно дим. В анексованому Росією Криму пролунав вибув в селі Гвардійське Сімферопольського району.",REVIEW,FALSE
314528,20230329,1,1677193,pravdaua,https://www.pravda.com.ua/news/2023/03/29/7395610/,STRATEGIC_AIRBASE,авіабаз,вибух,6975347,Beloglinka,Crimea,Simferopol's'kyi,34.036798,44.984154,REVIEW,REVIEW_DISPUTED_CRIMEA,,,,a_ukr_init_b,,a_ukr_b,0,a_rus_init_b,,a_rus_b,0,FALSE,FALSE,"В кримському селищі із авіабазою пролунав вибух, видно дим. В анексованому Росією Криму пролунав вибув в селі Гвардійське Сімферопольського району.",REVIEW,FALSE
95841,20230330,2,47019,interfaxua,https://interfax.com.ua/news/general/900882.html,ENERGY_GRID_SUPPORT,підстанц,ракет,698740,Odessa,Odessa,Odes'ka,30.731689,46.484213,DROP,DROP_LOCATION_NOT_RU,,,,a_ukr_init_b,,a_ukr_b,0,a_rus_init_b,,a_rus_b,0,TRUE,FALSE,"В Одесі СБУ затримала ворожого агента, який наводив ракети на електропідстанції",MACHINE_NONCANDIDATE,FALSE
261889,20230330,1,278572,ria,https://ria.ru/20230330/spetsoperatsiya-1861852194.html,AMMUNITION_ARSENAL,склад с боеприпас,уничтож,710771,Chorna Dolyna,Kherson,Kakhovs'kyi,33.481729,46.55783,DROP,DROP_LOCATION_NOT_RU,,,,a_ukr_init_b,,a_ukr_b,0,a_rus_init_b,,a_rus_b,0,TRUE,FALSE,Российские военные уничтожили склад с боеприпасами ВСУ в Херсонской области,MACHINE_NONCANDIDATE,FALSE
213585,20230401,1,278701,ria,https://ria.ru/20230401/sklad-1862359625.html,AMMUNITION_ARSENAL,склад с боеприпас,уничтож,706483,Kharkiv,Kharkiv,Kharkivs'ka,36.231202,49.992167,DROP,DROP_LOCATION_NOT_RU,,,,a_ukr_init_b,,a_ukr_b,0,a_rus_init_b,,a_rus_b,0,TRUE,FALSE,ВС России уничтожили украинский склад с боеприпасами в Харьковской области,MACHINE_NONCANDIDATE,FALSE
314897,20230403,1,1630421,meduza,https://twitter.com/24Kava2022/status/1643553382987100162,STRATEGIC_AIRBASE,аэродром,дрон,7039154,Novofedorovka,Crimea,Saks'kyi,33.577236,45.093663,REVIEW,REVIEW_DISPUTED_CRIMEA,,,,a_ukr_init_b,,a_ukr_b,0,a_rus_init_b,,a_rus_b,1,TRUE,FALSE,"Стрельба (вероятно, огонь ведется по украинскому дрону) на улицах Новофедоровки рядом с военным аэродромом в Крыму.",REVIEW,FALSE
247287,20230403,1,1630424,meduza,https://twitter.com/Cosmonaut19/status/1643197310502072320,ENERGY_GRID_SUPPORT,подстанц,поврежд|удар,709930,Dnipro,Dnipropetrovs'k,Dnipropetrovs'ka,35.046181,48.464717,DROP,DROP_LOCATION_NOT_RU,,,,a_ukr_init_b,,a_ukr_b,1,a_rus_init_b,,a_rus_b,0,FALSE,FALSE,В Бериславе на правом берегу Днепра в результате российских ударов повреждены электрическая подстанция и башня связи.,MACHINE_NONCANDIDATE,FALSE
253747,20230403,2,1630525,meduza,https://t.me/HersonEnot/1053,ENERGY_GRID_SUPPORT,подстанц,удар,710592,Dibrova,Luhans'k,Kremins'kyi,38.118862,48.979456,DROP,DROP_LOCATION_NOT_RU,,,,a_ukr_init_b,,a_ukr_b,1,a_rus_init_b,,a_rus_b,0,TRUE,FALSE,Авиаудар по украинским позициям на электроподстанции в Кременских лесах.,MACHINE_NONCANDIDATE,FALSE
271052,20230403,1,1880445,meduza,https://twitter.com/Cosmonaut19/status/1643197310502072320,ENERGY_GRID_SUPPORT,подстанц,поврежд|удар,712260,Beryslav,Kherson,Beryslavs'kyi,33.410468,46.837396,DROP,DROP_LOCATION_NOT_RU,,,,a_ukr_init_b,,a_ukr_b,0,a_rus_init_b,,a_rus_b,1,FALSE,FALSE,В Бериславе на правом берегу Днепра в результате российских ударов повреждены электрическая подстанция и башня связи.,MACHINE_NONCANDIDATE,FALSE
119563,20230406,1,1677440,pravdaua,https://www.pravda.com.ua/news/2023/04/6/7396677/,STRATEGIC_AIRBASE,аеродром,вибух,701404,Melitopol,Zaporizhzhya,Melitopol's'kyi,35.37288,46.842187,DROP,DROP_LOCATION_NOT_RU,,,,a_ukr_init_b,,a_ukr_b,0,a_rus_init_b,,a_rus_b,1,FALSE,FALSE,"Уночі лунали вибухи в районі аеродрому, там база окупантів – мер Мелітополя.",MACHINE_NONCANDIDATE,FALSE
166559,20230407,1,1646219,liga,https://news.liga.net/politics/video/vozle-kupyanska-artilleriya-vsu-unichtojila-sklad-boepripasov-i-ural-s-rossiyanami-video,AMMUNITION_ARSENAL,склад боеприпас,уничтож,703656,Kupiansk,Kharkiv,Kupians'ka,37.614779,49.710797,DROP,DROP_LOCATION_NOT_RU,,,,a_ukr_init_b,,a_ukr_b,1,a_rus_init_b,,a_rus_b,0,TRUE,FALSE,"Возле Купянска артиллерия ВСУ уничтожила склад боеприпасов и """"Урал"""" с россиянами — видео",MACHINE_NONCANDIDATE,FALSE
293579,20230408,2,1646234|1715076,liga|unian,https://news.liga.net/politics/video/pod-bahmutom-artilleristy-45-brigady-vsu-unichtojili-bmp-i-sklad-boepripasov-rf-video|https://www.unian.ua/war/boycy-45-y-artilleristskoy-brigady-pod-bahmutom-unichtozhili-bmp-i-sklad-boepripasov-video-12210411.html,AMMUNITION_ARSENAL,склад боеприпас|склад боєприпас,знищ|уничтож,713174,Bakhmut,Donets'k,Artemivs'ka,38.001988,48.589471,REVIEW,REVIEW_NAME_ONLY_RU_SUPPORT,,,Bakhmut,a_ukr_init_b,,a_ukr_b,1,a_rus_init_b,,a_rus_b,0,TRUE,FALSE,Под Бахмутом артиллеристы 45 бригады ВСУ уничтожили БМП и склад боеприпасов РФ — видео || Бійці 45-ї артилеристської бригади під Бахмутом знищили БМП і склад боєприпасів (відео),REVIEW,FALSE
293614,20230410,1,1646266,liga,https://news.liga.net/politics/video/v-rayone-bahmuta-artilleristy-28-brigady-unichtojili-sklad-injenernyh-boepripasov-video,AMMUNITION_ARSENAL,склад инженерных боеприпас,уничтож,713174,Bakhmut,Donets'k,Artemivs'ka,38.001988,48.589471,REVIEW,REVIEW_NAME_ONLY_RU_SUPPORT,,,Bakhmut,a_ukr_init_b,,a_ukr_b,0,a_rus_init_b,,a_rus_b,1,FALSE,FALSE,В районе Бахмута артиллеристы 28 бригады уничтожили склад инженерных боеприпасов — видео,REVIEW,FALSE
326060,20230412,1,1630550,meduza,https://twitter.com/SerDer_Daniels/status/1646396728927481856,AMMUNITION_ARSENAL,склад боеприпас,уничтож,9113824,Dubovo-Vasylivka,Donets'k,Artemivs'kyi,37.920747,48.652463,DROP,DROP_LOCATION_NOT_RU,,,,a_ukr_init_b,,a_ukr_b,0,a_rus_init_b,,a_rus_b,0,TRUE,FALSE,Артиллерия ВСУ уничтожила склад боеприпасов ЧВК Вагнера в Дубово-Василевке под Бахмутом.,MACHINE_NONCANDIDATE,FALSE
95884,20230413,1,336413,espreso,https://espreso.tv/v-odesi-zatrimali-radiomekhanika-zavodu-vpk-yakiy-koriguvav-ataki-droniv-shahed,DEFENSE_INDUSTRY,ВПК,атак|дрон,698740,Odessa,Odessa,Odes'ka,30.731689,46.484213,DROP,DROP_LOCATION_NOT_RU,,,,a_ukr_init_b,,a_ukr_b,0,a_rus_init_b,,a_rus_b,0,FALSE,FALSE,"В Одесі затримали радіомеханіка заводу ВПК, який коригував атаки дронів Shahed",MACHINE_NONCANDIDATE,FALSE
293670,20230413,1,1646309,liga,https://news.liga.net/politics/video/pod-bahmutom-artilleristy-45-brigady-pryamym-udarom-unichtojili-sklad-boepripasov-video,AMMUNITION_ARSENAL,склад боеприпас,удар|уничтож,713174,Bakhmut,Donets'k,Artemivs'ka,38.001988,48.589471,REVIEW,REVIEW_NAME_ONLY_RU_SUPPORT,,,Bakhmut,a_ukr_init_b,,a_ukr_b,0,a_rus_init_b,,a_rus_b,1,FALSE,FALSE,Под Бахмутом артиллеристы 45 бригады прямым ударом уничтожили склад боеприпасов — видео,REVIEW,FALSE
213633,20230415,1,279562,ria,https://ria.ru/20230415/sklad-1865490709.html,AMMUNITION_ARSENAL,склада ВСУ с боеприпас,уничтож,706483,Kharkiv,Kharkiv,Kharkivs'ka,36.231202,49.992167,DROP,DROP_LOCATION_NOT_RU,,,,a_ukr_init_b,,a_ukr_b,0,a_rus_init_b,,a_rus_b,0,TRUE,FALSE,ВС России уничтожили два склада ВСУ с боеприпасами в Харьковской области,MACHINE_NONCANDIDATE,FALSE
35791,20230416,1,130941,liveuamap,https://t.me/hueviyherson/37996,AMMUNITION_ARSENAL,складі боєприпас,вибух,691037,Oleshky,Kherson,Bilozers'kyi,32.7166,46.63011,DROP,DROP_LOCATION_NOT_RU,,,,a_ukr_init_b,,a_ukr_b,0,a_rus_init_b,,a_rus_b,0,FALSE,FALSE,На складі боєприпасів в Олешках пролунали вибухи,MACHINE_NONCANDIDATE,FALSE
35792,20230417,1,131047,liveuamap,https://t.me/hueviyherson/37996,AMMUNITION_ARSENAL,складі боєприпас,вибух,691037,Oleshky,Kherson,Bilozers'kyi,32.7166,46.63011,DROP,DROP_LOCATION_NOT_RU,,,,a_ukr_init_b,,a_ukr_b,0,a_rus_init_b,,a_rus_b,1,FALSE,FALSE,На складі боєприпасів в Олешках пролунали вибухи,MACHINE_NONCANDIDATE,FALSE
189043,20230419,1,1630688,meduza,https://twitter.com/PaulJawin/status/1649672880609804290,AMMUNITION_ARSENAL,склад боеприпас,уничтож,705666,Klyshchiivka,Donets'k,Artemivs'kyi,37.962382,48.533001,DROP,DROP_LOCATION_NOT_RU,,,,a_ukr_init_b,,a_ukr_b,1,a_rus_init_b,,a_rus_b,0,TRUE,FALSE,ВСУ артиллерийским огнем уничтожают российский склад боеприпасов в Клещеевке.,MACHINE_NONCANDIDATE,FALSE
271586,20230419,1,1630691,meduza,https://t.me/HersonVestnik/16390,AMMUNITION_ARSENAL,складу боеприпас,удар,712260,Beryslav,Kherson,Beryslavs'kyi,33.42942,46.841422,DROP,DROP_LOCATION_NOT_RU,,,,a_ukr_init_b,,a_ukr_b,1,a_rus_init_b,,a_rus_b,0,TRUE,FALSE,"Российский авиаудар, как утверждается, по складу боеприпасов и расположение личного состава ВСУ на правом берегу Днепра у Берислава.",MACHINE_NONCANDIDATE,FALSE
347510,20230419,2,1630834,meduza,https://t.me/zedigital/3062,AMMUNITION_ARSENAL,склада боеприпас,Уничтож,12324602,Bolshaya Il'inovka,Donets'k,Artemivs'ka,37.980269,48.608235,DROP,DROP_LOCATION_NOT_RU,,,,a_ukr_init_b,,a_ukr_b,1,a_rus_init_b,,a_rus_b,0,FALSE,FALSE,Уничтожение склада боеприпасов ЧВК Вагнера в северо-западной части Бахмута.,MACHINE_NONCANDIDATE,FALSE
61571,20230419,1,1630870,meduza,https://twitter.com/IntelCrab/status/1652133868403671041,FUEL_STORAGE_TERMINAL,нефтебаз,Пожар|беспилот|удар,694393,Shablykina,Sevastopol',Haharins'kyi,33.417682,44.583813,REVIEW,REVIEW_DISPUTED_CRIMEA,,,,a_ukr_init_b,,a_ukr_b,0,a_rus_init_b,,a_rus_b,1,TRUE,FALSE,"Пожар на нефтебазе в Севастополе. Утверждается, что пожар начался в результате удара украинских беспилотников.",REVIEW,FALSE
271065,20230419,1,1880712,meduza,https://t.me/HersonVestnik/16390,AMMUNITION_ARSENAL,складу боеприпас,удар,712260,Beryslav,Kherson,Beryslavs'kyi,33.417017,46.840508,DROP,DROP_LOCATION_NOT_RU,,,,a_ukr_init_b,,a_ukr_b,0,a_rus_init_b,,a_rus_b,1,TRUE,FALSE,"Российский авиаудар, как утверждается, по складу боеприпасов и расположение личного состава ВСУ на правом берегу Днепра у Берислава.",MACHINE_NONCANDIDATE,FALSE
139650,20230424,1,1715744,unian,https://www.unian.ua/war/bezpilotnik-atakuvav-naftobazu-rf-v-luganskiy-oblasti-video-foto-12231174.html,FUEL_STORAGE_TERMINAL,нафтобаз,Безпілот|атак,702658,Luhansk,Luhans'k,Luhans'ka,39.307708,48.573896,DROP,DROP_LOCATION_NOT_RU,,,,a_ukr_init_b,,a_ukr_b,0,a_rus_init_b,,a_rus_b,1,FALSE,FALSE,"Безпілотник атакував нафтобазу РФ в Луганській області (відео, фото)",MACHINE_NONCANDIDATE,FALSE
293846,20230425,4,47714,interfaxua,https://interfax.com.ua/news/general/906093.html,AMMUNITION_ARSENAL,склади боєприпас,безпілот|знищ,713174,Bakhmut,Donets'k,Artemivs'ka,38.001988,48.589471,REVIEW,REVIEW_NAME_ONLY_RU_SUPPORT,,,Bakhmut,a_ukr_init_b,,a_ukr_b,0,a_rus_init_b,,a_rus_b,0,FALSE,FALSE,"За добу в Бахмуті знищено 175 окупантів, п'ять безпілотників і чотири склади боєприпасів - Череватий",REVIEW,FALSE
75147,20230425,2,132523|132524,liveuamap,https://t.me/censor_net/28265,FUEL_STORAGE_TERMINAL,нафтобаз,Пожеж|безпілот,695379,Rovenky,Luhans'k,Roven'kivs'ka,39.36401,48.09173,DROP,DROP_LOCATION_NOT_RU,,,,a_ukr_init_b,,a_ukr_b,0,a_rus_init_b,,a_rus_b,0,TRUE,FALSE,Пожежа на нафтобазі в Ровеньках Луганської області. Окупаційна влада звинувачує українські безпілотники || Пожежа на нафтобазі в Ровеньках Луганської області. Окупаційна влада звинувачує українські безпілотники,MACHINE_NONCANDIDATE,FALSE
213668,20230425,1,280245,ria,https://ria.ru/20230425/sklad-1867619821.html,AMMUNITION_ARSENAL,склад боеприпас,уничтож,706483,Kharkiv,Kharkiv,Kharkivs'ka,36.231202,49.992167,DROP,DROP_LOCATION_NOT_RU,,,,a_ukr_init_b,,a_ukr_b,0,a_rus_init_b,,a_rus_b,0,TRUE,FALSE,В Харьковской области уничтожили склад боеприпасов 67-й мехбригады ВСУ,MACHINE_NONCANDIDATE,FALSE
75148,20230426,2,132612|132613,liveuamap,https://t.me/censor_net/28265,FUEL_STORAGE_TERMINAL,нафтобаз,Пожеж|безпілот,695379,Rovenky,Luhans'k,Roven'kivs'ka,39.36401,48.09173,DROP,DROP_LOCATION_NOT_RU,,,,a_ukr_init_b,,a_ukr_b,0,a_rus_init_b,,a_rus_b,0,TRUE,FALSE,Пожежа на нафтобазі в Ровеньках Луганської області. Окупаційна влада звинувачує українські безпілотники || Пожежа на нафтобазі в Ровеньках Луганської області. Окупаційна влада звинувачує українські безпілотники,MACHINE_NONCANDIDATE,FALSE
188771,20230428,1,133002,liveuamap,https://t.me/hueviyherson/38520,AMMUNITION_ARSENAL,складі боєприпас,Вибух,705598,Klyuchevaya,Kherson,Beryslavs'kyi,33.36009,46.74706,REVIEW,REVIEW_NAME_ONLY_RU_SUPPORT,,,Klyuchevaya,a_ukr_init_b,,a_ukr_b,0,a_rus_init_b,,a_rus_b,0,FALSE,FALSE,Вибухи на складі боєприпасів у Новій Каховці,REVIEW,FALSE
62926,20230429,16,151074|280523|280535|280537|280538|280569|280570|280582|47848,interfaxua|ng|ria,https://interfax.com.ua/news/general/907029.html|https://ria.ru/20230429/pozhar-1868670649.html|https://ria.ru/20230429/sevastopol-1868660223.html|https://ria.ru/20230429/sevastopol-1868669011.html|https://ria.ru/20230429/sevastopol-1868669347.html|https://ria.ru/20230429/sevastopol-1868709975.html|https://ria.ru/20230429/sevastopol-1868710106.html|https://ria.ru/20230429/sevastopol-1868733594.html|https://www.ng.ru/news/765723.html,FUEL_STORAGE_TERMINAL,Нефтебаз|нафтобаз|нефтебаз,Пожар|атак|беспилот|пожар|пожеж,694423,Sevastopol,Sevastopol',Lenins'kyi,33.5229142,44.6010512,REVIEW,REVIEW_DISPUTED_CRIMEA,,,,a_ukr_init_b,,a_ukr_b,0,a_rus_init_b,,a_rus_b,0,FALSE,FALSE,"На нафтобазі в Севастополі пожежа, попередньо, влучання БПЛА || В Севастополе планируется потушить пожар на нефтебазе до 18:00 || Развожаев: пожар на нефтебазе не повлияет на снабжение Севастополя топливом",REVIEW,FALSE
188772,20230429,1,133108,liveuamap,https://t.me/hueviyherson/38520,AMMUNITION_ARSENAL,складі боєприпас,Вибух,705598,Klyuchevaya,Kherson,Beryslavs'kyi,33.36009,46.74706,REVIEW,REVIEW_NAME_ONLY_RU_SUPPORT,,,Klyuchevaya,a_ukr_init_b,,a_ukr_b,0,a_rus_init_b,,a_rus_b,0,FALSE,FALSE,Вибухи на складі боєприпасів у Новій Каховці,REVIEW,FALSE
62927,20230429,2,280536,ria,https://ria.ru/20230429/ataka-1868669101.html,FUEL_STORAGE_TERMINAL,нефтебаз,атак,694423,Sevastopol,Sevastopol',Lenins'kyi,33.5229142,44.6010512,REVIEW,REVIEW_DISPUTED_CRIMEA,,,,a_ukr_init_b,,a_ukr_b,0,a_rus_init_b,,a_rus_b,0,FALSE,FALSE,В Севастополе четыре емкости пострадали после атаки БПЛА на нефтебазу,REVIEW,FALSE
62928,20230429,1,280541,ria,https://ria.ru/20230429/sevastopol-1868674146.html,FUEL_STORAGE_TERMINAL,нефтебаз,Пожар,694423,Sevastopol,Sevastopol',Lenins'kyi,33.5229142,44.6010512,REVIEW,REVIEW_DISPUTED_CRIMEA,,,,a_ukr_init_b,,a_ukr_b,0,a_rus_init_b,,a_rus_b,0,FALSE,FALSE,Пожарный поезд прибыл в Севастополь для тушения огня в районе нефтебазы,REVIEW,FALSE
56345,20230429,1,336843,espreso,https://espreso.tv/okupatsiyna-vlada-krimu-povidomlyae-pro-pozhezhu-na-naftobazi-u-sevastopoli,FUEL_STORAGE_TERMINAL,нафтобаз,пожеж,693805,Simferopol,Crimea,Simferopol's'ka,34.0994127132379,44.9536335,REVIEW,REVIEW_DISPUTED_CRIMEA,,,,a_ukr_init_b,,a_ukr_b,0,a_rus_init_b,,a_rus_b,1,FALSE,FALSE,Окупаційна влада Криму повідомляє про пожежу на нафтобазі у Севастополі,REVIEW,FALSE
62938,20230429,1,336844,espreso,https://espreso.tv/okupatsiyna-vlada-krimu-povidomlyae-pro-pozhezhu-na-naftobazi-u-sevastopoli,FUEL_STORAGE_TERMINAL,нафтобаз,пожеж,694423,Sevastopol,Sevastopol',Lenins'kyi,33.5229142,44.6010512,REVIEW,REVIEW_DISPUTED_CRIMEA,,,,a_ukr_init_b,,a_ukr_b,0,a_rus_init_b,,a_rus_b,1,FALSE,FALSE,Окупаційна влада Криму повідомляє про пожежу на нафтобазі у Севастополі,REVIEW,FALSE
33376,20230429,1,336861,espreso,https://espreso.tv/bozha-kara-za-uman-v-gur-rozkrili-podrobitsi-vibukhiv-na-naftobazi-v-sevastopoli,FUEL_STORAGE_TERMINAL,нафтобаз,вибух,690688,Uman,Cherkasy,Umans'kyi,30.220629,48.749654,REVIEW,REVIEW_NAME_ONLY_RU_SUPPORT,,,Uman,a_ukr_init_b,,a_ukr_b,0,a_rus_init_b,,a_rus_b,0,FALSE,FALSE,"""""Божа кара за Умань"""": в ГУР розкрили подробиці вибухів на нафтобазі в Севастополі",REVIEW,FALSE
62933,20230429,1,336862,espreso,https://espreso.tv/bozha-kara-za-uman-v-gur-rozkrili-podrobitsi-vibukhiv-na-naftobazi-v-sevastopoli,FUEL_STORAGE_TERMINAL,нафтобаз,вибух,694423,Sevastopol,Sevastopol',Lenins'kyi,33.5229142,44.6010512,REVIEW,REVIEW_DISPUTED_CRIMEA,,,,a_ukr_init_b,,a_ukr_b,0,a_rus_init_b,,a_rus_b,0,FALSE,FALSE,"""""Божа кара за Умань"""": в ГУР розкрили подробиці вибухів на нафтобазі в Севастополі",REVIEW,FALSE
62939,20230429,2,1646565,liga,https://news.liga.net/politics/news/sevastopol-chey-to-bespilotnik-udaril-po-ogromnoy-neftebaze-bolshoy-pojar-foto-video,FUEL_STORAGE_TERMINAL,нефтебаз,беспилот|пожар|удар,694423,Sevastopol,Sevastopol',Lenins'kyi,33.5229142,44.6010512,REVIEW,REVIEW_DISPUTED_CRIMEA,,,,a_ukr_init_b,,a_ukr_b,0,a_rus_init_b,,a_rus_b,1,FALSE,FALSE,"Севастополь. Чей-то беспилотник ударил по огромной нефтебазе, большой пожар — фото, видео",REVIEW,FALSE
62937,20230429,2,1678046|1678066,pravdaua,https://www.pravda.com.ua/news/2023/04/29/7399949/|https://www.pravda.com.ua/news/2023/04/29/7400001/,FUEL_STORAGE_TERMINAL,нафтобаз,безпілот|пожеж,694423,Sevastopol,Sevastopol',Lenins'kyi,33.5229142,44.6010512,REVIEW,REVIEW_DISPUTED_CRIMEA,,,,a_ukr_init_b,,a_ukr_b,0,a_rus_init_b,,a_rus_b,1,FALSE,FALSE,"У Севастополі загасили пожежу на нафтобазі, окупанти кажуть про два безпілотники. || У Севастополі горить нафтобаза: окупанти кажуть – поцілив безпілотник.",REVIEW,FALSE
62936,20230429,2,1715992,unian,https://www.unian.ua/war/rosiyani-nasilu-gasyat-rezervuar-pislya-vibuhu-v-sevastopoli-video-12238026.html,FUEL_STORAGE_TERMINAL,нафтобаз,Пожеж,694423,Sevastopol,Sevastopol',Lenins'kyi,33.5229142,44.6010512,REVIEW,REVIEW_DISPUTED_CRIMEA,,,,a_ukr_init_b,,a_ukr_b,0,a_rus_init_b,,a_rus_b,1,FALSE,FALSE,Пожежа на нафтобазі в Севастополі: росіяни насилу гасять резервуар (відео),REVIEW,FALSE
62932,20230429,2,1715977,unian,https://www.unian.ua/war/chubarov-rozpoviv-pro-detali-nichnoji-ataki-na-naftobazu-v-okupovanomu-sevastopoli-12237741.html,FUEL_STORAGE_TERMINAL,нафтобаз,атак,694423,Sevastopol,Sevastopol',Lenins'kyi,33.5229142,44.6010512,REVIEW,REVIEW_DISPUTED_CRIMEA,,,,a_ukr_init_b,,a_ukr_b,0,a_rus_init_b,,a_rus_b,0,FALSE,FALSE,Чубаров розповів про деталі нічної атаки на нафтобазу в окупованому Севастополі,REVIEW,FALSE
62940,20230430,1,47869,interfaxua,https://interfax.com.ua/news/general/907139.html,FUEL_STORAGE_TERMINAL,нафтобаз,Удар,694423,Sevastopol,Sevastopol',Lenins'kyi,33.5229142,44.6010512,REVIEW,REVIEW_DISPUTED_CRIMEA,,,,a_ukr_init_b,,a_ukr_b,0,a_rus_init_b,,a_rus_b,0,FALSE,FALSE,Удар по нафтобазі в Севастополі спровокував панічні настрої в місті та на півострові,REVIEW,FALSE
348719,20230430,1,133460,liveuamap,https://t.me/shot_shot/50713,FUEL_STORAGE_TERMINAL,нафтобаз,безпілот,,,,,33.39621,44.58423,REVIEW,REVIEW_DISPUTED_CRIMEA,,,,a_ukr_init_b,,a_ukr_b,0,a_rus_init_b,,a_rus_b,0,FALSE,FALSE,"За даними російських ЗМІ, в нападі на нафтобазу в Севастополі брали участь 6 безпілотників, але 4 були збиті ППО",REVIEW,FALSE
61572,20230430,3,133462|133463|133464,liveuamap,https://t.me/rusbrief/113047|https://t.me/tass_agency/189918|https://t.me/vekha/64066,FUEL_STORAGE_TERMINAL,нафтобаз,Пожеж|безпілот|пожеж|удар,694393,Shablykina,Sevastopol',Haharins'kyi,33.41758,44.58265,REVIEW,REVIEW_DISPUTED_CRIMEA,,,,a_ukr_init_b,,a_ukr_b,0,a_rus_init_b,,a_rus_b,0,TRUE,FALSE,"Пожежа на нафтобазі в Севастополі через ймовірний удар безпілотника || За даними окупаційної влади, пожежа на нафтобазі в Севастополі не загрожує цивільним об'єктам || Окупаційна влада Севастополя звинуватила український безпілотник у пожежі на нафтобазі",REVIEW,FALSE
56347,20230430,6,280634,ria,https://ria.ru/20230430/ukraina-1868836513.html,FUEL_STORAGE_TERMINAL,нефтебаз,атак,693805,Simferopol,Crimea,Simferopol's'ka,34.0994127132379,44.9536335,REVIEW,REVIEW_DISPUTED_CRIMEA,,,,a_ukr_init_b,,a_ukr_b,0,a_rus_init_b,,a_rus_b,0,TRUE,FALSE,На Украине назвали истинную цель атаки на нефтебазу в Крыму,REVIEW,FALSE
62943,20230430,1,336877,espreso,https://espreso.tv/tse-pidgotovka-do-nastupu-zsu-gumenyuk-pro-vibukhi-na-naftobazi-u-sevastopoli,FUEL_STORAGE_TERMINAL,нафтобаз,вибух,694423,Sevastopol,Sevastopol',Lenins'kyi,33.5229142,44.6010512,REVIEW,REVIEW_DISPUTED_CRIMEA,,,,a_ukr_init_b,,a_ukr_b,0,a_rus_init_b,,a_rus_b,0,TRUE,FALSE,"""""Це підготовка до наступу ЗСУ"""": Гуменюк про вибухи на нафтобазі у Севастополі",REVIEW,FALSE
62944,20230430,2,1646576,liga,https://news.liga.net/politics/news/genshtab-vsu-posle-pojara-na-neftebaze-v-sevastopole-zayavil-o-panicheskih-sluhah-v-gorode,FUEL_STORAGE_TERMINAL,нефтебаз,пожар,694423,Sevastopol,Sevastopol',Lenins'kyi,33.5229142,44.6010512,REVIEW,REVIEW_DISPUTED_CRIMEA,,,,a_ukr_init_b,,a_ukr_b,1,a_rus_init_b,,a_rus_b,0,TRUE,FALSE,"Генштаб ВСУ после пожара на нефтебазе в Севастополе заявил о """"панических слухах"""" в городе",REVIEW,FALSE
62941,20230430,1,1678084,pravdaua,https://www.pravda.com.ua/news/2023/04/30/7400032/,FUEL_STORAGE_TERMINAL,нафтобаз,пожеж,694423,Sevastopol,Sevastopol',Lenins'kyi,33.5229142,44.6010512,REVIEW,REVIEW_DISPUTED_CRIMEA,,,,a_ukr_init_b,,a_ukr_b,0,a_rus_init_b,,a_rus_b,0,FALSE,FALSE,"Після пожежі на нафтобазі у Севастополі містом ширяться """"панічні чутки"""" – штаб.",REVIEW,FALSE
56348,20230430,2,1716021,unian,https://www.unian.ua/war/genshtab-pro-bavovnu-v-krimu-znishcheno-naftobazu-flotu-pochinayetsya-garyachiy-kurortniy-sezon-12238710.html,FUEL_STORAGE_TERMINAL,нафтобаз,знищ,693805,Simferopol,Crimea,Simferopol's'ka,34.0994127132379,44.9536335,REVIEW,REVIEW_DISPUTED_CRIMEA,,,,a_ukr_init_b,,a_ukr_b,0,a_rus_init_b,,a_rus_b,0,FALSE,FALSE,"Генштаб про """"бавовну"""" в Криму: знищено нафтобазу флоту, починається """"гарячий курортний сезон""""",REVIEW,FALSE
348720,20230501,1,133551,liveuamap,https://t.me/shot_shot/50713,FUEL_STORAGE_TERMINAL,нафтобаз,безпілот,,,,,33.39621,44.58423,REVIEW,REVIEW_DISPUTED_CRIMEA,,,,a_ukr_init_b,,a_ukr_b,0,a_rus_init_b,,a_rus_b,0,FALSE,FALSE,"За даними російських ЗМІ, в нападі на нафтобазу в Севастополі брали участь 6 безпілотників, але 4 були збиті ППО",REVIEW,FALSE
61574,20230501,2,133553|133555,liveuamap,https://t.me/tass_agency/189918|https://t.me/vekha/64066,FUEL_STORAGE_TERMINAL,нафтобаз,Пожеж|безпілот|пожеж|удар,694393,Shablykina,Sevastopol',Haharins'kyi,33.41758,44.58265,REVIEW,REVIEW_DISPUTED_CRIMEA,,,,a_ukr_init_b,,a_ukr_b,0,a_rus_init_b,,a_rus_b,0,TRUE,FALSE,Пожежа на нафтобазі в Севастополі через ймовірний удар безпілотника || Окупаційна влада Севастополя звинуватила український безпілотник у пожежі на нафтобазі,REVIEW,FALSE
61573,20230501,1,133554,liveuamap,https://t.me/rusbrief/113047,FUEL_STORAGE_TERMINAL,нафтобаз,пожеж,694393,Shablykina,Sevastopol',Haharins'kyi,33.41716,44.58068,REVIEW,REVIEW_DISPUTED_CRIMEA,,,,a_ukr_init_b,,a_ukr_b,0,a_rus_init_b,,a_rus_b,0,FALSE,FALSE,"За даними окупаційної влади, пожежа на нафтобазі в Севастополі не загрожує цивільним об'єктам",REVIEW,FALSE
213681,20230501,1,280699,ria,https://ria.ru/20230501/sklad-1868970272.html,AMMUNITION_ARSENAL,склад с боеприпас,уничтож,706483,Kharkiv,Kharkiv,Kharkivs'ka,36.231202,49.992167,DROP,DROP_LOCATION_NOT_RU,,,,a_ukr_init_b,,a_ukr_b,0,a_rus_init_b,,a_rus_b,1,TRUE,FALSE,ВС России уничтожили украинский склад с боеприпасами в Харьковской области,MACHINE_NONCANDIDATE,FALSE
56359,20230501,1,336907,espreso,https://espreso.tv/nadsilayut-koordinati-feodosiyskoi-naftobazi-chekayut-na-podarunki-chiygoz-pro-reaktsiyu-zhiteliv-krimu-na-vibukhi-u-sevastopoli,FUEL_STORAGE_TERMINAL,нафтобаз,вибух,693805,Simferopol,Crimea,Simferopol's'ka,34.0994127132379,44.9536335,REVIEW,REVIEW_DISPUTED_CRIMEA,,,,a_ukr_init_b,,a_ukr_b,0,a_rus_init_b,,a_rus_b,0,FALSE,FALSE,"""""Надсилають координати феодосійської нафтобази, чекають на подарунки"""": Чийгоз про реакцію жителів Криму на вибухи у Севастополі",REVIEW,FALSE
62948,20230501,1,336908,espreso,https://espreso.tv/nadsilayut-koordinati-feodosiyskoi-naftobazi-chekayut-na-podarunki-chiygoz-pro-reaktsiyu-zhiteliv-krimu-na-vibukhi-u-sevastopoli,FUEL_STORAGE_TERMINAL,нафтобаз,вибух,694423,Sevastopol,Sevastopol',Lenins'kyi,33.5229142,44.6010512,REVIEW,REVIEW_DISPUTED_CRIMEA,,,,a_ukr_init_b,,a_ukr_b,0,a_rus_init_b,,a_rus_b,0,FALSE,FALSE,"""""Надсилають координати феодосійської нафтобази, чекають на подарунки"""": Чийгоз про реакцію жителів Криму на вибухи у Севастополі",REVIEW,FALSE
213682,20230502,2,280793,ria,https://ria.ru/20230502/spetsoperatsiya-1869184148.html,AMMUNITION_ARSENAL,склад боеприпас,уничтож,706483,Kharkiv,Kharkiv,Kharkivs'ka,36.231202,49.992167,DROP,DROP_LOCATION_NOT_RU,,,,a_ukr_init_b,,a_ukr_b,0,a_rus_init_b,,a_rus_b,0,TRUE,FALSE,Российские военные уничтожили в Харьковской области склад боеприпасов ВСУ,MACHINE_NONCANDIDATE,FALSE
31209,20230502,1,1630894,meduza,https://twitter.com/PaulJawin/status/1658584957562806278,AMMUNITION_ARSENAL,склад боеприпас,уничтож,689900,Verkhnotoretske,Donets'k,Iasynuvats'kyi,37.879404,48.225421,DROP,DROP_LOCATION_NOT_RU,,,,a_ukr_init_b,,a_ukr_b,0,a_rus_init_b,,a_rus_b,1,TRUE,FALSE,"Как утверждается, артиллерия ВСУ уничтожила российскую гаубицу, склад боеприпасов и живую силу в Верхнеторецком.",MACHINE_NONCANDIDATE,FALSE
45477,20230502,1,1630964,meduza,https://twitter.com/Gulli_ver_sn/status/1656952713223995393,AMMUNITION_ARSENAL,склада боеприпас,взрыв,692812,Staromaiorske,Donets'k,Velykonovosilkivs'kyi,36.790886,47.751005,DROP,DROP_LOCATION_NOT_RU,,,,a_ukr_init_b,,a_ukr_b,1,a_rus_init_b,,a_rus_b,0,TRUE,FALSE,Последствия обстрела со стороны украинской артиллерийской бригады в Старомайорском (Донецкая область). Сообщается о взрыве склада боеприпасов.,MACHINE_NONCANDIDATE,FALSE
45294,20230502,1,1631034,meduza,https://t.me/escadrone/240,AMMUNITION_ARSENAL,склад боеприпас,дрон,692810,Staromykhailivka,Donets'k,Mar‹ns'kyi,37.577992,48.004297,DROP,DROP_LOCATION_NOT_RU,,,,a_ukr_init_b,,a_ukr_b,0,a_rus_init_b,,a_rus_b,1,TRUE,FALSE,"Как утверждается:, украинский дрон-камикадзе поразил российский склад боеприпасов в Старомихайловке.",MACHINE_NONCANDIDATE,FALSE
238770,20230502,1,1631059,meduza,https://twitter.com/hochu_dodomu/status/1657382110884159490,AMMUNITION_ARSENAL,склад боеприпас,уничтож,709717,Donetsk,Donets'k,Donets'ka,37.80285,48.015884,REVIEW,REVIEW_NAME_ONLY_RU_SUPPORT,,,Donetsk,a_ukr_init_b,,a_ukr_b,0,a_rus_init_b,,a_rus_b,1,TRUE,FALSE,ВСУ уничтожили под мостом севернее послека Спартак между Авдеевкой и Донецком технику и склад боеприпасов сил ВС РФ.,REVIEW,FALSE
79821,20230502,1,1631075,meduza,https://twitter.com/PaulJawin/status/1654106149841432581,AMMUNITION_ARSENAL,склад боеприпас,уничтож,696218,Pryvillia,Luhans'k,Popasnians'kyi,38.283363,49.001755,DROP,DROP_LOCATION_NOT_RU,,,,a_ukr_init_b,,a_ukr_b,0,a_rus_init_b,,a_rus_b,1,TRUE,FALSE,"Как утверждается, ВСУ уничтожили российский склад боеприпасов и горючего в Приволье недалеко от Лисичанска.",MACHINE_NONCANDIDATE,FALSE
337868,20230502,1,1631141,meduza,https://twitter.com/Gulli_ver_sn/status/1654159909007523840,STRATEGIC_AIRBASE,аэродром,беспилот|уничтож,10798881,Imeni Vakulenchuka,Sevastopol',Haharins'kyi,33.492689,44.605676,REVIEW,REVIEW_DISPUTED_CRIMEA,,,,a_ukr_init_b,,a_ukr_b,1,a_rus_init_b,,a_rus_b,0,FALSE,FALSE,"Сообщается, что в Севастополе огнем ПВО уничтожен беспилотник в районе военного аэродрома Бельбек.",REVIEW,FALSE
62951,20230502,1,1646596,liga,https://news.liga.net/politics/news/pojar-na-neftebaze-v-sevastopole-poyavilis-sputnikovye-snimki-posledstviy-foto,FUEL_STORAGE_TERMINAL,нефтебаз,Пожар,694423,Sevastopol,Sevastopol',Lenins'kyi,33.5229142,44.6010512,REVIEW,REVIEW_DISPUTED_CRIMEA,,,,a_ukr_init_b,,a_ukr_b,0,a_rus_init_b,,a_rus_b,0,FALSE,FALSE,Пожар на нефтебазе в Севастополе. Появились спутниковые снимки последствий – фото,REVIEW,FALSE
284359,20230502,1,1881080,meduza,https://twitter.com/hochu_dodomu/status/1657382110884159490,AMMUNITION_ARSENAL,склад боеприпас,уничтож,713118,Avdeyevka Vtoraya,Donets'k,Iasynuvats'kyi,37.792097,48.103558,DROP,DROP_LOCATION_NOT_RU,,,,a_ukr_init_b,,a_ukr_b,1,a_rus_init_b,,a_rus_b,0,TRUE,FALSE,ВСУ уничтожили под мостом севернее послека Спартак между Авдеевкой и Донецком технику и склад боеприпасов сил ВС РФ.,MACHINE_NONCANDIDATE,FALSE
301886,20230503,5,280872,ria,https://ria.ru/20230503/sklad-1869419716.html,AMMUNITION_ARSENAL,склад с боеприпас,уничтож,805500,Voronyne,Sumy,Bilopils'kyi,34.123755,51.106236,REVIEW,REVIEW_COORDINATE_NEAR_RU,19.395,806795,Stantsiya Tetkino,a_ukr_init_b,,a_ukr_b,0,a_rus_init_b,,a_rus_b,0,TRUE,FALSE,ВС России уничтожили украинский склад с боеприпасами в Сумской области,REVIEW,FALSE
191596,20230503,1,47958,interfaxua,https://interfax.com.ua/news/general/907698.html,FUEL_STORAGE_TERMINAL,нафтобаз,атак,705812,Kropyvnytskyy,Kirovohrad,Kirovohrads'kyi,32.2656283,48.5105805,DROP,DROP_LOCATION_NOT_RU,,,,a_ukr_init_b,,a_ukr_b,0,a_rus_init_b,,a_rus_b,0,FALSE,FALSE,"Три ворожі """"""""""""""""шахеди"""""""""""""""" типу """"""""""""""""Герань 2"""""""""""""""" вранці в середу атакували нафтобазу в Кіровоградській області",MACHINE_NONCANDIDATE,FALSE
191594,20230503,2,280836|47971,interfaxua|ria,https://interfax.com.ua/news/general/907731.html|https://ria.ru/20230503/ataka-1869317547.html,FUEL_STORAGE_TERMINAL,нафтобаз|нефтебаз,атак,705812,Kropyvnytskyy,Kirovohrad,Kirovohrads'kyi,32.266371,48.510363,DROP,DROP_LOCATION_NOT_RU,,,,a_ukr_init_b,,a_ukr_b,0,a_rus_init_b,,a_rus_b,0,TRUE,FALSE,Унаслідок ворожої атаки по нафтобазі в Кропивницькому постраждалих немає - прокуратура || На Украине заявили об атаке на нефтебазу в Кропивницком,MACHINE_NONCANDIDATE,FALSE
191597,20230503,1,1716161,unian,https://www.unian.ua/war/ataka-dronami-3-travnya-rosiyani-vluchili-u-naftobazu-v-kropivnickomu-foto-12242400.html,FUEL_STORAGE_TERMINAL,нафтобаз,атак|дрон,705812,Kropyvnytskyy,Kirovohrad,Kirovohrads'kyi,32.266371,48.510363,DROP,DROP_LOCATION_NOT_RU,,,,a_ukr_init_b,,a_ukr_b,0,a_rus_init_b,,a_rus_b,1,FALSE,FALSE,"Росіяни атакували дронами нафтобазу у Кропивницькому: усі подробиці (фото, відео)",MACHINE_NONCANDIDATE,FALSE
155964,20230504,31,151096,ng,https://www.ng.ru/news/765967.html,AMMUNITION_ARSENAL,Арсенал,взрыв,703448,Kyiv,Kiev City,Shevchenkivs'kyi,30.52355,50.450441,DROP,DROP_LOCATION_NOT_RU,,,,a_ukr_init_b,,a_ukr_b,0,a_rus_init_b,,a_rus_b,0,FALSE,FALSE,"В Киеве зафиксирован прилет по «Арсеналу», сильный взрыв слышали во всем городе — очевидцы",MACHINE_NONCANDIDATE,FALSE
56392,20230504,1,337035,espreso,https://espreso.tv/u-krimu-progrimili-vibukhi-okupanti-zayavili-pro-udar-dronami-v-rayoni-aerodromu-belbek,STRATEGIC_AIRBASE,аеродром,вибух|дрон|удар,693805,Simferopol,Crimea,Simferopol's'ka,34.0994127132379,44.9536335,REVIEW,REVIEW_DISPUTED_CRIMEA,,,,a_ukr_init_b,,a_ukr_b,0,a_rus_init_b,,a_rus_b,1,FALSE,FALSE,"У Криму прогриміли вибухи, окупанти заявили про удар дронами в районі аеродрому Бельбек",REVIEW,FALSE
62955,20230504,1,1646641,liga,https://news.liga.net/politics/video/okkupanty-zayavili-o-sbitii-bespilotnika-nad-aerodromom-v-sevastopole-video,STRATEGIC_AIRBASE,аэродром,беспилот,694423,Sevastopol,Sevastopol',Lenins'kyi,33.5229142,44.6010512,REVIEW,REVIEW_DISPUTED_CRIMEA,,,,a_ukr_init_b,,a_ukr_b,0,a_rus_init_b,,a_rus_b,1,FALSE,FALSE,"Оккупанты заявили о сбитии беспилотника над аэродромом в Севастополе – фото, видео",REVIEW,FALSE
62954,20230504,1,1678192,pravdaua,https://www.pravda.com.ua/news/2023/05/4/7400722/,STRATEGIC_AIRBASE,аеродром,вибух|дрон,694423,Sevastopol,Sevastopol',Lenins'kyi,33.5229142,44.6010512,REVIEW,REVIEW_DISPUTED_CRIMEA,,,,a_ukr_init_b,,a_ukr_b,0,a_rus_init_b,,a_rus_b,1,FALSE,FALSE,Нові вибухи прогриміли в Севастополі: окупанти заявили про дрон на аеродромі.,REVIEW,FALSE
62958,20230505,1,1646672,liga,https://news.liga.net/politics/news/rossmi-pokazali-posledstviya-pojarov-na-neftebazah-pod-tamanyu-i-v-sevastopole-video,FUEL_STORAGE_TERMINAL,нефтебаз,пожар,694423,Sevastopol,Sevastopol',Lenins'kyi,33.5229142,44.6010512,REVIEW,REVIEW_DISPUTED_CRIMEA,,,,a_ukr_init_b,,a_ukr_b,0,a_rus_init_b,,a_rus_b,1,FALSE,TRUE,РосСМИ показали последствия пожаров на нефтебазах под Таманью и в Севастополе – видео,REVIEW,FALSE
62959,20230505,1,1678248,pravdaua,https://www.pravda.com.ua/news/2023/05/5/7400824/,FUEL_STORAGE_TERMINAL,нафтобаз,пожеж,694423,Sevastopol,Sevastopol',Lenins'kyi,33.5229142,44.6010512,REVIEW,REVIEW_DISPUTED_CRIMEA,,,,a_ukr_init_b,,a_ukr_b,0,a_rus_init_b,,a_rus_b,1,FALSE,FALSE,ЗМІ показали наслідки пожежі на російській нафтобазі в Тамані та у Севастополі.,REVIEW,FALSE
294072,20230508,1,1678313,pravdaua,https://www.pravda.com.ua/news/2023/05/8/7401226/,AMMUNITION_ARSENAL,склади боєприпас,атак,713174,Bakhmut,Donets'k,Artemivs'ka,38.001988,48.589471,REVIEW,REVIEW_NAME_ONLY_RU_SUPPORT,,,Bakhmut,a_ukr_init_b,,a_ukr_b,0,a_rus_init_b,,a_rus_b,1,FALSE,FALSE,"Окупанти атакують Бахмут і ще 3 напрямки, в повітря злетіли 2 склади боєприпасів загарбників - Генштаб.",REVIEW,FALSE
77087,20230513,1,135981,liveuamap,https://t.me/itsdonetsk/73915,AMMUNITION_ARSENAL,складах боєприпас,вибух|ракет|удар,695743,Razdolinovka,Luhans'k,Luhans'ka,39.28539,48.55298,DROP,DROP_LOCATION_NOT_RU,,,,a_ukr_init_b,,a_ukr_b,0,a_rus_init_b,,a_rus_b,0,FALSE,FALSE,У Луганську пролунали сильні вибухи після ймовірного ракетного удару по складах боєприпасів,MACHINE_NONCANDIDATE,FALSE
115166,20230513,3,281641,ria,https://ria.ru/20230513/spetsoperatsiya-1871507702.html,AMMUNITION_ARSENAL,склад боеприпас,уничтож,700569,Mykolayiv,Mykolayiv,Mykola‹vs'ka,32.00639,46.94866,DROP,DROP_LOCATION_NOT_RU,,,,a_ukr_init_b,,a_ukr_b,0,a_rus_init_b,,a_rus_b,0,TRUE,FALSE,Российские военные уничтожили склад боеприпасов ВСУ в районе Николаева,MACHINE_NONCANDIDATE,FALSE
77089,20230513,1,1811604,liveuamap,https://t.me/itsdonetsk/73915,AMMUNITION_ARSENAL,складах боєприпас,вибух|ракет|удар,695743,Razdolinovka,Luhans'k,Luhans'ka,39.28539,48.55298,DROP,DROP_LOCATION_NOT_RU,,,,a_ukr_init_b,,a_ukr_b,0,a_rus_init_b,,a_rus_b,0,FALSE,FALSE,У Луганську пролунали сильні вибухи після ймовірного ракетного удару по складах боєприпасів,MACHINE_NONCANDIDATE,FALSE
77088,20230514,1,136109,liveuamap,https://t.me/itsdonetsk/73915,AMMUNITION_ARSENAL,складах боєприпас,вибух|ракет|удар,695743,Razdolinovka,Luhans'k,Luhans'ka,39.28539,48.55298,DROP,DROP_LOCATION_NOT_RU,,,,a_ukr_init_b,,a_ukr_b,0,a_rus_init_b,,a_rus_b,0,FALSE,FALSE,У Луганську пролунали сильні вибухи після ймовірного ракетного удару по складах боєприпасів,MACHINE_NONCANDIDATE,FALSE
77090,20230514,1,1811934,liveuamap,https://t.me/itsdonetsk/73915,AMMUNITION_ARSENAL,складах боєприпас,вибух|ракет|удар,695743,Razdolinovka,Luhans'k,Luhans'ka,39.28539,48.55298,DROP,DROP_LOCATION_NOT_RU,,,,a_ukr_init_b,,a_ukr_b,0,a_rus_init_b,,a_rus_b,0,FALSE,FALSE,У Луганську пролунали сильні вибухи після ймовірного ракетного удару по складах боєприпасів,MACHINE_NONCANDIDATE,FALSE
294229,20230516,3,1678604,pravdaua,https://www.pravda.com.ua/news/2023/05/16/7402505/,AMMUNITION_ARSENAL,склади боєприпас,знищ,713174,Bakhmut,Donets'k,Artemivs'ka,38.001988,48.589471,REVIEW,REVIEW_NAME_ONLY_RU_SUPPORT,,,Bakhmut,a_ukr_init_b,,a_ukr_b,0,a_rus_init_b,,a_rus_b,0,FALSE,FALSE,"Біля Бахмута та Мар’їнки найгарячіше, знищено 2 склади боєприпасів РФ – Генштаб.",REVIEW,FALSE
115180,20230517,5,281946,ria,https://ria.ru/20230517/nikolaev-1872398321.html,AMMUNITION_ARSENAL,складу боеприпас,удар,700569,Mykolayiv,Mykolayiv,Mykola‹vs'ka,31.993813,46.975574,DROP,DROP_LOCATION_NOT_RU,,,,a_ukr_init_b,,a_ukr_b,0,a_rus_init_b,,a_rus_b,0,FALSE,FALSE,ВС России нанесли удар по крупному складу боеприпасов в Николаеве,MACHINE_NONCANDIDATE,FALSE
213727,20230519,3,282111,ria,https://ria.ru/20230519/spetsoperatsiya-1872930507.html,AMMUNITION_ARSENAL,склад боеприпас,уничтож,706483,Kharkiv,Kharkiv,Kharkivs'ka,36.231202,49.992167,DROP,DROP_LOCATION_NOT_RU,,,,a_ukr_init_b,,a_ukr_b,0,a_rus_init_b,,a_rus_b,0,TRUE,FALSE,Российские военные уничтожили склад боеприпасов ВСУ под Харьковом,MACHINE_NONCANDIDATE,FALSE
126773,20230519,1,1716886,unian,https://www.unian.ua/war/u-mariupoli-prolunali-potuzhni-vibuhi-na-aerodromi-video-12263097.html,STRATEGIC_AIRBASE,аеродром,вибух,701822,Mariupol,Donets'k,Mariupol's'ka,37.54144,47.096703,REVIEW,REVIEW_NAME_ONLY_RU_SUPPORT,,,Mariupol,a_ukr_init_b,,a_ukr_b,0,a_rus_init_b,,a_rus_b,0,FALSE,FALSE,У Маріуполі пролунали потужні вибухи на аеродромі (відео),REVIEW,FALSE
331697,20230520,1,137675,liveuamap,https://t.me/lachentyt/29460,STRATEGIC_AIRBASE,аеродром,Вибух,9642874,Ahrobaza,Donets'k,Pershotravnevyi,37.44553,47.07421,DROP,DROP_LOCATION_NOT_RU,,,,a_ukr_init_b,,a_ukr_b,0,a_rus_init_b,,a_rus_b,0,FALSE,FALSE,Вибухи біля аеродрому в Маріуполі,MACHINE_NONCANDIDATE,FALSE
286600,20230520,1,282159,ria,https://ria.ru/20230520/sklad-1873097469.html,AMMUNITION_ARSENAL,склада боеприпас,уничтож,713122,Avdiyivka,Donets'k,Iasynuvats'ka,37.737003,48.150246,DROP,DROP_LOCATION_NOT_RU,,,,a_ukr_init_b,,a_ukr_b,0,a_rus_init_b,,a_rus_b,0,TRUE,FALSE,Российские силы уничтожили два украинских склада боеприпасов под Авдеевкой,MACHINE_NONCANDIDATE,FALSE
62972,20230520,1,282190,ria,https://ria.ru/20230520/oproverzhenie-1873157457.html,STRATEGIC_AIRBASE,аэродром,взрыв,694423,Sevastopol,Sevastopol',Lenins'kyi,33.5229142,44.6010512,REVIEW,REVIEW_DISPUTED_CRIMEA,,,,a_ukr_init_b,,a_ukr_b,0,a_rus_init_b,,a_rus_b,0,FALSE,FALSE,Губернатор Севастополя опроверг сообщения о взрыве на аэродроме,REVIEW,FALSE
331698,20230521,1,137802,liveuamap,https://t.me/lachentyt/29460,STRATEGIC_AIRBASE,аеродром,Вибух,9642874,Ahrobaza,Donets'k,Pershotravnevyi,37.44553,47.07421,DROP,DROP_LOCATION_NOT_RU,,,,a_ukr_init_b,,a_ukr_b,0,a_rus_init_b,,a_rus_b,0,FALSE,FALSE,Вибухи біля аеродрому в Маріуполі,MACHINE_NONCANDIDATE,FALSE
262281,20230521,2,282236,ria,https://ria.ru/20230521/kherson-1873226061.html,AMMUNITION_ARSENAL,склад боеприпас,уничтож,710771,Chorna Dolyna,Kherson,Kakhovs'kyi,33.481729,46.55783,DROP,DROP_LOCATION_NOT_RU,,,,a_ukr_init_b,,a_ukr_b,0,a_rus_init_b,,a_rus_b,0,TRUE,FALSE,Российские военные уничтожили в Херсонской области склад боеприпасов ВСУ,MACHINE_NONCANDIDATE,FALSE
339218,20230521,2,1631319,meduza,https://t.me/melitopol_ru/7680,ENERGY_GRID_SUPPORT,подстанц,Поврежд,10951287,Vesele,Zaporizhzhya,Tokmats'kyi,35.767196,47.178945,DROP,DROP_LOCATION_NOT_RU,,,,a_ukr_init_b,,a_ukr_b,1,a_rus_init_b,,a_rus_b,0,TRUE,FALSE,Пологи (Запорожская область) были частично обесточены в результате обстрела со стороны ВСУ. Повреждена электроподстанция.,MACHINE_NONCANDIDATE,FALSE
104875,20230521,1,1631340,meduza,https://twitter.com/PaulJawin/status/1660721526717423625,AMMUNITION_ARSENAL,склад боеприпас,уничтож,699694,Novoandriivka,Donets'k,Volnovas'kyi,37.343701,47.673825,DROP,DROP_LOCATION_NOT_RU,,,,a_ukr_init_b,,a_ukr_b,1,a_rus_init_b,,a_rus_b,0,TRUE,FALSE,ВСУ уничтожило российский склад боеприпасов под Угледаром.,MACHINE_NONCANDIDATE,FALSE
324079,20230521,1,1631342,meduza,https://twitter.com/PaulJawin/status/1660721526717423625,AMMUNITION_ARSENAL,склад боеприпас,уничтож,9113127,Opytne,Donets'k,Iasynuvats'kyi,37.712955,48.095704,DROP,DROP_LOCATION_NOT_RU,,,,a_ukr_init_b,,a_ukr_b,0,a_rus_init_b,,a_rus_b,0,TRUE,FALSE,"Как утверждается, артиллерия ВСУ уничтожила российский полевой склад боеприпасов севернее Новоандреевки на южном фланге Бахмутского фронта.",MACHINE_NONCANDIDATE,FALSE
273101,20230521,1,1631354,meduza,https://twitter.com/TreasChest/status/1660099293854801921,STRATEGIC_AIRBASE,аэродром,Взрыв,712451,Berdyansk,Zaporizhzhya,Berdians'ka,36.78697,46.77483,DROP,DROP_LOCATION_NOT_RU,,,,a_ukr_init_b,,a_ukr_b,0,a_rus_init_b,,a_rus_b,1,FALSE,FALSE,Взрывы у аэродрома в Бердянске. Дым и огонь видны в двух разных локациях.,MACHINE_NONCANDIDATE,FALSE
60515,20230521,1,1881340,meduza,https://t.me/melitopol_ru/7680,ENERGY_GRID_SUPPORT,подстанц,Поврежд,694128,Ivana Franka,Zaporizhzhya,Polohivs'kyi,36.181152,47.487065,DROP,DROP_LOCATION_NOT_RU,,,,a_ukr_init_b,,a_ukr_b,1,a_rus_init_b,,a_rus_b,0,TRUE,FALSE,Пологи (Запорожская область) были частично обесточены в результате обстрела со стороны ВСУ. Повреждена электроподстанция.,MACHINE_NONCANDIDATE,FALSE
331699,20230522,1,138079,liveuamap,https://t.me/lachentyt/29460,STRATEGIC_AIRBASE,аеродром,Вибух,9642874,Ahrobaza,Donets'k,Pershotravnevyi,37.44553,47.07421,DROP,DROP_LOCATION_NOT_RU,,,,a_ukr_init_b,,a_ukr_b,0,a_rus_init_b,,a_rus_b,0,FALSE,FALSE,Вибухи біля аеродрому в Маріуполі,MACHINE_NONCANDIDATE,FALSE
247534,20230522,9,282340,ria,https://ria.ru/20230522/aerodrom-1873424934.html,STRATEGIC_AIRBASE,аэродром,ракет|удар,709930,Dnipro,Dnipropetrovs'k,Dnipropetrovs'ka,35.03883,48.45865,DROP,DROP_LOCATION_NOT_RU,,,,a_ukr_init_b,,a_ukr_b,0,a_rus_init_b,,a_rus_b,0,TRUE,FALSE,Военные нанесли массированный ракетный удар по украинскому аэродрому Днепр,MACHINE_NONCANDIDATE,FALSE
70049,20230522,1,1678799,pravdaua,https://www.pravda.com.ua/news/2023/05/22/7403356/,AMMUNITION_ARSENAL,склад із боєприпас,знищ,695094,Ruttschenkowo,Donets'k,Donets'ka,37.675289,47.955082,DROP,DROP_LOCATION_NOT_RU,,,,a_ukr_init_b,,a_ukr_b,0,a_rus_init_b,,a_rus_b,0,FALSE,FALSE,На Донеччині знищили російський польовий склад із боєприпасами.,MACHINE_NONCANDIDATE,FALSE
348757,20230523,1,138310,liveuamap,https://t.me/readovkanews/59319,STRATEGIC_AIRBASE,аеродром,атак,,,,,37.6029,55.7498,STRICT,COORDINATE_RU_STRICT,0.270,10236357,Red Kremlin Hostel,a_ukr_init_b,,a_ukr_b,0,a_rus_init_b,,a_rus_b,0,FALSE,FALSE,Міністерство оборони Росії заявило про атаку на аеродром Дніпра вночі,REVIEW,FALSE
96028,20230523,1,1717005,unian,https://www.unian.ua/economics/transport/aukcion-odeskiy-port-prodaye-plavdok-z-probojinoyu-vid-rosiyskoji-raketi-novini-odesi-12266577.html,PORT_EXPORT_LOGISTICS,порт,ракет,698740,Odessa,Odessa,Odes'ka,30.731689,46.484213,DROP,DROP_LOCATION_NOT_RU,,,,a_ukr_init_b,,a_ukr_b,0,a_rus_init_b,,a_rus_b,0,FALSE,FALSE,Одеський порт продає плавдок з пробоїною від російської ракети (фото),MACHINE_NONCANDIDATE,FALSE
348762,20230524,3,138484,liveuamap,https://t.me/readovkanews/59319,STRATEGIC_AIRBASE,аеродром,атак,,,,,35.58969,50.45576,STRICT,COORDINATE_RU_STRICT,1.102,543229,Kozinka,a_ukr_init_b,,a_ukr_b,0,a_rus_init_b,,a_rus_b,0,FALSE,FALSE,Міністерство оборони Росії заявило про атаку на аеродром Дніпра вночі,REVIEW,FALSE
119668,20230525,2,1678928|1717095,pravdaua|unian,https://www.pravda.com.ua/news/2023/05/25/7403815/|https://www.unian.ua/war/novini-melitopolya-v-rayoni-aerodromu-prolunali-vibuhi-12269610.html,STRATEGIC_AIRBASE,аеродром,вибух,701404,Melitopol,Zaporizhzhya,Melitopol's'kyi,35.37288,46.842187,DROP,DROP_LOCATION_NOT_RU,,,,a_ukr_init_b,,a_ukr_b,0,a_rus_init_b,,a_rus_b,0,FALSE,FALSE,У Мелітополі в районі захопленого аеродрому пролунали вибухи – мер. || У Мелітополі пролунали вибухи в районі аеродрому (фото),MACHINE_NONCANDIDATE,FALSE
286632,20230527,3,282711,ria,https://ria.ru/20230527/sklad-1874538764.html,AMMUNITION_ARSENAL,склад боеприпас,уничтож,713122,Avdiyivka,Donets'k,Iasynuvats'ka,37.73924,48.12634,DROP,DROP_LOCATION_NOT_RU,,,,a_ukr_init_b,,a_ukr_b,0,a_rus_init_b,,a_rus_b,0,TRUE,FALSE,Российские силы уничтожили украинский склад боеприпасов под Авдеевкой,MACHINE_NONCANDIDATE,FALSE
339229,20230527,6,282713,ria,https://ria.ru/20230527/speeoperatsiya-1874539812.html,AMMUNITION_ARSENAL,склада боеприпас,уничтож,10951287,Vesele,Zaporizhzhya,Tokmats'kyi,35.767196,47.178945,DROP,DROP_LOCATION_NOT_RU,,,,a_ukr_init_b,,a_ukr_b,0,a_rus_init_b,,a_rus_b,0,TRUE,FALSE,В Запорожской области уничтожены два склада боеприпасов ВСУ,MACHINE_NONCANDIDATE,FALSE
279812,20230527,1,1631459,meduza,https://t.me/supernova_plus/20589,AMMUNITION_ARSENAL,склад боеприпас,уничтож,712663,Bila Hora,Donets'k,Kostiantynivs'kyi,37.91739,48.510038,DROP,DROP_LOCATION_NOT_RU,,,,a_ukr_init_b,,a_ukr_b,1,a_rus_init_b,,a_rus_b,0,TRUE,FALSE,ВСУ уничтожили российский полевой склад боеприпасов возле канала западнее Клещеевки под Бахмутом.,MACHINE_NONCANDIDATE,FALSE
342120,20230527,1,1631477,meduza,https://t.me/ChDambiev/23849,AMMUNITION_ARSENAL,склад боеприпас,уничтож,11222800,Vershyna,Zhytomyr,Zhytomyrs'kyi,28.805982,50.106778,DROP,DROP_LOCATION_NOT_RU,,,,a_ukr_init_b,,a_ukr_b,1,a_rus_init_b,,a_rus_b,0,TRUE,FALSE,"По сообщению, уничтоженный склад боеприпасов ВСУ южнее Житомира.",MACHINE_NONCANDIDATE,FALSE
238896,20230527,1,1631546,meduza,https://t.me/brat_pp/46,AMMUNITION_ARSENAL,склад с боеприпас,уничтож,709717,Donetsk,Donets'k,Donets'ka,37.80285,48.015884,REVIEW,REVIEW_NAME_ONLY_RU_SUPPORT,,,Donetsk,a_ukr_init_b,,a_ukr_b,0,a_rus_init_b,,a_rus_b,0,TRUE,FALSE,Артиллерия ВСУ уничтожает склад с боеприпасами в Кировском районе Донецка.,REVIEW,FALSE
165007,20230527,1,1631610,meduza,https://t.me/novinach/36069,AMMUNITION_ARSENAL,склад боеприпас,уничтож,703484,Kuzemivka,Luhans'k,Svativs'kyi,37.985849,49.524769,DROP,DROP_LOCATION_NOT_RU,,,,a_ukr_init_b,,a_ukr_b,1,a_rus_init_b,,a_rus_b,0,TRUE,FALSE,ВСУ уничтожили российский склад боеприпасов в Куземовке на Сватовском направлении.,MACHINE_NONCANDIDATE,FALSE
64975,20230527,1,1631634,meduza,https://t.me/The_Reaper_says/190,ENERGY_GRID_SUPPORT,подстанц,дрон,694951,Sadove,Kherson,Bilozers'kyi,32.838345,46.707316,DROP,DROP_LOCATION_NOT_RU,,,,a_ukr_init_b,,a_ukr_b,0,a_rus_init_b,,a_rus_b,0,FALSE,FALSE,Сброс боеприпаса с дрона на Никольскую электроподстанцию на правом берегу Днепра.,MACHINE_NONCANDIDATE,FALSE
77562,20230527,1,1653855,meduza,https://twitter.com/NOELreports/status/1665837016745926656,AMMUNITION_ARSENAL,склад боеприпас,уничтож,695966,Piatykhatky,Zaporizhzhya,Vasylivs'kyi,35.447182,47.507839,DROP,DROP_LOCATION_NOT_RU,,,,a_ukr_init_b,,a_ukr_b,1,a_rus_init_b,,a_rus_b,1,TRUE,FALSE,Украинская артиллерия уничтожила российский склад боеприпасов в Пятихатках (Запорожская область) в начале наступления ВСУ.,MACHINE_NONCANDIDATE,FALSE
189057,20230527,1,1881557,meduza,https://t.me/fifthbrUA/119,AMMUNITION_ARSENAL,склад боеприпас,уничтож,705666,Klyshchiivka,Donets'k,Artemivs'kyi,37.9426,48.536211,DROP,DROP_LOCATION_NOT_RU,,,,a_ukr_init_b,,a_ukr_b,1,a_rus_init_b,,a_rus_b,1,TRUE,FALSE,ВСУ уничтожили российский полевой склад боеприпасов к западу от Клещеевки к югу от Бахмута.,MACHINE_NONCANDIDATE,FALSE
322970,20230527,1,1881567,meduza,https://t.me/brat_pp/46,AMMUNITION_ARSENAL,склад с боеприпас,уничтож,9112917,Lozove,Donets'k,Donets'ka,37.623847,47.988574,DROP,DROP_LOCATION_NOT_RU,,,,a_ukr_init_b,,a_ukr_b,1,a_rus_init_b,,a_rus_b,0,TRUE,FALSE,Артиллерия ВСУ уничтожает склад с боеприпасами в Кировском районе Донецка.,MACHINE_NONCANDIDATE,FALSE
189055,20230527,1,1881570,meduza,https://twitter.com/PaulJawin/status/1666117289702305792,AMMUNITION_ARSENAL,склада боеприпас,уничтож,705666,Klyshchiivka,Donets'k,Artemivs'kyi,37.916179,48.516617,DROP,DROP_LOCATION_NOT_RU,,,,a_ukr_init_b,,a_ukr_b,0,a_rus_init_b,,a_rus_b,0,FALSE,FALSE,"Как утверждается, уничтожение российского склада боеприпасов западней Клещеевки под Бахмутом.",MACHINE_NONCANDIDATE,FALSE
48725,20230528,1,282761,ria,https://ria.ru/20230528/sklad-1874647374.html,AMMUNITION_ARSENAL,склады боеприпас,уничтож,693065,Sotsmisto,Donets'k,Kramators'ka,37.584398,48.738984,DROP,DROP_LOCATION_NOT_RU,,,,a_ukr_init_b,,a_ukr_b,0,a_rus_init_b,,a_rus_b,0,TRUE,FALSE,В районах Георгиевки и Краматорска уничтожили склады боеприпасов ВСУ,MACHINE_NONCANDIDATE,FALSE
221908,20230529,2,282828,ria,https://ria.ru/20230529/aerodrom-1874866974.html,STRATEGIC_AIRBASE,аэродром,поврежд,707153,Kalinovka,Khmel'nyts'kyy,Khmel'nyts'kyi,26.92966,49.507388,REVIEW,REVIEW_NAME_ONLY_RU_SUPPORT,,,Kalinovka,a_ukr_init_b,,a_ukr_b,0,a_rus_init_b,,a_rus_b,0,FALSE,FALSE,В Хмельницкой области получил повреждения военный аэродром,REVIEW,FALSE
191610,20230530,1,1717310,unian,https://www.unian.ua/incidents/novini-kropivnickogo-sogodni-agent-fsb-rosiji-gotuvav-ataku-na-elektropidstanciji-y-poplativsya-12275928.html,ENERGY_GRID_SUPPORT,підстанц,атак,705812,Kropyvnytskyy,Kirovohrad,Kirovohrads'kyi,32.266371,48.510363,DROP,DROP_LOCATION_NOT_RU,,,,a_ukr_init_b,,a_ukr_b,0,a_rus_init_b,,a_rus_b,0,FALSE,FALSE,Агент ФСБ РФ готував атаку на електропідстанції Кропивницького й поплатився (фото),MACHINE_NONCANDIDATE,FALSE
29149,20230601,1,140248,liveuamap,https://t.me/shot_shot/52243,ENERGY_GRID_SUPPORT,підстанц,Безпілот|вибух,689385,Volodymyrivka,Sumy,Sums'kyi,34.8773,51.20796,STRICT,COORDINATE_RU_STRICT,0.552,560192,Gordeyevka,a_ukr_init_b,,a_ukr_b,0,a_rus_init_b,,a_rus_b,0,FALSE,FALSE,Безпілотник скинув вибуховий пристрій на підстанцію в селищі Гордіївка Курської області,REVIEW,FALSE
29150,20230602,1,140344,liveuamap,https://t.me/shot_shot/52243,ENERGY_GRID_SUPPORT,підстанц,Безпілот|вибух,689385,Volodymyrivka,Sumy,Sums'kyi,34.8773,51.20796,STRICT,COORDINATE_RU_STRICT,0.552,560192,Gordeyevka,a_ukr_init_b,,a_ukr_b,0,a_rus_init_b,,a_rus_b,0,FALSE,FALSE,Безпілотник скинув вибуховий пристрій на підстанцію в селищі Гордіївка Курської області,REVIEW,FALSE
213782,20230602,2,283108,ria,https://ria.ru/20230602/spetsoperatsiya-1875780363.html,AMMUNITION_ARSENAL,склад боеприпас,уничтож,706483,Kharkiv,Kharkiv,Kharkivs'ka,36.231202,49.992167,DROP,DROP_LOCATION_NOT_RU,,,,a_ukr_init_b,,a_ukr_b,0,a_rus_init_b,,a_rus_b,0,FALSE,FALSE,Российские военные уничтожили склад боеприпасов в Харьковской области,MACHINE_NONCANDIDATE,FALSE
77563,20230603,1,1631664,meduza,https://twitter.com/NOELreports/status/1665837016745926656,AMMUNITION_ARSENAL,склад боеприпас,уничтож,695966,Piatykhatky,Zaporizhzhya,Vasylivs'kyi,35.447182,47.507839,DROP,DROP_LOCATION_NOT_RU,,,,a_ukr_init_b,,a_ukr_b,1,a_rus_init_b,,a_rus_b,0,TRUE,FALSE,Украинская артиллерия уничтожила российский склад боеприпасов в Пятихатках (Запорожская область) в начале наступления ВСУ.,MACHINE_NONCANDIDATE,FALSE
189059,20230603,1,1631754,meduza,https://t.me/fifthbrUA/119,AMMUNITION_ARSENAL,склад боеприпас,уничтож,705666,Klyshchiivka,Donets'k,Artemivs'kyi,37.9426,48.536211,DROP,DROP_LOCATION_NOT_RU,,,,a_ukr_init_b,,a_ukr_b,0,a_rus_init_b,,a_rus_b,1,TRUE,FALSE,ВСУ уничтожили российский полевой склад боеприпасов к западу от Клещеевки к югу от Бахмута.,MACHINE_NONCANDIDATE,FALSE
189058,20230603,1,1631761,meduza,https://twitter.com/PaulJawin/status/1666117289702305792,AMMUNITION_ARSENAL,склада боеприпас,уничтож,705666,Klyshchiivka,Donets'k,Artemivs'kyi,37.916179,48.516617,DROP,DROP_LOCATION_NOT_RU,,,,a_ukr_init_b,,a_ukr_b,1,a_rus_init_b,,a_rus_b,0,FALSE,FALSE,"Как утверждается, уничтожение российского склада боеприпасов западней Клещеевки под Бахмутом.",MACHINE_NONCANDIDATE,FALSE
191612,20230604,2,283213|48988,interfaxua|ria,https://interfax.com.ua/news/general/914468.html|https://ria.ru/20230604/aerodrom-1876051854.html,STRATEGIC_AIRBASE,аеродром|аэродром,поврежд|ракет,705812,Kropyvnytskyy,Kirovohrad,Kirovohrads'kyi,32.266371,48.510363,DROP,DROP_LOCATION_NOT_RU,,,,a_ukr_init_b,,a_ukr_b,0,a_rus_init_b,,a_rus_b,0,TRUE,FALSE,Дві ворожі крилаті ракети влучили в аеродром поблизу Кропивницького || В Кировоградской области Украины поврежден оперативный аэродром,MACHINE_NONCANDIDATE,FALSE
191615,20230604,1,337823,espreso,https://espreso.tv/ignat-dvi-raketi-vluchili-v-operativniy-aerodrom-bilya-kropivnitskogo,STRATEGIC_AIRBASE,аеродром,ракет,705812,Kropyvnytskyy,Kirovohrad,Kirovohrads'kyi,32.266371,48.510363,DROP,DROP_LOCATION_NOT_RU,,,,a_ukr_init_b,,a_ukr_b,0,a_rus_init_b,,a_rus_b,1,FALSE,FALSE,Ігнат: Дві ракети влучили в оперативний аеродром біля Кропивницького,MACHINE_NONCANDIDATE,FALSE
191614,20230604,1,1679267,pravdaua,https://www.pravda.com.ua/news/2023/06/4/7405228/,STRATEGIC_AIRBASE,аеродром,ракет,705812,Kropyvnytskyy,Kirovohrad,Kirovohrads'kyi,32.266371,48.510363,DROP,DROP_LOCATION_NOT_RU,,,,a_ukr_init_b,,a_ukr_b,0,a_rus_init_b,,a_rus_b,1,FALSE,FALSE,Дві російських ракети влучили в аеродром біля Кропивницького.,MACHINE_NONCANDIDATE,FALSE
191616,20230604,1,1717502,unian,https://www.unian.ua/war/ros-vluchila-raketami-v-operativniy-aerodrom-bilya-kropivnickogo-povitryani-sili-zsu-12281136.html,STRATEGIC_AIRBASE,аеродром,ракет,705812,Kropyvnytskyy,Kirovohrad,Kirovohrads'kyi,32.266371,48.510363,DROP,DROP_LOCATION_NOT_RU,,,,a_ukr_init_b,,a_ukr_b,0,a_rus_init_b,,a_rus_b,1,TRUE,FALSE,Росія влучила ракетами в оперативний аеродром біля Кропивницького - Повітряні сили ЗСУ,MACHINE_NONCANDIDATE,FALSE
166650,20230605,1,1647174,liga,https://news.liga.net/politics/news/rossiya-udarila-po-kupyanskomu-rayonu-povrejden-truboprovod-s-ammiakom,PIPELINE_PUMPING,трубопровод,поврежд|удар,703656,Kupiansk,Kharkiv,Kupians'ka,37.614779,49.710797,DROP,DROP_LOCATION_NOT_RU,,,,a_ukr_init_b,,a_ukr_b,0,a_rus_init_b,,a_rus_b,1,FALSE,FALSE,дополнено Россия ударила по Купянскому району: поврежден трубопровод с аммиаком,MACHINE_NONCANDIDATE,FALSE
201188,20230608,3,1679434,pravdaua,https://www.epravda.com.ua/news/2023/06/8/700962/,ENERGY_GRID_SUPPORT,підстанц,пошкодж,706448,Kherson,Kherson,Khersons'ka,32.614962,46.640319,REVIEW,REVIEW_NAME_ONLY_RU_SUPPORT,,,Kherson,a_ukr_init_b,,a_ukr_b,0,a_rus_init_b,,a_rus_b,0,FALSE,FALSE,"У Херсоні енергетики почали відновлювальні роботи """"там, де це можливо"""" – Міненерго. У Херсоні та області підтоплено і пошкоджено 182 трансформаторні підстанції. У Херсоні фіксується поступове зменшення рівня води - енергетики вже почали відновлювальні роботи там, де це можливо.",REVIEW,FALSE
82413,20230610,1,49233,interfaxua,https://interfax.com.ua/news/general/915855.html,STRATEGIC_AIRBASE,аеродром,атак|дрон|пошкодж|ракет,696643,Poltava,Poltava,Poltavs'ka,34.551245,49.589531,REVIEW,REVIEW_NAME_ONLY_RU_SUPPORT,,,Poltava,a_ukr_init_b,,a_ukr_b,0,a_rus_init_b,,a_rus_b,0,FALSE,FALSE,"Ворог уночі атакував військовий аеродром у Полтавській області ракетами """"""""""""""""Іскандер"""""""""""""""" і дронами, є пошкодження",REVIEW,FALSE
116901,20230610,1,283757,ria,https://ria.ru/20230610/spetsoperatsiya-1877359028.html,STRATEGIC_AIRBASE,аэродром,поврежд|удар,701075,Myrhorod,Poltava,Myrhorods'kyi,33.611455,49.965752,DROP,DROP_LOCATION_NOT_RU,,,,a_ukr_init_b,,a_ukr_b,0,a_rus_init_b,,a_rus_b,0,TRUE,FALSE,В Миргороде во время ночных ударов был поврежден военный аэродром ВСУ,MACHINE_NONCANDIDATE,FALSE
116902,20230610,1,1647285,liga,https://news.liga.net/politics/news/rossiya-atakovala-voennyy-aerodrom-mirgorod-raketami-iskander-povrejdena-tehnika,STRATEGIC_AIRBASE,аэродром,Поврежд|атак|ракет,701075,Myrhorod,Poltava,Myrhorods'kyi,33.611455,49.965752,DROP,DROP_LOCATION_NOT_RU,,,,a_ukr_init_b,,a_ukr_b,0,a_rus_init_b,,a_rus_b,1,FALSE,FALSE,"Россия атаковала военный аэродром """"Миргород"""" ракетами """"Искандер"""". Повреждена техника",MACHINE_NONCANDIDATE,FALSE
82416,20230610,1,1679544,pravdaua,https://www.pravda.com.ua/news/2023/06/10/7406229/,STRATEGIC_AIRBASE,аеродром,атак,696643,Poltava,Poltava,Poltavs'ka,34.551245,49.589531,REVIEW,REVIEW_NAME_ONLY_RU_SUPPORT,,,Poltava,a_ukr_init_b,,a_ukr_b,0,a_rus_init_b,,a_rus_b,1,FALSE,FALSE,Росіяни атакували військовий аеродром з технікою на Полтавщині – ОВА.,REVIEW,FALSE
82415,20230610,1,1717750,unian,https://www.unian.ua/war/raketniy-udar-po-poltavskiy-oblasti-rosiyani-vdarili-balistichnimi-y-krilatimi-raketami-shcho-poshkodzheno-12288213.html,STRATEGIC_AIRBASE,аеродром,пошкодж|ракет,696643,Poltava,Poltava,Poltavs'ka,34.551245,49.589531,REVIEW,REVIEW_NAME_ONLY_RU_SUPPORT,,,Poltava,a_ukr_init_b,,a_ukr_b,0,a_rus_init_b,,a_rus_b,1,FALSE,FALSE,Росіяни вдарили по Полтавській області балістичними й крилатими ракетами: пошкоджено аеродром,REVIEW,FALSE
213832,20230612,1,283877,ria,https://ria.ru/20230612/spetsoperatsiya-1877631623.html,AMMUNITION_ARSENAL,склад боеприпас,уничтож,706483,Kharkiv,Kharkiv,Kharkivs'ka,36.231202,49.992167,DROP,DROP_LOCATION_NOT_RU,,,,a_ukr_init_b,,a_ukr_b,0,a_rus_init_b,,a_rus_b,1,TRUE,FALSE,Российские военные уничтожили склад боеприпасов ВСУ в Харьковской области,MACHINE_NONCANDIDATE,FALSE
45172,20230612,1,1631909,meduza,https://twitter.com/blinzka/status/1669621544769794052,AMMUNITION_ARSENAL,складу боеприпас,удар,692808,Staromlynivka,Donets'k,Velykonovosilkivs'kyi,36.822908,47.700737,DROP,DROP_LOCATION_NOT_RU,,,,a_ukr_init_b,,a_ukr_b,0,a_rus_init_b,,a_rus_b,1,TRUE,FALSE,"Как сообщается, украинская артиллерия нанесла удар по российскому складу боеприпасов в Старомлыновке на Великоновоселковском направлении.",MACHINE_NONCANDIDATE,FALSE
45170,20230612,1,1631949,meduza,https://t.me/kolesnyknews/177,AMMUNITION_ARSENAL,складу боеприпас,удар,692808,Staromlynivka,Donets'k,Velykonovosilkivs'kyi,36.80949,47.69237,DROP,DROP_LOCATION_NOT_RU,,,,a_ukr_init_b,,a_ukr_b,0,a_rus_init_b,,a_rus_b,1,TRUE,FALSE,Недельный отчет о совместной работе украинской аэроразведки и артиллерии на Великоновоселковском направлении: удар по российскому складу боеприпасов в Старомлыновке.,MACHINE_NONCANDIDATE,FALSE
117227,20230612,1,1631959,meduza,https://t.me/k_2_54/126,REFINING_PETROCHEM_GAS,нефтеперерабат,атак|дрон,701324,Messarosh,Luhans'k,Popasnians'kyi,38.293347,48.859474,DROP,DROP_LOCATION_NOT_RU,,,,a_ukr_init_b,,a_ukr_b,1,a_rus_init_b,,a_rus_b,0,TRUE,FALSE,Украинский батальон использует дрон-камикадзе для атаки российского грузовика с установленной на нем зенитной установкой на Лисичанском нефтеперерабатывающем заводе в Верхнекаменке.,MACHINE_NONCANDIDATE,FALSE
165296,20230612,1,1631965,meduza,https://twitter.com/PaulJawin/status/1668268418984820737,AMMUNITION_ARSENAL,склад боеприпас,дрон,703633,Kurdiumivka,Donets'k,Artemivs'kyi,37.961769,48.463573,DROP,DROP_LOCATION_NOT_RU,,,,a_ukr_init_b,,a_ukr_b,1,a_rus_init_b,,a_rus_b,0,TRUE,FALSE,Украинский дрон сбрасывает гранату на российский склад боеприпасов в Курдюмовке под Бахмутом.,MACHINE_NONCANDIDATE,FALSE
20355,20230612,1,1631980,meduza,https://t.me/vdd98/425,AMMUNITION_ARSENAL,складу боеприпас,дрон|удар,688505,Yampil',Donets'k,Krasnolymans'kyi,37.94555,48.967886,DROP,DROP_LOCATION_NOT_RU,,,,a_ukr_init_b,,a_ukr_b,0,a_rus_init_b,,a_rus_b,1,TRUE,FALSE,"Российский дрон-камикадзе, как сообщается,  нанес удар пл складу боеприпасов ВСУ между Торским и Ямполем на Кременском фронте.",MACHINE_NONCANDIDATE,FALSE
130110,20230612,1,1631982,meduza,https://twitter.com/PaulJawin/status/1668307192787742737,AMMUNITION_ARSENAL,склад боеприпас,уничтож,702069,Maloillinivka,Donets'k,Artemivs'kyi,37.995466,48.636051,DROP,DROP_LOCATION_NOT_RU,,,,a_ukr_init_b,,a_ukr_b,0,a_rus_init_b,,a_rus_b,1,TRUE,FALSE,Украинская артиллерия уничтожила российский склад боеприпасов и повредила буксируемую гаубицу на северной окраине Бахмута.,MACHINE_NONCANDIDATE,FALSE
41929,20230614,1,1647366,liga,https://news.liga.net/politics/video/voiny-udarnoy-roty-dronov-ahilles-unichtojili-aerodrom-bpla-rossiyan-pod-svatovo-video,STRATEGIC_AIRBASE,аэродром,дрон|удар|уничтож,692118,Svatove,Luhans'k,Svativs'kyi,38.16205,49.409282,DROP,DROP_LOCATION_NOT_RU,,,,a_ukr_init_b,,a_ukr_b,0,a_rus_init_b,,a_rus_b,1,FALSE,FALSE,"Воины ударной роты дронов Ахиллес уничтожили """"аэродром"""" БПЛА россиян под Сватово: видео",MACHINE_NONCANDIDATE,FALSE
294743,20230616,1,338145,espreso,https://espreso.tv/na-bakhmutskomu-napryamku-zsu-za-dobu-znishchili-85-rosiyan-tri-garmati-ta-sklad-iz-boepripasami-rf-cherevatiy,AMMUNITION_ARSENAL,склад із боєприпас,знищ,713174,Bakhmut,Donets'k,Artemivs'ka,38.001988,48.589471,REVIEW,REVIEW_NAME_ONLY_RU_SUPPORT,,,Bakhmut,a_ukr_init_b,,a_ukr_b,1,a_rus_init_b,,a_rus_b,0,TRUE,FALSE,"На Бахмутському напрямку ЗСУ за добу знищили 85 росіян, три гармати та склад із боєприпасами РФ",REVIEW,FALSE
87928,20230617,1,1632019,meduza,https://t.me/vorposte/42030,AMMUNITION_ARSENAL,складу боеприпасов в Рыково в Херсонской области. На видео видна вторничная детонация боеприпас,удар,697957,Rykove,Kherson,Heniches'kyi,34.75412,46.333902,REVIEW,REVIEW_DISPUTED_CRIMEA,,,,a_ukr_init_b,,a_ukr_b,0,a_rus_init_b,,a_rus_b,1,TRUE,FALSE,ВСУ ударили по крупному российскому складу боеприпасов в Рыково в Херсонской области. На видео видна вторничная детонация боеприпасов. Часть поселка была разрушена.,REVIEW,FALSE
79791,20230617,1,1632037,meduza,https://twitter.com/PaulJawin/status/1670352138839511043,AMMUNITION_ARSENAL,склад боеприпас,уничтож,696205,Pryiutne,Donets'k,Velykonovosilkivs'kyi,36.675826,47.726513,DROP,DROP_LOCATION_NOT_RU,,,,a_ukr_init_b,,a_ukr_b,1,a_rus_init_b,,a_rus_b,0,TRUE,FALSE,Украинская артиллерия уничтожила российский склад боеприпасов в Приютном (Запорожская область) на Великоновоселковском направлении.,MACHINE_NONCANDIDATE,FALSE
144279,20230617,1,1632057,meduza,https://twitter.com/NOELreports/status/1671107271659515906,REFINING_PETROCHEM_GAS,НПЗ,атак,702972,Lysychansk,Luhans'k,Lysychans'ka,38.419552,48.912914,DROP,DROP_LOCATION_NOT_RU,,,,a_ukr_init_b,,a_ukr_b,1,a_rus_init_b,,a_rus_b,0,TRUE,FALSE,ВСУ при поддержке артиллерии отражают российские атаки к западу от Верхнекаменки (Лисичанского НПЗ) на Лисичанском направлении.,MACHINE_NONCANDIDATE,FALSE
239015,20230617,1,1632073,meduza,https://twitter.com/PaulJawin/status/1671499243104739330,AMMUNITION_ARSENAL,склад боеприпас,уничтож,709717,Donetsk,Donets'k,Donets'ka,37.80285,48.015884,REVIEW,REVIEW_NAME_ONLY_RU_SUPPORT,,,Donetsk,a_ukr_init_b,,a_ukr_b,0,a_rus_init_b,,a_rus_b,1,TRUE,FALSE,"Как сообщается, украинская артиллерия уничтожила склад боеприпасов российской армии возле Ясиноватой под Донецком.",REVIEW,FALSE
31231,20230617,1,1882078,meduza,https://twitter.com/NOELreports/status/1671107271659515906,REFINING_PETROCHEM_GAS,НПЗ,атак,689910,Verkhnekamenskoye,Luhans'k,Popasnians'kyi,38.252391,48.844625,DROP,DROP_LOCATION_NOT_RU,,,,a_ukr_init_b,,a_ukr_b,1,a_rus_init_b,,a_rus_b,1,TRUE,FALSE,ВСУ при поддержке артиллерии отражают российские атаки к западу от Верхнекаменки (Лисичанского НПЗ) на Лисичанском направлении.,MACHINE_NONCANDIDATE,FALSE
5622,20230617,1,1882094,meduza,https://twitter.com/PaulJawin/status/1671499243104739330,AMMUNITION_ARSENAL,склад боеприпас,уничтож,687298,Zemlianky,Donets'k,Maki‹vs'ka,37.893933,48.107791,DROP,DROP_LOCATION_NOT_RU,,,,a_ukr_init_b,,a_ukr_b,1,a_rus_init_b,,a_rus_b,0,TRUE,FALSE,"Как сообщается, украинская артиллерия уничтожила склад боеприпасов российской армии возле Ясиноватой под Донецком.",MACHINE_NONCANDIDATE,FALSE
201299,20230618,1,1718072,unian,https://www.unian.ua/war/hersonska-ova-pro-znishchennya-skladu-boyepripasiv-rosiyan-ce-seryozniy-udar-po-okupantah-12297903.html,AMMUNITION_ARSENAL,складу боєприпас,знищ,706448,Kherson,Kherson,Khersons'ka,32.614962,46.640319,REVIEW,REVIEW_NAME_ONLY_RU_SUPPORT,,,Kherson,a_ukr_init_b,,a_ukr_b,0,a_rus_init_b,,a_rus_b,0,FALSE,FALSE,"Херсонська ОВА про знищення складу боєприпасів росіян: детонують снаряди, люди евакуюються",REVIEW,FALSE
4941,20230619,2,284324,ria,https://ria.ru/20230619/sklad-1879110059.html,AMMUNITION_ARSENAL,склад ВСУ с боеприпас,уничтож,687184,Kryvorizhzhya,Mykolayiv,Novoodes'kyi,31.767249,47.394622,DROP,DROP_LOCATION_NOT_RU,,,,a_ukr_init_b,,a_ukr_b,0,a_rus_init_b,,a_rus_b,0,TRUE,FALSE,Артиллеристы уничтожили склад ВСУ с боеприпасами в Николаевской области,MACHINE_NONCANDIDATE,FALSE
87932,20230620,1,1718148,unian,https://www.unian.ua/war/yak-viglyadaye-rikove-pislya-znishchennya-skladu-boyepripasiv-rosiyan-foto-12300003.html,AMMUNITION_ARSENAL,складу боєприпас,знищ,697957,Rykove,Kherson,Heniches'kyi,34.752522,46.330759,REVIEW,REVIEW_DISPUTED_CRIMEA,,,,a_ukr_init_b,,a_ukr_b,0,a_rus_init_b,,a_rus_b,0,FALSE,FALSE,Який вигляд має Рикове після знищення складу боєприпасів росіян: супутникові знімки,REVIEW,FALSE
81644,20230622,1,143776,liveuamap,https://twitter.com/ServiceSsu/status/1671413074962665473,ENERGY_GRID_SUPPORT,підстанц,удар,696643,Poltava,Poltava,Poltavs'ka,34.552,49.58715,REVIEW,REVIEW_NAME_ONLY_RU_SUPPORT,,,Poltava,a_ukr_init_b,,a_ukr_b,0,a_rus_init_b,,a_rus_b,0,TRUE,FALSE,"СБУ затримала агента ФСБ, який готував нові удари РФ по електропідстанціях в 5 областях України",REVIEW,FALSE
213855,20230622,3,151313,ng,https://www.ng.ru/news/769654.html,AMMUNITION_ARSENAL,склад с боеприпас,уничтож,706483,Kharkiv,Kharkiv,Kharkivs'ka,36.231202,49.992167,DROP,DROP_LOCATION_NOT_RU,,,,a_ukr_init_b,,a_ukr_b,0,a_rus_init_b,,a_rus_b,0,TRUE,FALSE,Войска РФ уничтожили склад с боеприпасами ВСУ в Харьковской области,MACHINE_NONCANDIDATE,FALSE
81645,20230623,1,143870,liveuamap,https://twitter.com/ServiceSsu/status/1671413074962665473,ENERGY_GRID_SUPPORT,підстанц,удар,696643,Poltava,Poltava,Poltavs'ka,34.552,49.58715,REVIEW,REVIEW_NAME_ONLY_RU_SUPPORT,,,Poltava,a_ukr_init_b,,a_ukr_b,0,a_rus_init_b,,a_rus_b,0,TRUE,FALSE,"СБУ затримала агента ФСБ, який готував нові удари РФ по електропідстанціях в 5 областях України",REVIEW,FALSE
221933,20230623,1,1647557,liga,https://news.liga.net/politics/news/vsu-rf-zapustila-po-voennomu-aerodromu-pod-hmelnitskim-13-raket-s-tu-95ms-vse-sbila-pvo,STRATEGIC_AIRBASE,аэродром,ракет,707153,Kalinovka,Khmel'nyts'kyy,Khmel'nyts'kyi,26.92966,49.507388,REVIEW,REVIEW_NAME_ONLY_RU_SUPPORT,,,Kalinovka,a_ukr_init_b,,a_ukr_b,1,a_rus_init_b,,a_rus_b,0,TRUE,FALSE,ВСУ: РФ запустила по военному аэродрому под Хмельницким 13 ракет с Ту-95МС. Все сбила ПВО,REVIEW,FALSE
294793,20230624,1,1718325,unian,https://www.unian.ua/war/zsu-pro-situaciyu-pid-bahmutom-zneshkodzheno-sotni-okupantiv-znishcheno-skladi-z-boyepripasami-12305421.html,AMMUNITION_ARSENAL,склади з боєприпас,знищ,713174,Bakhmut,Donets'k,Artemivs'ka,38.001988,48.589471,REVIEW,REVIEW_NAME_ONLY_RU_SUPPORT,,,Bakhmut,a_ukr_init_b,,a_ukr_b,1,a_rus_init_b,,a_rus_b,0,TRUE,FALSE,"ЗСУ про ситуацію під Бахмутом: знешкоджено сотні окупантів, знищено склади з боєприпасами",REVIEW,FALSE
213868,20230625,1,284699,ria,https://ria.ru/20230625/spetsoperatsiya-1880318082.html,AMMUNITION_ARSENAL,склад боеприпас,уничтож,706483,Kharkiv,Kharkiv,Kharkivs'ka,36.231202,49.992167,DROP,DROP_LOCATION_NOT_RU,,,,a_ukr_init_b,,a_ukr_b,0,a_rus_init_b,,a_rus_b,0,TRUE,FALSE,Российские военные уничтожили склад боеприпасов ВСУ в Харьковской области,MACHINE_NONCANDIDATE,FALSE
13571,20230625,1,284701,ria,https://ria.ru/20230625/zaporozhe-1880326775.html,AMMUNITION_ARSENAL,складам с боеприпас,ракет|удар,687700,Zaporizhzhya,Zaporizhzhya,Zaporiz'ka,35.138851,47.838312,DROP,DROP_LOCATION_NOT_RU,,,,a_ukr_init_b,,a_ukr_b,1,a_rus_init_b,,a_rus_b,0,TRUE,FALSE,Рогов сообщил о ракетном ударе по складам с боеприпасами ВСУ в Запорожье,MACHINE_NONCANDIDATE,FALSE
239084,20230628,1,1632241,meduza,https://t.me/donetchan/13399,AMMUNITION_ARSENAL,складу боеприпас,Удар|ракет,709717,Donetsk,Donets'k,Donets'ka,37.80285,48.015884,REVIEW,REVIEW_NAME_ONLY_RU_SUPPORT,,,Donetsk,a_ukr_init_b,,a_ukr_b,1,a_rus_init_b,,a_rus_b,0,FALSE,FALSE,"Удар по складу боеприпасов ВС РФ во дворе недостроенного жилого комлпекса в Макеевке у Донецка, детонация ракет для РСЗО.",REVIEW,FALSE
239083,20230628,4,1632251|1632474,meduza,https://t.me/donetchan/13399|https://t.me/wargonzo/13669,AMMUNITION_ARSENAL|FUEL_STORAGE_TERMINAL,нефтебаз|складирования боеприпас,взрыв|пожар|удар,709717,Donetsk,Donets'k,Donets'ka,37.80285,48.015884,REVIEW,REVIEW_NAME_ONLY_RU_SUPPORT,,,Donetsk,a_ukr_init_b,,a_ukr_b,1,a_rus_init_b,,a_rus_b,0,FALSE,FALSE,Мощный взрыв на месте складирования боеприпасов во дворе недостроенного жилого массива в городе Макеевке под Донецком. || Сообщается о пожаре на нефтебазе после удара в Макеевке рядом с Донецком.,REVIEW,FALSE
286689,20230628,1,1632280,meduza,https://t.me/mod_russia/27933,AMMUNITION_ARSENAL,склад ВСУ высокоточным боеприпас,уничтож,713122,Avdiyivka,Donets'k,Iasynuvats'ka,37.737003,48.150246,DROP,DROP_LOCATION_NOT_RU,,,,a_ukr_init_b,,a_ukr_b,1,a_rus_init_b,,a_rus_b,0,TRUE,FALSE,"Сообщается, что российская артиллерия уничтожила склад ВСУ высокоточным боеприпасом «Краснополь» в Авдеевке.",MACHINE_NONCANDIDATE,FALSE
189066,20230628,1,1632351,meduza,https://twitter.com/NOELreports/status/1677298545089552385,AMMUNITION_ARSENAL,склад боеприпас,уничтож,705666,Klyshchiivka,Donets'k,Artemivs'kyi,37.975783,48.559909,DROP,DROP_LOCATION_NOT_RU,,,,a_ukr_init_b,,a_ukr_b,0,a_rus_init_b,,a_rus_b,0,TRUE,FALSE,Российский склад боеприпасов уничтожен артиллерией ВСУ на южной окраине Бахмута.,MACHINE_NONCANDIDATE,FALSE
130112,20230628,1,1632361,meduza,https://t.me/Donbas_Operativniy/46464,AMMUNITION_ARSENAL,склад боеприпас,уничтож,702069,Maloillinivka,Donets'k,Artemivs'kyi,37.988839,48.628473,DROP,DROP_LOCATION_NOT_RU,,,,a_ukr_init_b,,a_ukr_b,1,a_rus_init_b,,a_rus_b,0,TRUE,FALSE,Украинская артиллерия уничтожила российский склад боеприпасов у железной дороги в Ягодном под Бахмутом.,MACHINE_NONCANDIDATE,FALSE
327957,20230628,1,1632366,meduza,https://twitter.com/region776/status/1674771799702384645,AMMUNITION_ARSENAL,склад боеприпас,уничтож,9114378,Heorhiivka,Donets'k,Velykonovosilkivs'kyi,36.910518,47.67266,DROP,DROP_LOCATION_NOT_RU,,,,a_ukr_init_b,,a_ukr_b,0,a_rus_init_b,,a_rus_b,1,TRUE,FALSE,Украинская артиллерия уничтожила российский склад боеприпасов северней Георгиевки под Бахмутом.,MACHINE_NONCANDIDATE,FALSE
90786,20230628,1,1632374,meduza,https://twitter.com/Trollstoy88/status/1676571935742873602,AMMUNITION_ARSENAL,склады боеприпас,уничтож,698428,Orikhiv,Zaporizhzhya,Orikhivs'kyi,35.786813,47.561746,DROP,DROP_LOCATION_NOT_RU,,,,a_ukr_init_b,,a_ukr_b,0,a_rus_init_b,,a_rus_b,1,TRUE,FALSE,"Как сообщается, российская авиация авиабомбами уничтожила склады боеприпасов ВСУ под Ореховым.",MACHINE_NONCANDIDATE,FALSE
178550,20230628,1,1632388,meduza,https://t.me/razved_dozor/4638,AMMUNITION_ARSENAL,складу боеприпас,удар,704691,Kotlyarovka,Kharkiv,Kupians'kyi,37.91215,49.641193,REVIEW,REVIEW_NAME_ONLY_RU_SUPPORT,,,Kotlyarovka,a_ukr_init_b,,a_ukr_b,0,a_rus_init_b,,a_rus_b,1,TRUE,FALSE,"Артиллерийский удар, как утверждается, по складу боеприпасов украинской армии в Кисловке под Купянском.",REVIEW,FALSE
132863,20230628,1,1632394,meduza,https://t.me/Tsaplienko/35315,ENERGY_GRID_SUPPORT,подстанц,Удар|дрон,702459,Lyubymivka,Kherson,Beryslavs'kyi,33.570015,46.810063,DROP,DROP_LOCATION_NOT_RU,,,,a_ukr_init_b,,a_ukr_b,1,a_rus_init_b,,a_rus_b,0,FALSE,TRUE,"Удар дрона-камикадзе по электроподстанции на окраине села Любимовка Курской области в 90 километрах от границы с Украиной. Это значит, что операторы дронов находятся на территории России.",MACHINE_NONCANDIDATE,FALSE
45174,20230628,1,1632438,meduza,https://twitter.com/front_ukrainian/status/1674083350984753154,AMMUNITION_ARSENAL,склад боеприпас,беспилот,692808,Staromlynivka,Donets'k,Velykonovosilkivs'kyi,36.835228,47.699715,DROP,DROP_LOCATION_NOT_RU,,,,a_ukr_init_b,,a_ukr_b,1,a_rus_init_b,,a_rus_b,0,TRUE,FALSE,Украинский беспилотник сбрасывает боеприпас на российский склад боеприпасов в Старомлыновке.,MACHINE_NONCANDIDATE,FALSE
48765,20230628,1,1632466,meduza,https://twitter.com/region776/status/1674118087870935043,AMMUNITION_ARSENAL,склад боеприпас,беспилот|уничтож,693065,Sotsmisto,Donets'k,Kramators'ka,37.584398,48.738984,DROP,DROP_LOCATION_NOT_RU,,,,a_ukr_init_b,,a_ukr_b,0,a_rus_init_b,,a_rus_b,1,TRUE,FALSE,Российский склад боеприпасов на трассе Бахмут - Краматорск западнее Зализнянского уничтожен украинским беспилотником.,MACHINE_NONCANDIDATE,FALSE
83133,20230628,1,1632487,meduza,https://twitter.com/hochu_dodomu/status/1674255631778234368,RAIL_STRATEGIC_LOGISTICS,железнодорожному депо,удар,696677,Polohy,Zaporizhzhya,Polohivs'kyi,36.26826,47.47503,DROP,DROP_LOCATION_NOT_RU,,,,a_ukr_init_b,,a_ukr_b,1,a_rus_init_b,,a_rus_b,1,TRUE,FALSE,"Как соощается, украинские войска нанесли удар по железнодорожному депо в Пологах.",MACHINE_NONCANDIDATE,FALSE
104585,20230628,1,1882262,meduza,https://t.me/donetchan/13399,AMMUNITION_ARSENAL,складу боеприпас,Удар|ракет,699647,Novochaykino,Donets'k,Maki‹vs'ka,37.901559,48.066503,DROP,DROP_LOCATION_NOT_RU,,,,a_ukr_init_b,,a_ukr_b,0,a_rus_init_b,,a_rus_b,0,FALSE,FALSE,"Удар по складу боеприпасов ВС РФ во дворе недостроенного жилого комлпекса в Макеевке у Донецка, детонация ракет для РСЗО.",MACHINE_NONCANDIDATE,FALSE
104586,20230628,1,1882272,meduza,https://t.me/donetchan/13399,AMMUNITION_ARSENAL,складирования боеприпас,взрыв,699647,Novochaykino,Donets'k,Maki‹vs'ka,37.901656,48.066678,DROP,DROP_LOCATION_NOT_RU,,,,a_ukr_init_b,,a_ukr_b,0,a_rus_init_b,,a_rus_b,0,FALSE,FALSE,Мощный взрыв на месте складирования боеприпасов во дворе недостроенного жилого массива в городе Макеевке под Донецком.,MACHINE_NONCANDIDATE,FALSE
284588,20230628,1,1882301,meduza,https://t.me/mod_russia/27933,AMMUNITION_ARSENAL,склад ВСУ высокоточным боеприпас,уничтож,713119,Avdeyevka Pervaya,Donets'k,Iasynuvats'kyi,37.766635,48.117697,DROP,DROP_LOCATION_NOT_RU,,,,a_ukr_init_b,,a_ukr_b,0,a_rus_init_b,,a_rus_b,1,TRUE,FALSE,"Сообщается, что российская артиллерия уничтожила склад ВСУ высокоточным боеприпасом «Краснополь» в Авдеевке.",MACHINE_NONCANDIDATE,FALSE
327890,20230628,1,1882487,meduza,https://twitter.com/region776/status/1674118087870935043,AMMUNITION_ARSENAL,склад боеприпас,беспилот|уничтож,9114140,Zaliznianske,Donets'k,Artemivs'kyi,37.921082,48.68852,DROP,DROP_LOCATION_NOT_RU,,,,a_ukr_init_b,,a_ukr_b,0,a_rus_init_b,,a_rus_b,1,TRUE,FALSE,Российский склад боеприпасов на трассе Бахмут - Краматорск западнее Зализнянского уничтожен украинским беспилотником.,MACHINE_NONCANDIDATE,FALSE
298311,20230628,1,1882495,meduza,https://t.me/wargonzo/13669,FUEL_STORAGE_TERMINAL,нефтебаз,пожар|удар,713698,Aleksandrowka,Donets'k,Maki‹vs'ka,37.855684,48.06318,REVIEW,REVIEW_NAME_ONLY_RU_SUPPORT,,,Aleksandrowka,a_ukr_init_b,,a_ukr_b,0,a_rus_init_b,,a_rus_b,0,FALSE,FALSE,Сообщается о пожаре на нефтебазе после удара в Макеевке рядом с Донецком.,REVIEW,FALSE
191628,20230629,1,338402,espreso,https://espreso.tv/koreguvav-noviy-udar-po-aerodromakh-na-kirovogradshchini-sbu-zatrimala-rosiyskogo-poplichnika,STRATEGIC_AIRBASE,аеродром,удар,705812,Kropyvnytskyy,Kirovohrad,Kirovohrads'kyi,32.2656283,48.5105805,DROP,DROP_LOCATION_NOT_RU,,,,a_ukr_init_b,,a_ukr_b,1,a_rus_init_b,,a_rus_b,0,TRUE,FALSE,Корегував новий удар по аеродромах на Кіровоградщині: СБУ затримала російського поплічника,MACHINE_NONCANDIDATE,FALSE
286695,20230701,1,318406,ria,https://ria.ru/20230701/spetsoperatsiya-1881597997.html,AMMUNITION_ARSENAL,склад боеприпас,уничтож,713122,Avdiyivka,Donets'k,Iasynuvats'ka,37.737003,48.150246,DROP,DROP_LOCATION_NOT_RU,,,,a_ukr_init_b,,a_ukr_b,0,a_rus_init_b,,a_rus_b,1,TRUE,FALSE,Российские бойцы уничтожили склад боеприпасов ВСУ на Авдеевском направлении,MACHINE_NONCANDIDATE,FALSE
115273,20230704,1,312324,interfaxua,https://interfax.com.ua/news/general/920697.html,DEFENSE_INDUSTRY,оборонному завод,ракет|удар,700569,Mykolayiv,Mykolayiv,Mykola‹vs'ka,31.993813,46.975574,DROP,DROP_LOCATION_NOT_RU,,,,a_ukr_init_b,,a_ukr_b,1,a_rus_init_b,,a_rus_b,0,TRUE,FALSE,"СБУ затримала ворожого агента, який готував ракетні удари по будівлі управління СБУ та оборонному заводу Миколаєва",MACHINE_NONCANDIDATE,FALSE
220213,20230704,1,318624,ria,https://ria.ru/20230704/spetsoperatsiya-1882048268.html,AMMUNITION_ARSENAL,склад боеприпас,уничтож,706757,Soledar,Donets'k,Artemivs'kyi,38.066002,48.695657,DROP,DROP_LOCATION_NOT_RU,,,,a_ukr_init_b,,a_ukr_b,0,a_rus_init_b,,a_rus_b,1,TRUE,FALSE,Российские военные уничтожили склад боеприпасов ВСУ под Соледаром,MACHINE_NONCANDIDATE,FALSE
132016,20230705,7,318776,ria,https://ria.ru/20230705/makeevka-1882475564.html,FUEL_STORAGE_TERMINAL,нефтебаз,ракет|удар,702320,Makiivka,Donets'k,Maki‹vs'ka,37.965831,48.046529,DROP,DROP_LOCATION_NOT_RU,,,,a_ukr_init_b,,a_ukr_b,1,a_rus_init_b,,a_rus_b,0,TRUE,FALSE,Украинские войска нанесли ракетный удар по нефтебазе в Макеевке,MACHINE_NONCANDIDATE,FALSE
132007,20230705,2,1647706|1647716,liga,https://news.liga.net/politics/video/makeevka-poyavilos-video-unichtojeniya-sklada-vzryv-byl-takoy-chto-napomnil-yadernyy-grib|https://news.liga.net/politics/video/vzryvy-v-okkupirovannoy-makeevke-rossiyane-pishut-o-pojare-na-neftebaze-video-foto,AMMUNITION_ARSENAL|FUEL_STORAGE_TERMINAL,арсенал|нефтебаз,Взрыв|взрыв|пожар|уничтож,702320,Makiivka,Donets'k,Maki‹vs'ka,37.965831,48.046529,DROP,DROP_LOCATION_NOT_RU,,,,a_ukr_init_b,,a_ukr_b,0,a_rus_init_b,,a_rus_b,0,FALSE,FALSE,"Взрывы в оккупированной Макеевке. Россияне пишут о пожаре на нефтебазе – видео, фото || Макеевка. Появилось видео уничтожения арсенала РФ — от взрыва образовался огромный """"гриб""""",MACHINE_NONCANDIDATE,FALSE
132006,20230705,1,1680268,pravdaua,https://www.pravda.com.ua/news/2023/07/5/7410025/,FUEL_STORAGE_TERMINAL,нафтобаз,пожеж,702320,Makiivka,Donets'k,Maki‹vs'ka,37.965831,48.046529,DROP,DROP_LOCATION_NOT_RU,,,,a_ukr_init_b,,a_ukr_b,0,a_rus_init_b,,a_rus_b,0,FALSE,FALSE,В окупованій Макіївці велика пожежа − горить нафтобаза.,MACHINE_NONCANDIDATE,FALSE
132005,20230705,1,1680285,pravdaua,https://www.pravda.com.ua/news/2023/07/5/7409922/,AMMUNITION_ARSENAL,складу боєприпас,удар,702320,Makiivka,Donets'k,Maki‹vs'ka,37.965831,48.046529,DROP,DROP_LOCATION_NOT_RU,,,,a_ukr_init_b,,a_ukr_b,0,a_rus_init_b,,a_rus_b,0,FALSE,FALSE,ЗМІ показали удар по складу боєприпасів у Макіївці і з'ясували його локацію.,MACHINE_NONCANDIDATE,FALSE
132008,20230705,1,1718719,unian,https://www.unian.ua/war/u-okupovaniy-makijivci-pislya-vibuhiv-pochalas-masshtabna-pozhezha-na-naftobazi-video-12318786.html,FUEL_STORAGE_TERMINAL,нафтобаз,вибух|пожеж,702320,Makiivka,Donets'k,Maki‹vs'ka,37.965831,48.046529,DROP,DROP_LOCATION_NOT_RU,,,,a_ukr_init_b,,a_ukr_b,0,a_rus_init_b,,a_rus_b,0,FALSE,FALSE,У окупованій Макіївці після вибухів почалась масштабна пожежа на нафтобазі (відео),MACHINE_NONCANDIDATE,FALSE
79041,20230706,1,312382,interfaxua,https://interfax.com.ua/news/general/921160.html,ENERGY_GRID_SUPPORT,підстанц,ракет|удар,696032,Pustomyty,L'viv,Pustomytivs'kyi,23.916737,49.717495,DROP,DROP_LOCATION_NOT_RU,,,,a_ukr_init_b,,a_ukr_b,0,a_rus_init_b,,a_rus_b,0,FALSE,FALSE,Унаслідок ракетного удару на Львівщині знеструмлено лінію електропередачі й три підстанції,MACHINE_NONCANDIDATE,FALSE
135622,20230706,3,312384,interfaxua,https://interfax.com.ua/news/general/921166.html,ENERGY_GRID_SUPPORT,підстанц,пошкодж|ракет|удар,702550,Lviv,L'viv,L'vivs'ka,24.029898,49.839323,DROP,DROP_LOCATION_NOT_RU,,,,a_ukr_init_b,,a_ukr_b,0,a_rus_init_b,,a_rus_b,0,FALSE,FALSE,"У Львові ракетними ударами зруйновано понад 250 квартир, 10 гуртожитків, два виші та будинок дитини, пошкоджено електропідстанцію - голова ОВА",MACHINE_NONCANDIDATE,FALSE
135614,20230706,1,1718737,unian,https://www.unian.ua/incidents/lviv-pid-chas-nichnoji-ataki-6-lipnya-u-misti-zruynovana-odna-z-pidstanciy-novini-lvova-12319077.html,ENERGY_GRID_SUPPORT,підстанц,атак,702550,Lviv,L'viv,L'vivs'ka,24.029898,49.839323,DROP,DROP_LOCATION_NOT_RU,,,,a_ukr_init_b,,a_ukr_b,0,a_rus_init_b,,a_rus_b,0,FALSE,FALSE,У Львові під час нічної атаки зруйнована одна з підстанцій,MACHINE_NONCANDIDATE,FALSE
165008,20230708,1,1632512,meduza,https://twitter.com/foosint/status/1679214699420827649,AMMUNITION_ARSENAL,склад боеприпас,уничтож,703484,Kuzemivka,Luhans'k,Svativs'kyi,37.967666,49.500679,DROP,DROP_LOCATION_NOT_RU,,,,a_ukr_init_b,,a_ukr_b,0,a_rus_init_b,,a_rus_b,1,TRUE,FALSE,ВСУ уничтожили российский полевой склад боеприпасов на Сватовском направлении.,MACHINE_NONCANDIDATE,FALSE
13694,20230709,1,339727,ria,https://ria.ru/20230709/spetsoperatsiya-1883104091.html,AMMUNITION_ARSENAL,склад боеприпас,уничтож,687700,Zaporizhzhya,Zaporizhzhya,Zaporiz'ka,35.138851,47.838312,DROP,DROP_LOCATION_NOT_RU,,,,a_ukr_init_b,,a_ukr_b,0,a_rus_init_b,,a_rus_b,1,TRUE,FALSE,Российские войска под Запорожьем уничтожили склад боеприпасов ВСУ,MACHINE_NONCANDIDATE,FALSE
48806,20230710,1,340292,ng,https://www.ng.ru/news/771133.html,AMMUNITION_ARSENAL,склады украинских боеприпас,уничтож,693065,Sotsmisto,Donets'k,Kramators'ka,37.584398,48.738984,DROP,DROP_LOCATION_NOT_RU,,,,a_ukr_init_b,,a_ukr_b,1,a_rus_init_b,,a_rus_b,0,TRUE,FALSE,ВС РФ уничтожили склады украинских боеприпасов у Краматорска и Николаева,MACHINE_NONCANDIDATE,FALSE
115282,20230710,1,340293,ng,https://www.ng.ru/news/771133.html,AMMUNITION_ARSENAL,склады украинских боеприпас,уничтож,700569,Mykolayiv,Mykolayiv,Mykola‹vs'ka,31.993813,46.975574,DROP,DROP_LOCATION_NOT_RU,,,,a_ukr_init_b,,a_ukr_b,1,a_rus_init_b,,a_rus_b,0,TRUE,FALSE,ВС РФ уничтожили склады украинских боеприпасов у Краматорска и Николаева,MACHINE_NONCANDIDATE,FALSE
115286,20230710,1,340432,ria,https://ria.ru/20230710/spetsoperatsiya-1883277498.html,AMMUNITION_ARSENAL,склады боеприпас,уничтож,700569,Mykolayiv,Mykolayiv,Mykola‹vs'ka,31.993813,46.975574,DROP,DROP_LOCATION_NOT_RU,,,,a_ukr_init_b,,a_ukr_b,0,a_rus_init_b,,a_rus_b,1,TRUE,FALSE,ВС России уничтожили склады боеприпасов ВСУ у Николаева и Краматорска,MACHINE_NONCANDIDATE,FALSE
48807,20230710,1,340433,ria,https://ria.ru/20230710/spetsoperatsiya-1883277498.html,AMMUNITION_ARSENAL,склады боеприпас,уничтож,693065,Sotsmisto,Donets'k,Kramators'ka,37.584398,48.738984,DROP,DROP_LOCATION_NOT_RU,,,,a_ukr_init_b,,a_ukr_b,0,a_rus_init_b,,a_rus_b,1,TRUE,FALSE,ВС России уничтожили склады боеприпасов ВСУ у Николаева и Краматорска,MACHINE_NONCANDIDATE,FALSE
312865,20230711,1,340547,interfaxua,https://interfax.com.ua/news/general/922292.html,AMMUNITION_ARSENAL,складів боєприпас,знищ,829795,Kirove,Zaporizhzhya,Orikhivs'kyi,35.692743,47.659453,DROP,DROP_LOCATION_NOT_RU,,,,a_ukr_init_b,,a_ukr_b,1,a_rus_init_b,,a_rus_b,0,TRUE,FALSE,На Таврійському напрямку ЗСУ знищили майже дві роти живої сили та сім складів боєприпасів ворога – Тарнавський,MACHINE_NONCANDIDATE,FALSE
96248,20230711,1,1647809,liga,https://news.liga.net/politics/news/odessa-rf-atakovala-dronami-port-v-regione-est-dva-prileta-po-adminzdaniyu-glava-ova,PORT_EXPORT_LOGISTICS,порт,атак|дрон,698740,Odessa,Odessa,Odes'ka,30.731689,46.484213,DROP,DROP_LOCATION_NOT_RU,,,,a_ukr_init_b,,a_ukr_b,0,a_rus_init_b,,a_rus_b,1,FALSE,FALSE,"Одесса. РФ атаковала дронами порт в регионе, есть два прилета по админзданию — глава ОВА",MACHINE_NONCANDIDATE,FALSE
96247,20230711,1,1680493,pravdaua,https://www.pravda.com.ua/news/2023/07/11/7410761/,PORT_EXPORT_LOGISTICS,порт,атак,698740,Odessa,Odessa,Odes'ka,30.731689,46.484213,DROP,DROP_LOCATION_NOT_RU,,,,a_ukr_init_b,,a_ukr_b,0,a_rus_init_b,,a_rus_b,1,FALSE,FALSE,"Російські """"Шахеди"""" атакували порт Одеси: пошкодили зерновий термінал. Голова Європейської Ради Шарль Мішель провів зустріч на саміті НАТО у Вільнюсі з президентом Туреччини Реджепом Таїпом Ердоганом після того, як Анкара зняла вето на вступ Швеції в НАТО, а Стокгольм пообіцяв їй допомогу у зближенні з ЄС.",MACHINE_NONCANDIDATE,FALSE
213914,20230712,1,341153,ria,https://ria.ru/20230712/sklad-1883727911.html,AMMUNITION_ARSENAL,склад с украинскими боеприпас,уничтож,706483,Kharkiv,Kharkiv,Kharkivs'ka,36.231202,49.992167,DROP,DROP_LOCATION_NOT_RU,,,,a_ukr_init_b,,a_ukr_b,0,a_rus_init_b,,a_rus_b,1,TRUE,FALSE,ВС России уничтожили склад с украинскими боеприпасами под Харьковом,MACHINE_NONCANDIDATE,FALSE
312869,20230714,1,1680565,pravdaua,https://www.pravda.com.ua/news/2023/07/14/7411414/,AMMUNITION_ARSENAL,складів боєприпас,знищ,829795,Kirove,Zaporizhzhya,Orikhivs'kyi,35.692743,47.659453,DROP,DROP_LOCATION_NOT_RU,,,,a_ukr_init_b,,a_ukr_b,1,a_rus_init_b,,a_rus_b,0,FALSE,FALSE,На Таврійському напрямку знищили 9 складів боєприпасів і майже роту окупантів.,MACHINE_NONCANDIDATE,FALSE
13757,20230715,1,342189,ria,https://ria.ru/20230715/dnr-1884361488.html,AMMUNITION_ARSENAL,склады боеприпас,уничтож,687700,Zaporizhzhya,Zaporizhzhya,Zaporiz'ka,35.138851,47.838312,DROP,DROP_LOCATION_NOT_RU,,,,a_ukr_init_b,,a_ukr_b,0,a_rus_init_b,,a_rus_b,1,TRUE,FALSE,ВС России уничтожили украинские склады боеприпасов в ДНР и Запорожье,MACHINE_NONCANDIDATE,FALSE
191640,20230719,2,344132,ria,https://ria.ru/20230719/udar-1885058335.html,STRATEGIC_AIRBASE,авиабаз,удар,705812,Kropyvnytskyy,Kirovohrad,Kirovohrads'kyi,32.266371,48.510363,DROP,DROP_LOCATION_NOT_RU,,,,a_ukr_init_b,,a_ukr_b,0,a_rus_init_b,,a_rus_b,1,TRUE,FALSE,Российские войска нанесли удар по авиабазе Украины в Кировоградской области,MACHINE_NONCANDIDATE,FALSE
56918,20230719,1,343720,espreso,https://espreso.tv/znishcheniy-sklad-boepripasiv-v-krimu-uskladnit-zabezpechennya-viysk-rf-na-pivdni-ukraini-kolonka-sergiya-zgurtsya,AMMUNITION_ARSENAL,склад боєприпас,Знищ,693805,Simferopol,Crimea,Simferopol's'ka,34.0994127132379,44.9536335,REVIEW,REVIEW_DISPUTED_CRIMEA,,,,a_ukr_init_b,,a_ukr_b,0,a_rus_init_b,,a_rus_b,0,TRUE,FALSE,Знищений склад боєприпасів в Криму ускладнить забезпечення військ РФ на Півдні України. Колонка Сергія Згурця,REVIEW,FALSE
56941,20230720,1,344193,espreso,https://espreso.tv/u-merezhi-pokazali-suputnikovi-znimki-naslidkiv-vibukhiv-skladu-boepripasiv-na-poligoni-krimu,AMMUNITION_ARSENAL,складу боєприпас,вибух,693805,Simferopol,Crimea,Simferopol's'ka,34.0994127132379,44.9536335,REVIEW,REVIEW_DISPUTED_CRIMEA,,,,a_ukr_init_b,,a_ukr_b,0,a_rus_init_b,,a_rus_b,0,FALSE,FALSE,У мережі показали супутникові знімки наслідків вибухів складу боєприпасів на полігоні Криму,REVIEW,FALSE
219091,20230720,2,1632811,meduza,https://twitter.com/LogKa11/status/1681662633517219840,AMMUNITION_ARSENAL,складу боеприпас,удар,706702,Karpovka,Donets'k,Artemivs'kyi,38.099815,48.657297,REVIEW,REVIEW_NAME_ONLY_RU_SUPPORT,,,Karpovka,a_ukr_init_b,,a_ukr_b,0,a_rus_init_b,,a_rus_b,1,TRUE,FALSE,Российский удар кассетными боеприпасами по украинским складу боеприпасов и технике в Степановке под Константиновкой в тылу Бахмутского фронта.,REVIEW,FALSE
91930,20230720,1,1632741,meduza,https://twitter.com/bayraktar_1love/status/1682667526973542400,STRATEGIC_AIRBASE,авиабаз,Взрыв|атак|беспилот,698652,Oktyabr'skoye,Crimea,Krasnohvardiis'kyi,34.127563,45.287264,REVIEW,REVIEW_DISPUTED_CRIMEA,,,,a_ukr_init_b,,a_ukr_b,0,a_rus_init_b,,a_rus_b,1,TRUE,FALSE,"Взрывы, а также вторичная детонация боеприпасов в районе авиабазы в Октябрьском в Крыму. Вероятно, цель была атакована украинским беспилотником.",REVIEW,FALSE
311371,20230720,1,1632755,meduza,https://t.me/osirskiy/223,AMMUNITION_ARSENAL,склад боеприпас,уничтож,811723,Bogdanovka,Luhans'k,Popasnians'kyi,38.314649,48.898383,REVIEW,REVIEW_NAME_ONLY_RU_SUPPORT,,,Bogdanovka,a_ukr_init_b,,a_ukr_b,1,a_rus_init_b,,a_rus_b,0,TRUE,FALSE,ВСУ уничтожили полевой склад боеприпасов на Лисичанском направлении.,REVIEW,FALSE
83135,20230720,1,1632760,meduza,https://twitter.com/Gulli_ver_sn/status/1681611283483750400,AMMUNITION_ARSENAL,склад боеприпас,уничтож,696677,Polohy,Zaporizhzhya,Polohivs'kyi,36.274273,47.507791,DROP,DROP_LOCATION_NOT_RU,,,,a_ukr_init_b,,a_ukr_b,0,a_rus_init_b,,a_rus_b,1,TRUE,FALSE,Российский склад боеприпасов к северу от Пологов уничтожен украинским обстрелом.,MACHINE_NONCANDIDATE,FALSE
31301,20230720,1,1632814,meduza,https://www.facebook.com/47OABr/videos/289196456985008/,AMMUNITION_ARSENAL,склад боеприпас,уничтож,689965,Verbove,Zaporizhzhya,Polohivs'kyi,35.983366,47.430023,DROP,DROP_LOCATION_NOT_RU,,,,a_ukr_init_b,,a_ukr_b,0,a_rus_init_b,,a_rus_b,0,TRUE,FALSE,Артбриллерия ВСУ уничтожила российский склад боеприпасов в Вербовом на Ореховском направлении.,MACHINE_NONCANDIDATE,FALSE
41945,20230720,1,1632827,meduza,https://t.me/WarArchive_ua/3126,AMMUNITION_ARSENAL,склада с боеприпас,Уничтож,692118,Svatove,Luhans'k,Svativs'kyi,38.16205,49.409282,DROP,DROP_LOCATION_NOT_RU,,,,a_ukr_init_b,,a_ukr_b,0,a_rus_init_b,,a_rus_b,1,FALSE,FALSE,Уничтожение российского склада с боеприпасами для миномета к северо-западу от Червонопоповки на Сватовском направлении.,MACHINE_NONCANDIDATE,FALSE
56933,20230720,1,1719225,unian,https://www.unian.ua/war/novofedorivka-v-rayoni-viyskovih-aerodromiv-rf-v-krimu-progrimili-vibuhi-shcho-vidomo-12335124.html,STRATEGIC_AIRBASE,аеродром,вибух,693805,Simferopol,Crimea,Simferopol's'ka,34.0994127132379,44.9536335,REVIEW,REVIEW_DISPUTED_CRIMEA,,,,a_ukr_init_b,,a_ukr_b,0,a_rus_init_b,,a_rus_b,0,FALSE,FALSE,Пролунали вибухи на двох військових аеродромах РФ у Криму,REVIEW,FALSE
44351,20230720,1,1882832,meduza,https://twitter.com/LogKa11/status/1681662633517219840,AMMUNITION_ARSENAL,складу боеприпас,удар,692588,Stepanivka,Donets'k,Kostiantynivs'kyi,37.604218,48.460121,DROP,DROP_LOCATION_NOT_RU,,,,a_ukr_init_b,,a_ukr_b,0,a_rus_init_b,,a_rus_b,1,TRUE,FALSE,Российский удар кассетными боеприпасами по украинским складу боеприпасов и технике в Степановке под Константиновкой в тылу Бахмутского фронта.,MACHINE_NONCANDIDATE,FALSE
120190,20230720,1,1882848,meduza,https://t.me/WarArchive_ua/3126,AMMUNITION_ARSENAL,склада с боеприпас,Уничтож,701436,Medvezhiy,Luhans'k,Kremins'kyi,38.08722,49.1536,REVIEW,REVIEW_NAME_ONLY_RU_SUPPORT,,,Medvezhiy,a_ukr_init_b,,a_ukr_b,0,a_rus_init_b,,a_rus_b,1,FALSE,FALSE,Уничтожение российского склада с боеприпасами для миномета к северо-западу от Червонопоповки на Сватовском направлении.,REVIEW,FALSE
312876,20230721,2,344211,espreso,https://espreso.tv/na-tavriyskomu-napryamku-znishcheno-5-skladiv-boepripasiv-ta-15-odinits-tekhniki,AMMUNITION_ARSENAL,складів боєприпас,знищ,829795,Kirove,Zaporizhzhya,Orikhivs'kyi,35.692743,47.659453,DROP,DROP_LOCATION_NOT_RU,,,,a_ukr_init_b,,a_ukr_b,0,a_rus_init_b,,a_rus_b,0,FALSE,FALSE,На Таврійському напрямку знищено 5 складів боєприпасів ворога та 15 одиниць техніки,MACHINE_NONCANDIDATE,FALSE
56954,20230721,1,1719249,unian,https://www.unian.ua/war/bezpilotniki-atakuvali-u-krimu-viyskoviy-aerodrom-12335976.html,STRATEGIC_AIRBASE,аеродром,Безпілот|атак,693805,Simferopol,Crimea,Simferopol's'ka,34.0994127132379,44.9536335,REVIEW,REVIEW_DISPUTED_CRIMEA,,,,a_ukr_init_b,,a_ukr_b,0,a_rus_init_b,,a_rus_b,0,FALSE,FALSE,Безпілотники атакували у Криму військовий аеродром,REVIEW,FALSE
56968,20230722,1,345051,espreso,https://espreso.tv/pislya-udariv-bezpilotnikiv-v-krimu-gorit-naftobaza-rukh-krimskim-mostom-perekrito,AMMUNITION_ARSENAL|FUEL_STORAGE_TERMINAL,нафтобаз|склад боєприпас,безпілот|удар,693805,Simferopol,Crimea,Simferopol's'ka,34.0994127132379,44.9536335,REVIEW,REVIEW_DISPUTED_CRIMEA,,,,a_ukr_init_b,,a_ukr_b,0,a_rus_init_b,,a_rus_b,0,TRUE,FALSE,Після ударів українських безпілотників у Криму горить нафтобаза та детонує склад боєприпасів. Рух залізницею призупинено,REVIEW,FALSE
56976,20230722,1,345087,interfaxua,https://interfax.com.ua/news/general/924412.html,AMMUNITION_ARSENAL,складі боєприпас,атак|вибух|дрон,693805,Simferopol,Crimea,Simferopol's'ka,34.0994127132379,44.9536335,REVIEW,REVIEW_DISPUTED_CRIMEA,,,,a_ukr_init_b,,a_ukr_b,0,a_rus_init_b,,a_rus_b,1,FALSE,FALSE,Окупанти повідомляють про вибухи на складі боєприпасів у Криму внаслідок атаки дрона,REVIEW,FALSE
56972,20230722,1,345089,interfaxua,https://interfax.com.ua/news/general/924433.html,FUEL_STORAGE_TERMINAL,нафтобаз,удар,693805,Simferopol,Crimea,Simferopol's'ka,34.0994127132379,44.9536335,REVIEW,REVIEW_DISPUTED_CRIMEA,,,,a_ukr_init_b,,a_ukr_b,1,a_rus_init_b,,a_rus_b,0,TRUE,FALSE,ЗСУ завдали удару по нафтобазі та військових складах в окупованому Криму,REVIEW,FALSE
56966,20230722,1,345362,ria,https://ria.ru/20230722/bespilotnik-1885662986.html,AMMUNITION_ARSENAL,складе боеприпас,атак|беспилот,693805,Simferopol,Crimea,Simferopol's'ka,34.0994127132379,44.9536335,REVIEW,REVIEW_DISPUTED_CRIMEA,,,,a_ukr_init_b,,a_ukr_b,0,a_rus_init_b,,a_rus_b,0,FALSE,FALSE,На складе боеприпасов в Крыму произошла детонация из-за атаки беспилотника,REVIEW,FALSE
56970,20230722,1,1648012,liga,https://news.liga.net/politics/video/vsu-podtverdili-unichtojenie-neftebazy-i-sklada-boepripasov-v-krymu-video,AMMUNITION_ARSENAL|FUEL_STORAGE_TERMINAL,нефтебаз|склада боеприпас,уничтож,693805,Simferopol,Crimea,Simferopol's'ka,34.0994127132379,44.9536335,REVIEW,REVIEW_DISPUTED_CRIMEA,,,,a_ukr_init_b,,a_ukr_b,1,a_rus_init_b,,a_rus_b,0,TRUE,FALSE,ВСУ подтвердили уничтожение нефтебазы и склада боеприпасов в Крыму – видео,REVIEW,FALSE
56971,20230722,1,1680784,pravdaua,https://www.pravda.com.ua/news/2023/07/22/7412473/,AMMUNITION_ARSENAL|FUEL_STORAGE_TERMINAL,нафтобаз|складів боєприпас,знищ,693805,Simferopol,Crimea,Simferopol's'ka,34.0994127132379,44.9536335,REVIEW,REVIEW_DISPUTED_CRIMEA,,,,a_ukr_init_b,,a_ukr_b,1,a_rus_init_b,,a_rus_b,0,TRUE,FALSE,У ЗСУ відзвітували про знищення нафтобази та складів боєприпасів у Криму.,REVIEW,FALSE
56963,20230722,2,1680785|1719273,pravdaua|unian,https://www.pravda.com.ua/news/2023/07/22/7412459/|https://www.unian.ua/war/u-zsu-pidtverdili-zavdavannya-udariv-po-viyskovih-skladah-rf-v-krimu-ta-naftobazi-12337173.html,AMMUNITION_ARSENAL|FUEL_STORAGE_TERMINAL,нафтобаз|склад боєприпас,Удар|удар,693805,Simferopol,Crimea,Simferopol's'ka,34.0994127132379,44.9536335,REVIEW,REVIEW_DISPUTED_CRIMEA,,,,a_ukr_init_b,,a_ukr_b,0,a_rus_init_b,,a_rus_b,0,TRUE,FALSE,"У Криму після удару БПЛА детонує склад боєприпасів, евакуюють людей. || Удари по військових складах РФ в Криму та нафтобазі завдали ЗСУ - Стратком",REVIEW,FALSE
56973,20230722,1,1719270,unian,https://www.unian.ua/war/bpla-atakuvali-aerodrom-i-naftobazu-v-krimu-video-12337032.html,FUEL_STORAGE_TERMINAL|STRATEGIC_AIRBASE,аеродром|нафтобаз,атак,693805,Simferopol,Crimea,Simferopol's'ka,34.0994127132379,44.9536335,REVIEW,REVIEW_DISPUTED_CRIMEA,,,,a_ukr_init_b,,a_ukr_b,1,a_rus_init_b,,a_rus_b,0,FALSE,FALSE,"БПЛА атакували аеродром і нафтобазу в Криму, оголошено евакуацію (відео)",REVIEW,FALSE
314548,20230723,1,345195,liveuamap,https://t.me/rian_ru/209666,AMMUNITION_ARSENAL,складі боєприпас,вибух,6983811,Novoivanovka,Crimea,Krasnohvardiis'kyi,34.11062,45.30891,REVIEW,REVIEW_DISPUTED_CRIMEA,,,,a_ukr_init_b,,a_ukr_b,0,a_rus_init_b,,a_rus_b,0,FALSE,FALSE,Через вибухи на складі боєприпасів в Октябрському в окупованому Криму оголошено евакуацію населення в радіусі 5 км,REVIEW,FALSE
314549,20230723,1,345196,liveuamap,https://t.me/chp_sevastopol/18337,FUEL_STORAGE_TERMINAL|STRATEGIC_AIRBASE,аеродром|нафтобаз,Безпілот,6983811,Novoivanovka,Crimea,Krasnohvardiis'kyi,34.1074,45.31836,REVIEW,REVIEW_DISPUTED_CRIMEA,,,,a_ukr_init_b,,a_ukr_b,0,a_rus_init_b,,a_rus_b,1,FALSE,FALSE,"Безпілотники вдарили по нафтобазі та аеродрому в Октябрському в окупованому Криму, повідомляють про вторинні детонації",REVIEW,FALSE
56980,20230723,1,1648020,liga,https://news.liga.net/politics/news/unichtojen-rossiyskiy-sklad-boepripasov-v-krymu-poyavilis-sputnikovye-snimki,AMMUNITION_ARSENAL|STRATEGIC_AIRBASE,аэродром|склад боеприпас,Уничтож,693805,Simferopol,Crimea,Simferopol's'ka,34.0994127132379,44.9536335,REVIEW,REVIEW_DISPUTED_CRIMEA,,,,a_ukr_init_b,,a_ukr_b,0,a_rus_init_b,,a_rus_b,1,FALSE,FALSE,Уничтоженный российский склад боеприпасов в Крыму – появились спутниковые снимки аэродрома,REVIEW,FALSE
314550,20230724,1,345265,liveuamap,https://t.me/rian_ru/209666,AMMUNITION_ARSENAL,складі боєприпас,вибух,6983811,Novoivanovka,Crimea,Krasnohvardiis'kyi,34.11062,45.30891,REVIEW,REVIEW_DISPUTED_CRIMEA,,,,a_ukr_init_b,,a_ukr_b,0,a_rus_init_b,,a_rus_b,0,FALSE,FALSE,Через вибухи на складі боєприпасів в Октябрському в окупованому Криму оголошено евакуацію населення в радіусі 5 км,REVIEW,FALSE
314551,20230724,1,345266,liveuamap,https://t.me/chp_sevastopol/18337,FUEL_STORAGE_TERMINAL|STRATEGIC_AIRBASE,аеродром|нафтобаз,Безпілот,6983811,Novoivanovka,Crimea,Krasnohvardiis'kyi,34.1074,45.31836,REVIEW,REVIEW_DISPUTED_CRIMEA,,,,a_ukr_init_b,,a_ukr_b,0,a_rus_init_b,,a_rus_b,1,FALSE,FALSE,"Безпілотники вдарили по нафтобазі та аеродрому в Октябрському в окупованому Криму, повідомляють про вторинні детонації",REVIEW,FALSE
57002,20230724,1,345475,interfaxua,https://interfax.com.ua/news/general/924645.html,AMMUNITION_ARSENAL,склад боєприпас,дрон,693805,Simferopol,Crimea,Simferopol's'ka,34.0994127132379,44.9536335,REVIEW,REVIEW_DISPUTED_CRIMEA,,,,a_ukr_init_b,,a_ukr_b,0,a_rus_init_b,,a_rus_b,1,FALSE,FALSE,Окупанти повідомляють про влучання дрона у склад боєприпасів у Криму,REVIEW,FALSE
57003,20230724,1,345848,espreso,https://espreso.tv/okupatsiyna-vlada-krimu-zayavila-pro-ataku-ukrainskikh-bpla-na-sklad-boepripasiv-u-dzhankoyskomu-rayoni,AMMUNITION_ARSENAL,склад боєприпас,атак,693805,Simferopol,Crimea,Simferopol's'ka,34.0994127132379,44.9536335,REVIEW,REVIEW_DISPUTED_CRIMEA,,,,a_ukr_init_b,,a_ukr_b,0,a_rus_init_b,,a_rus_b,1,TRUE,FALSE,Окупаційна влада Криму заявила про атаку українських БПЛА на склад боєприпасів у Джанкойському районі та евакуацію прилеглих сіл,REVIEW,FALSE
232851,20230724,1,345849,espreso,https://espreso.tv/okupatsiyna-vlada-krimu-zayavila-pro-ataku-ukrainskikh-bpla-na-sklad-boepripasiv-u-dzhankoyskomu-rayoni,AMMUNITION_ARSENAL,склад боєприпас,атак,709334,Dzhankoi,Crimea,Dzhankois'kyi,34.392872,45.713348,REVIEW,REVIEW_DISPUTED_CRIMEA,,,,a_ukr_init_b,,a_ukr_b,0,a_rus_init_b,,a_rus_b,1,TRUE,FALSE,Окупаційна влада Криму заявила про атаку українських БПЛА на склад боєприпасів у Джанкойському районі та евакуацію прилеглих сіл,REVIEW,FALSE
278581,20230724,2,345854|345869,espreso,https://espreso.tv/rosiyani-atakuvali-odeshchinu-dronami-kamikadze-4-lyudey-postrazhdali-zruynovano-angar-iz-zernom,PORT_EXPORT_LOGISTICS,порт,атак|дрон,712609,Bilka,Odessa,Ivanivs'kyi,30.405789,46.908223,DROP,DROP_LOCATION_NOT_RU,,,,a_ukr_init_b,,a_ukr_b,0,a_rus_init_b,,a_rus_b,1,FALSE,FALSE,"Росіяни атакували дронами-камікадзе порт """"Рені"""" на Одещині: 7 людей постраждали || Росіяни атакували дронами-камікадзе порт """"Рені"""" на Одещині. Румунія відреагувала",MACHINE_NONCANDIDATE,FALSE
232852,20230724,1,346243,ria,https://ria.ru/20230724/bespilotnik-1885873403.html,AMMUNITION_ARSENAL,склад боеприпас,Беспилот|атак,709334,Dzhankoi,Crimea,Dzhankois'kyi,34.392872,45.713348,REVIEW,REVIEW_DISPUTED_CRIMEA,,,,a_ukr_init_b,,a_ukr_b,0,a_rus_init_b,,a_rus_b,1,FALSE,FALSE,Беспилотник атаковал склад боеприпасов в Джанкойском районе Крыма,REVIEW,FALSE
57004,20230724,1,346244,ria,https://ria.ru/20230724/bespilotnik-1885873403.html,AMMUNITION_ARSENAL,склад боеприпас,Беспилот|атак,693805,Simferopol,Crimea,Simferopol's'ka,34.0994127132379,44.9536335,REVIEW,REVIEW_DISPUTED_CRIMEA,,,,a_ukr_init_b,,a_ukr_b,0,a_rus_init_b,,a_rus_b,1,FALSE,FALSE,Беспилотник атаковал склад боеприпасов в Джанкойском районе Крыма,REVIEW,FALSE
262798,20230724,1,346295,ria,https://ria.ru/20230724/sklad-1885956961.html,AMMUNITION_ARSENAL,склад с украинскими боеприпас,уничтож,710771,Chorna Dolyna,Kherson,Kakhovs'kyi,33.481729,46.55783,DROP,DROP_LOCATION_NOT_RU,,,,a_ukr_init_b,,a_ukr_b,0,a_rus_init_b,,a_rus_b,1,TRUE,FALSE,ВС России уничтожили склад с украинскими боеприпасами в Херсонской области,MACHINE_NONCANDIDATE,FALSE
314580,20230725,2,346025|346026,liveuamap,https://t.me/Crimeanwind/37475,AMMUNITION_ARSENAL,складі боєприпас,вибух,7019905,Vol'noye,Crimea,Dzhankois'kyi,34.30069,45.56207,REVIEW,REVIEW_DISPUTED_CRIMEA,,,,a_ukr_init_b,,a_ukr_b,0,a_rus_init_b,,a_rus_b,0,FALSE,FALSE,Окупаційна влада Криму оголосила евакуацію в радіусі 5 км після вибухів на складі боєприпасів у Джанкойському районі || Окупаційна влада Криму оголосила евакуацію в радіусі 5 км після вибухів на складі боєприпасів у Джанкойському районі,REVIEW,FALSE
314581,20230725,1,346027,liveuamap,https://t.me/Crimeanwind/37469,AMMUNITION_ARSENAL,складі боєприпас,вибух,7019905,Vol'noye,Crimea,Dzhankois'kyi,34.28593,45.57224,REVIEW,REVIEW_DISPUTED_CRIMEA,,,,a_ukr_init_b,,a_ukr_b,0,a_rus_init_b,,a_rus_b,0,FALSE,FALSE,"В окупованому Криму на складі боєприпасів біля міста Вільне стався вибух, перекрито залізничне та автомобільне сполучення Джанкой-Сімферополь",REVIEW,FALSE
314582,20230726,2,346101|346102,liveuamap,https://t.me/Crimeanwind/37475,AMMUNITION_ARSENAL,складі боєприпас,вибух,7019905,Vol'noye,Crimea,Dzhankois'kyi,34.30069,45.56207,REVIEW,REVIEW_DISPUTED_CRIMEA,,,,a_ukr_init_b,,a_ukr_b,0,a_rus_init_b,,a_rus_b,0,FALSE,FALSE,Окупаційна влада Криму оголосила евакуацію в радіусі 5 км після вибухів на складі боєприпасів у Джанкойському районі || Окупаційна влада Криму оголосила евакуацію в радіусі 5 км після вибухів на складі боєприпасів у Джанкойському районі,REVIEW,FALSE
314583,20230726,1,346103,liveuamap,https://t.me/Crimeanwind/37469,AMMUNITION_ARSENAL,складі боєприпас,вибух,7019905,Vol'noye,Crimea,Dzhankois'kyi,34.28593,45.57224,REVIEW,REVIEW_DISPUTED_CRIMEA,,,,a_ukr_init_b,,a_ukr_b,0,a_rus_init_b,,a_rus_b,0,FALSE,FALSE,"В окупованому Криму на складі боєприпасів біля міста Вільне стався вибух, перекрито залізничне та автомобільне сполучення Джанкой-Сімферополь",REVIEW,FALSE
221957,20230726,1,347281,ria,https://ria.ru/20230726/vzryv-1886481981.html,STRATEGIC_AIRBASE,аэродром,взрыв,707153,Kalinovka,Khmel'nyts'kyy,Khmel'nyts'kyi,26.92966,49.507388,REVIEW,REVIEW_NAME_ONLY_RU_SUPPORT,,,Kalinovka,a_ukr_init_b,,a_ukr_b,0,a_rus_init_b,,a_rus_b,0,FALSE,FALSE,"СМИ сообщили о взрывах в Хмельницкой области, где находится аэродром",REVIEW,FALSE
61189,20230726,1,1632899,meduza,https://twitter.com/WarVehicle/status/1686103427070226432,AMMUNITION_ARSENAL,складу боеприпас,дрон|удар,694289,Shcherbinovka,Donets'k,Kostiantynivs'kyi,37.833689,48.459728,REVIEW,REVIEW_NAME_ONLY_RU_SUPPORT,,,Shcherbinovka,a_ukr_init_b,,a_ukr_b,1,a_rus_init_b,,a_rus_b,0,FALSE,FALSE,"Российский дрон-камикадзе """"""""Ланцет"""""""" нанес удар по позиции украинсой самоходной артиллерийской установки  и в складу боеприпасов в районе Дылеевки в тылу Бахмутского фронта.",REVIEW,FALSE
99882,20230726,1,1632927,meduza,https://twitter.com/TDF_UA/status/1685542238468620288,AMMUNITION_ARSENAL,склад артиллерийских боеприпас,уничтож,698799,Oborotnivka,Luhans'k,Svativs'kyi,38.028177,49.570711,DROP,DROP_LOCATION_NOT_RU,,,,a_ukr_init_b,,a_ukr_b,1,a_rus_init_b,,a_rus_b,0,TRUE,FALSE,Украинская артиллерия уничтожила российский склад артиллерийских боеприпасов к юго-западу от Оборотновки на Купянском направлении.,MACHINE_NONCANDIDATE,FALSE
31234,20230726,1,1632944,meduza,https://twitter.com/ng_ukraine/status/1684824342431993856,REFINING_PETROCHEM_GAS,нефтеперерабат,Дрон|удар,689910,Verkhnekamenskoye,Luhans'k,Popasnians'kyi,38.282929,48.848968,DROP,DROP_LOCATION_NOT_RU,,,,a_ukr_init_b,,a_ukr_b,0,a_rus_init_b,,a_rus_b,1,TRUE,FALSE,Дрон-камикадзе ВСУ наносит удар по российским позициям возле Лисичанского нефтеперерабатывающего завода в Верхнекаменке.,MACHINE_NONCANDIDATE,FALSE
91921,20230726,1,1632960,meduza,https://t.me/pidrozdilshadow/150,AMMUNITION_ARSENAL,склад боеприпас,дрон|уничтож,698644,Kermenchyk,Donets'k,Velykonovosilkivs'kyi,36.959522,47.718896,DROP,DROP_LOCATION_NOT_RU,,,,a_ukr_init_b,,a_ukr_b,0,a_rus_init_b,,a_rus_b,1,TRUE,FALSE,Украинский дрон-камикадзе уничтожает склад боеприпасов к северо-востоку от Керменчика на Великоновоселковском направлении.,MACHINE_NONCANDIDATE,FALSE
65144,20230726,1,1633053,meduza,https://twitter.com/NOELreports/status/1686372120413245442,AMMUNITION_ARSENAL,склад боеприпас,дрон,695051,Rybalche,Kherson,Holoprystans'kyi,32.21296,46.47687,DROP,DROP_LOCATION_NOT_RU,,,,a_ukr_init_b,,a_ukr_b,0,a_rus_init_b,,a_rus_b,1,TRUE,FALSE,В Рыбальче в устье Днепра украинские дроны сбросили боеприпасы на российский склад боеприпасов.,MACHINE_NONCANDIDATE,FALSE
31042,20230726,2,1633088,meduza,https://twitter.com/Gulli_ver_sn/status/1686402308790243328,AMMUNITION_ARSENAL,склад боеприпас,Уничтож,689873,Novoprokopivka,Zaporizhzhya,Tokmats'kyi,35.82718,47.41163,DROP,DROP_LOCATION_NOT_RU,,,,a_ukr_init_b,,a_ukr_b,0,a_rus_init_b,,a_rus_b,1,FALSE,FALSE,Уничтожен российский склад боеприпасов в Новопрокоповке в тылу на Ореховском направлении.,MACHINE_NONCANDIDATE,FALSE
157489,20230727,1,347635,ria,https://ria.ru/20230727/aerodrom-1886548149.html,STRATEGIC_AIRBASE,аэродром,удар,703448,Kyiv,Kiev City,Shevchenkivs'kyi,30.52355,50.450441,DROP,DROP_LOCATION_NOT_RU,,,,a_ukr_init_b,,a_ukr_b,0,a_rus_init_b,,a_rus_b,0,FALSE,FALSE,В Киеве признали удар по военному аэродрому в Хмельницкой области,MACHINE_NONCANDIDATE,FALSE
221963,20230727,1,347636,ria,https://ria.ru/20230727/aerodrom-1886548149.html,STRATEGIC_AIRBASE,аэродром,удар,707153,Kalinovka,Khmel'nyts'kyy,Khmel'nyts'kyi,26.92966,49.507388,REVIEW,REVIEW_NAME_ONLY_RU_SUPPORT,,,Kalinovka,a_ukr_init_b,,a_ukr_b,0,a_rus_init_b,,a_rus_b,0,FALSE,FALSE,В Киеве признали удар по военному аэродрому в Хмельницкой области,REVIEW,FALSE
323786,20230728,2,347867|347982,ng|ria,https://ria.ru/20230728/vzryv-1886931814.html|https://www.ng.ru/news/772744.html,REFINING_PETROCHEM_GAS,НПЗ|нефтеперерабат,Взрыв|взрыв,9113068,Lozivskyi,Donets'k,Donets'ka,37.725649,48.020512,DROP,DROP_LOCATION_NOT_RU,,,,a_ukr_init_b,,a_ukr_b,0,a_rus_init_b,,a_rus_b,0,FALSE,TRUE,Взрыв произошел на Куйбышевском нефтеперерабатывающем заводе в Самаре || На Куйбышевском НПЗ прогремел взрыв,MACHINE_NONCANDIDATE,FALSE
323787,20230728,1,347988,ria,https://ria.ru/20230728/npz-1886965677.html,REFINING_PETROCHEM_GAS,НПЗ,взрыв,9113068,Lozivskyi,Donets'k,Donets'ka,37.725649,48.020512,DROP,DROP_LOCATION_NOT_RU,,,,a_ukr_init_b,,a_ukr_b,0,a_rus_init_b,,a_rus_b,0,FALSE,FALSE,"При взрыве на Куйбышевском НПЗ никто не пострадал, сообщили в Совфеде",MACHINE_NONCANDIDATE,FALSE
63044,20230729,1,348025,espreso,https://espreso.tv/u-sevastopoli-vibukhnuv-sklad-boepripasiv,AMMUNITION_ARSENAL,склад боєприпас,вибух,694423,Sevastopol,Sevastopol',Lenins'kyi,33.5229142,44.6010512,REVIEW,REVIEW_DISPUTED_CRIMEA,,,,a_ukr_init_b,,a_ukr_b,0,a_rus_init_b,,a_rus_b,0,FALSE,FALSE,У Севастополі вибухнув склад боєприпасів,REVIEW,FALSE
57042,20230729,1,348067,interfaxua,https://interfax.com.ua/news/general/925794.html,AMMUNITION_ARSENAL,склад боєприпас,вибух,693805,Simferopol,Crimea,Simferopol's'ka,34.0994127132379,44.9536335,REVIEW,REVIEW_DISPUTED_CRIMEA,,,,a_ukr_init_b,,a_ukr_b,0,a_rus_init_b,,a_rus_b,0,FALSE,FALSE,У Козачій бухті окупованого Криму вибухнув склад боєприпасів окупантів - ГУР,REVIEW,FALSE
323790,20230729,2,348290,ria,https://ria.ru/20230729/vzryv-1887044233.html,REFINING_PETROCHEM_GAS,НПЗ,взрыв,9113068,Lozivskyi,Donets'k,Donets'ka,37.725649,48.020512,DROP,DROP_LOCATION_NOT_RU,,,,a_ukr_init_b,,a_ukr_b,0,a_rus_init_b,,a_rus_b,0,FALSE,FALSE,Суд арестовал организатора взрыва на Куйбышевском НПЗ,MACHINE_NONCANDIDATE,FALSE
331241,20230729,1,349062,liveuamap,https://t.me/lachentyt/32303,FUEL_STORAGE_TERMINAL,нафтобаз,Вибух|пожеж,9291670,Postnykove,Donets'k,Shakhtars'ka,38.48236,48.0432,DROP,DROP_LOCATION_NOT_RU,,,,a_ukr_init_b,,a_ukr_b,0,a_rus_init_b,,a_rus_b,0,FALSE,FALSE,Вибухи і пожежа на нафтобазі в Шахтарську,MACHINE_NONCANDIDATE,FALSE
57040,20230729,1,1719486,unian,https://www.unian.ua/war/u-krimu-vibuhnuv-sklad-boyepripasiv-okupantiv-video-12344436.html,AMMUNITION_ARSENAL,склад боєприпас,вибух,693805,Simferopol,Crimea,Simferopol's'ka,34.0994127132379,44.9536335,REVIEW,REVIEW_DISPUTED_CRIMEA,,,,a_ukr_init_b,,a_ukr_b,0,a_rus_init_b,,a_rus_b,0,FALSE,FALSE,У Криму вибухнув склад боєприпасів окупантів (відео),REVIEW,FALSE
239249,20230729,1,1719503,unian,https://www.unian.ua/war/u-donecku-progrimili-vibuhi-detonuye-sklad-boyepripasiv-video-12344835.html,AMMUNITION_ARSENAL,склад боєприпас,вибух,709717,Donetsk,Donets'k,Donets'ka,37.80285,48.015884,REVIEW,REVIEW_NAME_ONLY_RU_SUPPORT,,,Donetsk,a_ukr_init_b,,a_ukr_b,0,a_rus_init_b,,a_rus_b,0,FALSE,FALSE,У Донецьку прогриміли вибухи: детонує склад боєприпасів (відео),REVIEW,FALSE
331242,20230730,1,349457,liveuamap,https://t.me/lachentyt/32303,FUEL_STORAGE_TERMINAL,нафтобаз,Вибух|пожеж,9291670,Postnykove,Donets'k,Shakhtars'ka,38.48236,48.0432,DROP,DROP_LOCATION_NOT_RU,,,,a_ukr_init_b,,a_ukr_b,0,a_rus_init_b,,a_rus_b,0,FALSE,FALSE,Вибухи і пожежа на нафтобазі в Шахтарську,MACHINE_NONCANDIDATE,FALSE
57067,20230801,1,349030,espreso,https://espreso.tv/u-krimu-prolunali-vibukhi-v-rayoni-balaklavi-de-roztashovana-tets-ta-skladi-boepripasiv-zmi,AMMUNITION_ARSENAL,склади боєприпас,вибух,693805,Simferopol,Crimea,Simferopol's'ka,34.0994127132379,44.9536335,REVIEW,REVIEW_DISPUTED_CRIMEA,,,,a_ukr_init_b,,a_ukr_b,0,a_rus_init_b,,a_rus_b,0,FALSE,FALSE,"У Криму пролунали вибухи в районі Балаклави, де розташована ТЕЦ та склади боєприпасів",REVIEW,FALSE
57074,20230802,2,1648171|1719604,liga|unian,https://news.liga.net/region_news/news/byl-vzryv-v-gvardeyskom-pod-simferopolem-gde-aerodrom-foto-iz-okkupirovannogo-kryma|https://www.unian.ua/war/vibuhi-v-krimu-prolunali-bilya-viyskovogo-aerodromu-12348306.html,STRATEGIC_AIRBASE,аеродром|аэродром,взрыв|вибух,693805,Simferopol,Crimea,Simferopol's'ka,34.0994127132379,44.9536335,REVIEW,REVIEW_DISPUTED_CRIMEA,,,,a_ukr_init_b,,a_ukr_b,0,a_rus_init_b,,a_rus_b,0,FALSE,FALSE,"дополнено Был """"очень мощный"""" взрыв в Гвардейском под Симферополем, где аэродром: видео/фото из Крыма || В Криму пролунав потужний вибух біля військового аеродрому (фото)",REVIEW,FALSE
224364,20230802,1,1681056,pravdaua,https://www.epravda.com.ua/news/2023/08/2/702828/,PORT_EXPORT_LOGISTICS,порт,атак,707308,Izmail,Odessa,Izma‹l's'ka,28.836271,45.350893,DROP,DROP_LOCATION_NOT_RU,,,,a_ukr_init_b,,a_ukr_b,0,a_rus_init_b,,a_rus_b,0,FALSE,FALSE,Нічна атака РФ на порт Ізмаїла призвела до стрибка цін на продовольство в світі – Reuters.,MACHINE_NONCANDIDATE,FALSE
57075,20230802,1,1681063,pravdaua,https://www.pravda.com.ua/news/2023/08/2/7413835/,STRATEGIC_AIRBASE,авіабаз,вибух,693805,Simferopol,Crimea,Simferopol's'ka,34.0994127132379,44.9536335,REVIEW,REVIEW_DISPUTED_CRIMEA,,,,a_ukr_init_b,,a_ukr_b,0,a_rus_init_b,,a_rus_b,0,FALSE,FALSE,У Криму прогримів вибух в районі авіабази – ЗМІ.,REVIEW,FALSE
224365,20230802,2,1719611,unian,https://www.unian.ua/economics/agro/robota-portu-izmajil-v-odeskiy-oblasti-zupinena-12348693.html,PORT_EXPORT_LOGISTICS,порт,атак,707308,Izmail,Odessa,Izma‹l's'ka,28.836271,45.350893,DROP,DROP_LOCATION_NOT_RU,,,,a_ukr_init_b,,a_ukr_b,0,a_rus_init_b,,a_rus_b,0,FALSE,FALSE,Через атаку росіян порт Ізмаїл зупинив роботу - Reuters (фото),MACHINE_NONCANDIDATE,FALSE
316244,20230803,1,349805,espreso,https://espreso.tv/peremozhni-novini-526-dnya-viyni-ukrainski-rozvidniki-otrimali-bezpilotniki-bomberi-na-zakarpatti-vidobuli-pershu-sil-a-v-tokmaku-zletiv-u-povitrya-vorozhiy-sklad-boepripasiv,AMMUNITION_ARSENAL,склад боєприпас,безпілот,8281918,Posich,Transcarpathia,Khusts'kyi,23.413124,48.220758,DROP,DROP_LOCATION_NOT_RU,,,,a_ukr_init_b,,a_ukr_b,1,a_rus_init_b,,a_rus_b,0,TRUE,FALSE,"Переможні новини 526 дня війни: українські розвідники отримали безпілотники-бомбери, на Закарпатті видобули першу сіль, а в Токмаку злетів у повітря ворожий склад боєприпасів",MACHINE_NONCANDIDATE,FALSE
38072,20230803,1,349806,espreso,https://espreso.tv/peremozhni-novini-526-dnya-viyni-ukrainski-rozvidniki-otrimali-bezpilotniki-bomberi-na-zakarpatti-vidobuli-pershu-sil-a-v-tokmaku-zletiv-u-povitrya-vorozhiy-sklad-boepripasiv,AMMUNITION_ARSENAL,склад боєприпас,безпілот,691469,Tokmak,Zaporizhzhya,Tokmats'kyi,35.709191,47.255103,REVIEW,REVIEW_NAME_ONLY_RU_SUPPORT,,,Tokmak,a_ukr_init_b,,a_ukr_b,1,a_rus_init_b,,a_rus_b,0,TRUE,FALSE,"Переможні новини 526 дня війни: українські розвідники отримали безпілотники-бомбери, на Закарпатті видобули першу сіль, а в Токмаку злетів у повітря ворожий склад боєприпасів",REVIEW,FALSE
348892,20230804,1,1648192,liga,https://news.liga.net/politics/news/vsu-podtverdili-udar-po-feodosii-tam-bolshoe-neftehranilische-dlya-chernomorskogo-flota,FUEL_STORAGE_TERMINAL,нефтехранил,удар,,,,,35.383911,45.026654,REVIEW,REVIEW_DISPUTED_CRIMEA,,,,a_ukr_init_b,,a_ukr_b,1,a_rus_init_b,,a_rus_b,0,TRUE,FALSE,ВСУ подтвердили удар по Феодосии. Там большое нефтехранилище для Черноморского флота,REVIEW,FALSE
251102,20230805,1,383114,liveuamap,https://t.me/channel24_ua/99087,AMMUNITION_ARSENAL,складах боєприпас,вибух,709940,Dnipryany,Kherson,Beryslavs'kyi,33.26235,46.74918,DROP,DROP_LOCATION_NOT_RU,,,,a_ukr_init_b,,a_ukr_b,0,a_rus_init_b,,a_rus_b,0,FALSE,FALSE,У Дніпрянах Херсонської області вночі пролунали вибухи на складах боєприпасів,MACHINE_NONCANDIDATE,FALSE
45836,20230805,1,1648199,liga,https://news.liga.net/politics/news/rossiya-zapustila-krylatye-rakety-iz-chernogo-morya-oni-vhodyat-v-kievskuyu-oblast,STRATEGIC_AIRBASE,авиабаз,Удар,692818,Starokostyantyniv,Khmel'nyts'kyy,Starokostiantynivs'kyi,27.2044,49.754164,DROP,DROP_LOCATION_NOT_RU,,,,a_ukr_init_b,,a_ukr_b,0,a_rus_init_b,,a_rus_b,0,FALSE,FALSE,"Удар Кинжалами и Калибрами по авиабазе Староконстантинова, под Житомиром, пуск из Беларуси",MACHINE_NONCANDIDATE,FALSE
2249,20230805,1,1648200,liga,https://news.liga.net/politics/news/rossiya-zapustila-krylatye-rakety-iz-chernogo-morya-oni-vhodyat-v-kievskuyu-oblast,STRATEGIC_AIRBASE,авиабаз,Удар,686967,Zhytomyr,Zhytomyr,Zhytomyrs'ka,28.658701,50.254606,DROP,DROP_LOCATION_NOT_RU,,,,a_ukr_init_b,,a_ukr_b,0,a_rus_init_b,,a_rus_b,0,FALSE,FALSE,"Удар Кинжалами и Калибрами по авиабазе Староконстантинова, под Житомиром, пуск из Беларуси",MACHINE_NONCANDIDATE,FALSE
348894,20230805,1,1719680,unian,https://www.unian.ua/war/ekspert-poyasniv-chomu-vazhlivo-znishchiti-naftobazu-rosiyan-u-feodosiji-12352173.html,FUEL_STORAGE_TERMINAL,нафтобаз,знищ,,,,,35.383911,45.026654,REVIEW,REVIEW_DISPUTED_CRIMEA,,,,a_ukr_init_b,,a_ukr_b,0,a_rus_init_b,,a_rus_b,0,FALSE,FALSE,"Експерт пояснив, чому важливо знищити нафтобазу росіян у Феодосії",REVIEW,FALSE
221987,20230806,1,372516,interfaxua,https://interfax.com.ua/news/general/927195.html,STRATEGIC_AIRBASE,аеродром,атак,707153,Kalinovka,Khmel'nyts'kyy,Khmel'nyts'kyi,26.92966,49.507388,REVIEW,REVIEW_NAME_ONLY_RU_SUPPORT,,,Kalinovka,a_ukr_init_b,,a_ukr_b,0,a_rus_init_b,,a_rus_b,1,FALSE,FALSE,"Ворог тричі атакував Хмельниччину, цілив по аеродрому в Старокостянтинові, є постраждалий - ОВА",REVIEW,FALSE
45838,20230806,1,372517,interfaxua,https://interfax.com.ua/news/general/927195.html,STRATEGIC_AIRBASE,аеродром,атак,692818,Starokostyantyniv,Khmel'nyts'kyy,Starokostiantynivs'kyi,27.2044,49.754164,DROP,DROP_LOCATION_NOT_RU,,,,a_ukr_init_b,,a_ukr_b,0,a_rus_init_b,,a_rus_b,1,FALSE,FALSE,"Ворог тричі атакував Хмельниччину, цілив по аеродрому в Старокостянтинові, є постраждалий - ОВА",MACHINE_NONCANDIDATE,FALSE
251103,20230806,1,386631,liveuamap,https://t.me/channel24_ua/99087,AMMUNITION_ARSENAL,складах боєприпас,вибух,709940,Dnipryany,Kherson,Beryslavs'kyi,33.26235,46.74918,DROP,DROP_LOCATION_NOT_RU,,,,a_ukr_init_b,,a_ukr_b,0,a_rus_init_b,,a_rus_b,0,FALSE,FALSE,У Дніпрянах Херсонської області вночі пролунали вибухи на складах боєприпасів,MACHINE_NONCANDIDATE,FALSE
265853,20230806,1,1648211,liga,https://news.liga.net/region_news/news/raketonostsy-tu-95-rossii-pustili-po-ukraine-krylatye-rakety-h-101555-podlet-k-trem-nochi,STRATEGIC_AIRBASE,авиабаз,взрыв|ракет|удар,710791,Cherkasy,Cherkasy,Cherkas'ka,32.059768,49.444433,REVIEW,REVIEW_NAME_ONLY_RU_SUPPORT,,,Cherkasy,a_ukr_init_b,,a_ukr_b,0,a_rus_init_b,,a_rus_b,1,FALSE,FALSE,"обновлено Россия ударила ракетами Х-555 с Ту-95 по авиабазе на западе, взрывы были и под Черкассами",REVIEW,FALSE
121092,20230810,1,386305,espreso,https://espreso.tv/na-kiivshchini-ppo-vidstrilyue-vorozhi-droni-trivae-povitryana-trivoga,FUEL_STORAGE_TERMINAL,нафтобаз,атак|дрон,701673,Marianivka,Rivne,Kostopil's'kyi,26.391165,51.039715,DROP,DROP_LOCATION_NOT_RU,,,,a_ukr_init_b,,a_ukr_b,0,a_rus_init_b,,a_rus_b,1,FALSE,FALSE,"На Рівненщині внаслідок атаки ворожих дронів зруйнована нафтобаза, на Київщині та Хмельниччині працювала ППО",MACHINE_NONCANDIDATE,FALSE
345611,20230810,1,386306,espreso,https://espreso.tv/na-kiivshchini-ppo-vidstrilyue-vorozhi-droni-trivae-povitryana-trivoga,FUEL_STORAGE_TERMINAL,нафтобаз,атак|дрон,11777953,Deremezna,Kiev,Obukhivs'kyi,30.476622,50.023928,DROP,DROP_LOCATION_NOT_RU,,,,a_ukr_init_b,,a_ukr_b,0,a_rus_init_b,,a_rus_b,1,FALSE,FALSE,"На Рівненщині внаслідок атаки ворожих дронів зруйнована нафтобаза, на Київщині та Хмельниччині працювала ППО",MACHINE_NONCANDIDATE,FALSE
221990,20230810,1,386307,espreso,https://espreso.tv/na-kiivshchini-ppo-vidstrilyue-vorozhi-droni-trivae-povitryana-trivoga,FUEL_STORAGE_TERMINAL,нафтобаз,атак|дрон,707153,Kalinovka,Khmel'nyts'kyy,Khmel'nyts'kyi,26.92966,49.507388,REVIEW,REVIEW_NAME_ONLY_RU_SUPPORT,,,Kalinovka,a_ukr_init_b,,a_ukr_b,0,a_rus_init_b,,a_rus_b,1,FALSE,FALSE,"На Рівненщині внаслідок атаки ворожих дронів зруйнована нафтобаза, на Київщині та Хмельниччині працювала ППО",REVIEW,FALSE
76192,20230810,1,386345,interfaxua,https://interfax.com.ua/news/general/927910.html,FUEL_STORAGE_TERMINAL,нафтобаз,безпілот,695594,Rivne,Rivne,Rivnens'ka,26.2468774596421,50.62012225,DROP,DROP_LOCATION_NOT_RU,,,,a_ukr_init_b,,a_ukr_b,0,a_rus_init_b,,a_rus_b,1,FALSE,FALSE,"Окупанти вночі вдарили безпілотниками по Рівненській області, зруйновано нафтобазу в Дубенському районі",MACHINE_NONCANDIDATE,FALSE
19943,20230810,2,389480,ria,https://ria.ru/20230810/neftebaza-1889196260.html,FUEL_STORAGE_TERMINAL,нефтебаз,уничтож,688393,Yaseninichi,Rivne,Rivnens'ka,26.251638,50.61992,DROP,DROP_LOCATION_NOT_RU,,,,a_ukr_init_b,,a_ukr_b,0,a_rus_init_b,,a_rus_b,0,FALSE,FALSE,В Ровенской области уничтожили нефтебазу,MACHINE_NONCANDIDATE,FALSE
121086,20230810,1,389479,ria,https://ria.ru/20230810/neftebaza-1889196260.html,FUEL_STORAGE_TERMINAL,нефтебаз,уничтож,701673,Marianivka,Rivne,Kostopil's'kyi,26.391165,51.039715,DROP,DROP_LOCATION_NOT_RU,,,,a_ukr_init_b,,a_ukr_b,0,a_rus_init_b,,a_rus_b,0,FALSE,FALSE,В Ровненской области уничтожили нефтебазу,MACHINE_NONCANDIDATE,FALSE
121277,20230810,1,1633255,meduza,https://twitter.com/TWMCLtd/status/1689600904582832128,FUEL_STORAGE_TERMINAL,нефтебаз,дрон|удар,701747,Martynivka,Rivne,Dubens'kyi,25.794305,50.249447,DROP,DROP_LOCATION_NOT_RU,,,,a_ukr_init_b,,a_ukr_b,0,a_rus_init_b,,a_rus_b,1,FALSE,FALSE,"Последствия, как утверждается, ударов российских дронов-камикадзе по нефтебазе к востоку от Смиги Ровенской области.",MACHINE_NONCANDIDATE,FALSE
32883,20230810,1,1633305,meduza,https://t.me/immateriumukrkhorne/372,AMMUNITION_ARSENAL,склад боеприпас,уничтож,690620,Uspenovka,Zaporizhzhya,Orikhivs'kyi,35.94478,47.443973,REVIEW,REVIEW_NAME_ONLY_RU_SUPPORT,,,Uspenovka,a_ukr_init_b,,a_ukr_b,1,a_rus_init_b,,a_rus_b,0,TRUE,FALSE,Предположительно артиллерия ВСУ уничтожила склад боеприпасов и два автобуса российской армии к северо-западу от Вербового на Ореховском направлении.,REVIEW,FALSE
41956,20230810,1,1633309,meduza,https://t.me/DeepStateUA/17332,AMMUNITION_ARSENAL,склад боеприпас,уничтож,692118,Svatove,Luhans'k,Svativs'kyi,38.16205,49.409282,DROP,DROP_LOCATION_NOT_RU,,,,a_ukr_init_b,,a_ukr_b,1,a_rus_init_b,,a_rus_b,0,TRUE,FALSE,"Как утверждается, артиллерия ВСУ кассетными снарядами уничтожила склад боеприпасов российской армии к северо-западу от Червонопоповки на Сватовском направлении.",MACHINE_NONCANDIDATE,FALSE
327980,20230810,1,1633394,meduza,https://twitter.com/small10space/status/1692423288473960907,AMMUNITION_ARSENAL,склад боеприпас,уничтож,9114392,Kliuchove,Donets'k,Velykonovosilkivs'kyi,36.8799,47.669,DROP,DROP_LOCATION_NOT_RU,,,,a_ukr_init_b,,a_ukr_b,1,a_rus_init_b,,a_rus_b,0,TRUE,FALSE,Украинская артиллерия уничтожила российский склад боеприпасов в тылу на Великоновоселковском направлении.,MACHINE_NONCANDIDATE,FALSE
121089,20230810,1,1648267,liga,https://news.liga.net/politics/news/rovenskuyu-oblast-massirovanno-atakovali-bpla-unichtojena-neftebaza-vozle-dubno-video,FUEL_STORAGE_TERMINAL,нефтебаз,Уничтож|атак,701673,Marianivka,Rivne,Kostopil's'kyi,26.391165,51.039715,DROP,DROP_LOCATION_NOT_RU,,,,a_ukr_init_b,,a_ukr_b,1,a_rus_init_b,,a_rus_b,0,FALSE,FALSE,Ровенскую область массированно атаковали БПЛА. Уничтожена нефтебаза возле Дубно — видео,MACHINE_NONCANDIDATE,FALSE
121091,20230810,1,1681270,pravdaua,https://www.pravda.com.ua/news/2023/08/10/7414959/,FUEL_STORAGE_TERMINAL,нафтобаз,атак,701673,Marianivka,Rivne,Kostopil's'kyi,26.391165,51.039715,DROP,DROP_LOCATION_NOT_RU,,,,a_ukr_init_b,,a_ukr_b,0,a_rus_init_b,,a_rus_b,1,FALSE,FALSE,Ворог атакував нафтобазу на Рівненщині – ОВА.,MACHINE_NONCANDIDATE,FALSE
253491,20230810,1,1883330,meduza,https://t.me/DeepStateUA/17332,AMMUNITION_ARSENAL,склад боеприпас,уничтож,710547,Chervonopopivka,Luhans'k,Kremins'kyi,38.132,49.1362,DROP,DROP_LOCATION_NOT_RU,,,,a_ukr_init_b,,a_ukr_b,1,a_rus_init_b,,a_rus_b,0,TRUE,FALSE,"Как утверждается, артиллерия ВСУ кассетными снарядами уничтожила склад боеприпасов российской армии к северо-западу от Червонопоповки на Сватовском направлении.",MACHINE_NONCANDIDATE,FALSE
317797,20230811,1,404325,liveuamap,https://twitter.com/dw_ukrainian/status/1689504542314967040,FUEL_STORAGE_TERMINAL,нафтобаз,безпілот|удар,8441748,Boianivka,Rivne,Rivnens'kyi,26.35757,50.72168,DROP,DROP_LOCATION_NOT_RU,,,,a_ukr_init_b,,a_ukr_b,0,a_rus_init_b,,a_rus_b,1,FALSE,FALSE,"Росія вночі завдала ударів безпілотниками """"Шахед"""" по нафтобазі в Рівненській області",MACHINE_NONCANDIDATE,FALSE
76193,20230811,1,1254699,liveuamap,https://twitter.com/dw_ukrainian/status/1689504542314967040,FUEL_STORAGE_TERMINAL,нафтобаз,безпілот|удар,695594,Rivne,Rivne,Rivnens'ka,26.2468774596421,50.62012225,DROP,DROP_LOCATION_NOT_RU,,,,a_ukr_init_b,,a_ukr_b,0,a_rus_init_b,,a_rus_b,0,FALSE,FALSE,"Росія вночі завдала ударів безпілотниками """"""""Шахед"""""""" по нафтобазі в Рівненській області",MACHINE_NONCANDIDATE,FALSE
317796,20230811,1,1825742,liveuamap,https://twitter.com/dw_ukrainian/status/1689504542314967040,FUEL_STORAGE_TERMINAL,нафтобаз,безпілот|удар,8441748,Boianivka,Rivne,Rivnens'kyi,26.35757,50.72168,DROP,DROP_LOCATION_NOT_RU,,,,a_ukr_init_b,,a_ukr_b,0,a_rus_init_b,,a_rus_b,1,FALSE,FALSE,"Росія вночі завдала ударів безпілотниками """"""""Шахед"""""""" по нафтобазі в Рівненській області",MACHINE_NONCANDIDATE,FALSE
317799,20230812,1,407333,liveuamap,https://twitter.com/dw_ukrainian/status/1689504542314967040,FUEL_STORAGE_TERMINAL,нафтобаз,безпілот|удар,8441748,Boianivka,Rivne,Rivnens'kyi,26.35757,50.72168,DROP,DROP_LOCATION_NOT_RU,,,,a_ukr_init_b,,a_ukr_b,0,a_rus_init_b,,a_rus_b,1,FALSE,FALSE,"Росія вночі завдала ударів безпілотниками """"Шахед"""" по нафтобазі в Рівненській області",MACHINE_NONCANDIDATE,FALSE
76195,20230812,1,1254701,liveuamap,https://twitter.com/dw_ukrainian/status/1689504542314967040,FUEL_STORAGE_TERMINAL,нафтобаз,безпілот|удар,695594,Rivne,Rivne,Rivnens'ka,26.2468774596421,50.62012225,DROP,DROP_LOCATION_NOT_RU,,,,a_ukr_init_b,,a_ukr_b,0,a_rus_init_b,,a_rus_b,0,FALSE,FALSE,"Росія вночі завдала ударів безпілотниками """"""""Шахед"""""""" по нафтобазі в Рівненській області",MACHINE_NONCANDIDATE,FALSE
317798,20230812,1,1825970,liveuamap,https://twitter.com/dw_ukrainian/status/1689504542314967040,FUEL_STORAGE_TERMINAL,нафтобаз,безпілот|удар,8441748,Boianivka,Rivne,Rivnens'kyi,26.35757,50.72168,DROP,DROP_LOCATION_NOT_RU,,,,a_ukr_init_b,,a_ukr_b,0,a_rus_init_b,,a_rus_b,1,FALSE,FALSE,"Росія вночі завдала ударів безпілотниками """"""""Шахед"""""""" по нафтобазі в Рівненській області",MACHINE_NONCANDIDATE,FALSE
36024,20230813,1,397167,interfaxua,https://interfax.com.ua/news/general/928491.html,AMMUNITION_ARSENAL,склади з боєприпас,знищ,691037,Oleshky,Kherson,Bilozers'kyi,32.722006,46.626143,DROP,DROP_LOCATION_NOT_RU,,,,a_ukr_init_b,,a_ukr_b,0,a_rus_init_b,,a_rus_b,0,FALSE,FALSE,"Два склади з боєприпасами знищено в окупованих Олешках - ОК """"Південь""""",MACHINE_NONCANDIDATE,FALSE
35822,20230814,1,400892,liveuamap,https://t.me/suspilnekherson/30483,AMMUNITION_ARSENAL,складі боєприпас,вибух,691037,Oleshky,Kherson,Bilozers'kyi,32.72587,46.62822,DROP,DROP_LOCATION_NOT_RU,,,,a_ukr_init_b,,a_ukr_b,0,a_rus_init_b,,a_rus_b,0,FALSE,FALSE,Уночі на 2 складі боєприпасів в Олешках Херсонської області пролунали вибухи,MACHINE_NONCANDIDATE,FALSE
36027,20230814,1,400893,liveuamap,https://t.me/suspilnekherson/30483,AMMUNITION_ARSENAL,складі боєприпас,вибух,691037,Oleshky,Kherson,Bilozers'kyi,32.72587,46.62822,DROP,DROP_LOCATION_NOT_RU,,,,a_ukr_init_b,,a_ukr_b,0,a_rus_init_b,,a_rus_b,0,FALSE,FALSE,Уночі на 2 складі боєприпасів в Олешках Херсонської області пролунали вибухи,MACHINE_NONCANDIDATE,FALSE
35823,20230815,1,400955,liveuamap,https://t.me/suspilnekherson/30483,AMMUNITION_ARSENAL,складі боєприпас,вибух,691037,Oleshky,Kherson,Bilozers'kyi,32.72587,46.62822,DROP,DROP_LOCATION_NOT_RU,,,,a_ukr_init_b,,a_ukr_b,0,a_rus_init_b,,a_rus_b,0,FALSE,FALSE,Уночі на 2 складі боєприпасів в Олешках Херсонської області пролунали вибухи,MACHINE_NONCANDIDATE,FALSE
36029,20230815,1,400956,liveuamap,https://t.me/suspilnekherson/30483,AMMUNITION_ARSENAL,складі боєприпас,вибух,691037,Oleshky,Kherson,Bilozers'kyi,32.72587,46.62822,DROP,DROP_LOCATION_NOT_RU,,,,a_ukr_init_b,,a_ukr_b,0,a_rus_init_b,,a_rus_b,0,FALSE,FALSE,Уночі на 2 складі боєприпасів в Олешках Херсонської області пролунали вибухи,MACHINE_NONCANDIDATE,FALSE
312905,20230815,1,404049,interfaxua,https://interfax.com.ua/news/general/928789.html,AMMUNITION_ARSENAL,склади боєприпас,знищ,829795,Kirove,Zaporizhzhya,Orikhivs'kyi,35.692743,47.659453,DROP,DROP_LOCATION_NOT_RU,,,,a_ukr_init_b,,a_ukr_b,1,a_rus_init_b,,a_rus_b,0,TRUE,FALSE,ЗСУ на Таврійському напрямку знищили 34 одиниці техніки РФ та 3 склади боєприпасів,MACHINE_NONCANDIDATE,FALSE
224379,20230815,1,1681418,pravdaua,https://www.pravda.com.ua/news/2023/08/15/7415599/,PORT_EXPORT_LOGISTICS,порт,знищ,707308,Izmail,Odessa,Izma‹l's'ka,28.836271,45.350893,DROP,DROP_LOCATION_NOT_RU,,,,a_ukr_init_b,,a_ukr_b,1,a_rus_init_b,,a_rus_b,0,FALSE,FALSE,"Захисники за добу знищили 540 окупантів, вертоліт і 29 артсистем. Державний департамент США відреагував на провокативні дії РФ у Чорному морі щодо турецького цивільного судна Sukru Okan, яке прямувало у порт Ізмаїла.",MACHINE_NONCANDIDATE,FALSE
278637,20230816,1,407016,espreso,https://espreso.tv/rosiya-zapustila-shakhedi-ps-povidomili-pro-nebezpeku-u-nich-na-16-serpnya,PORT_EXPORT_LOGISTICS,порт,атак|дрон|пошкодж,712609,Bilka,Odessa,Ivanivs'kyi,30.405789,46.908223,DROP,DROP_LOCATION_NOT_RU,,,,a_ukr_init_b,,a_ukr_b,0,a_rus_init_b,,a_rus_b,1,FALSE,FALSE,"Росіяни атакували дронами порт Рені на Одещині, на Харківщині пошкоджені складські приміщення",MACHINE_NONCANDIDATE,FALSE
186046,20230816,1,407017,espreso,https://espreso.tv/rosiya-zapustila-shakhedi-ps-povidomili-pro-nebezpeku-u-nich-na-16-serpnya,PORT_EXPORT_LOGISTICS,порт,атак|дрон|пошкодж,705183,Slobozhans'ke,Kharkiv,Zmiïvs'kyi,36.505117,49.61494,DROP,DROP_LOCATION_NOT_RU,,,,a_ukr_init_b,,a_ukr_b,0,a_rus_init_b,,a_rus_b,1,FALSE,FALSE,"Росіяни атакували дронами порт Рені на Одещині, на Харківщині пошкоджені складські приміщення",MACHINE_NONCANDIDATE,FALSE
96556,20230816,1,1648351,liga,https://news.liga.net/politics/news/odesskaya-oblast-rossiya-atakovala-port-na-dunae-bespilotnikami-est-prilety-glava-ova,PORT_EXPORT_LOGISTICS,порт,атак|беспилот,698740,Odessa,Odessa,Odes'ka,30.731689,46.484213,DROP,DROP_LOCATION_NOT_RU,,,,a_ukr_init_b,,a_ukr_b,0,a_rus_init_b,,a_rus_b,1,FALSE,FALSE,"Одесская область. Россия атаковала порт на Дунае беспилотниками, есть прилеты — глава ОВА",MACHINE_NONCANDIDATE,FALSE
312908,20230818,1,415921,espreso,https://espreso.tv/zsu-znishchili-3-rosiyskikh-skladi-boepripasiv-na-tavriyskomu-napryamku,AMMUNITION_ARSENAL,склади боєприпас,знищ,829795,Kirove,Zaporizhzhya,Orikhivs'kyi,35.692743,47.659453,DROP,DROP_LOCATION_NOT_RU,,,,a_ukr_init_b,,a_ukr_b,1,a_rus_init_b,,a_rus_b,0,TRUE,FALSE,ЗСУ знищили 3 російських склади боєприпасів на Таврійському напрямку,MACHINE_NONCANDIDATE,FALSE
99702,20230820,1,422007,ria,https://ria.ru/20230820/spetsoperatsiya-1891119127.html,AMMUNITION_ARSENAL,склад боеприпас,уничтож,698770,Ochakiv,Mykolayiv,Ochakivs'kyi,31.545653,46.614005,DROP,DROP_LOCATION_NOT_RU,,,,a_ukr_init_b,,a_ukr_b,0,a_rus_init_b,,a_rus_b,0,TRUE,FALSE,Российские военные уничтожили в районе Очакова склад боеприпасов ВСУ,MACHINE_NONCANDIDATE,FALSE
248092,20230822,1,428492,ria,https://ria.ru/20230822/spetsoperatsiya-1891509759.html,AMMUNITION_ARSENAL,склад боеприпас,Ракет|уничтож,709930,Dnipro,Dnipropetrovs'k,Dnipropetrovs'ka,35.046181,48.464717,DROP,DROP_LOCATION_NOT_RU,,,,a_ukr_init_b,,a_ukr_b,0,a_rus_init_b,,a_rus_b,0,TRUE,FALSE,Ракетные войска уничтожили склад боеприпасов ВСУ в Днепропетровской области,MACHINE_NONCANDIDATE,FALSE
224380,20230823,1,432769,interfaxua,https://interfax.com.ua/news/general/930623.html,PORT_EXPORT_LOGISTICS,порт,атак,707308,Izmail,Odessa,Izma‹l's'ka,28.8301917098894,45.3541706,DROP,DROP_LOCATION_NOT_RU,,,,a_ukr_init_b,,a_ukr_b,0,a_rus_init_b,,a_rus_b,0,FALSE,FALSE,Глава Єврокомісії рішуче засудила російську атаку на порт Ізмаїл,MACHINE_NONCANDIDATE,FALSE
327982,20230823,1,1633431,meduza,https://twitter.com/Shtirlitz53/status/1694256106736894318,AMMUNITION_ARSENAL,склад боеприпас,ракет|уничтож,9114392,Kliuchove,Donets'k,Velykonovosilkivs'kyi,36.860972,47.706011,DROP,DROP_LOCATION_NOT_RU,,,,a_ukr_init_b,,a_ukr_b,1,a_rus_init_b,,a_rus_b,0,TRUE,FALSE,ВСУ при помощи крылатой ракеты Storm Shadow уничтожили две машины и склад боеприпасов российской армии к востоку от Старомлыновки в тылу на Великоновоселковском направлении.,MACHINE_NONCANDIDATE,FALSE
328147,20230823,2,1633432,meduza,https://twitter.com/small10space/status/1694258669913788667,AMMUNITION_ARSENAL,склад боеприпас,уничтож,9114393,Urozhaine,Donets'k,Velykonovosilkivs'kyi,36.854405,47.74656,DROP,DROP_LOCATION_NOT_RU,,,,a_ukr_init_b,,a_ukr_b,1,a_rus_init_b,,a_rus_b,0,FALSE,FALSE,Российский полевой склад боеприпасов уничтожен восточнее Урожайного на Великоновоселковском направлении.,MACHINE_NONCANDIDATE,FALSE
173162,20230823,1,1633443,meduza,https://t.me/sudoplatov_official/351,AMMUNITION_ARSENAL,склад боеприпас,дрон,704393,Krasnohorivka,Donets'k,Mar‹ns'kyi,37.530005,47.989715,DROP,DROP_LOCATION_NOT_RU,,,,a_ukr_init_b,,a_ukr_b,1,a_rus_init_b,,a_rus_b,0,TRUE,FALSE,"Российский дрон поразил, как заявляется, украинский склад боеприпасов в Красногоровке к северу от Марьинки.",MACHINE_NONCANDIDATE,FALSE
312914,20230827,1,442384,espreso,https://espreso.tv/sili-oboroni-na-tavriyskomu-napryamku-znishchili-11-skladiv-boepripasiv-ta-32-viyskovoi-tekhniki-voroga,AMMUNITION_ARSENAL,складів боєприпас,знищ,829795,Kirove,Zaporizhzhya,Orikhivs'kyi,35.692743,47.659453,DROP,DROP_LOCATION_NOT_RU,,,,a_ukr_init_b,,a_ukr_b,1,a_rus_init_b,,a_rus_b,0,FALSE,FALSE,Сили оборони на Таврійському напрямку знищили 11 складів боєприпасів та 32 військової техніки ворога,MACHINE_NONCANDIDATE,FALSE
157879,20230827,5,445894,ria,https://ria.ru/20230827/aerodrom-1892517671.html,STRATEGIC_AIRBASE,аэродром,ракет|удар,703448,Kyiv,Kiev City,Shevchenkivs'kyi,30.52355,50.450441,DROP,DROP_LOCATION_NOT_RU,,,,a_ukr_init_b,,a_ukr_b,0,a_rus_init_b,,a_rus_b,0,FALSE,FALSE,ВС России нанесли ракетный удар по аэродрому в Киевской области,MACHINE_NONCANDIDATE,FALSE
219124,20230830,1,1633541,meduza,https://twitter.com/PuenteUribarri/status/1698446699130163348,AMMUNITION_ARSENAL,склад боеприпас,уничтож,706702,Karpovka,Donets'k,Artemivs'kyi,38.099815,48.657297,REVIEW,REVIEW_NAME_ONLY_RU_SUPPORT,,,Karpovka,a_ukr_init_b,,a_ukr_b,1,a_rus_init_b,,a_rus_b,0,TRUE,FALSE,"Российский склад боеприпасов в Луганском в тылу Бахмутского фронта, как сообщается, уничтожен украинской артиллерией.",REVIEW,FALSE
57330,20230830,1,1633549,meduza,https://t.me/voynareal/70676,ENERGY_GRID_SUPPORT,подстанц,Взрыв|атак,693805,Simferopol,Crimea,Simferopol's'ka,34.0994127132379,44.9536335,REVIEW,REVIEW_DISPUTED_CRIMEA,,,,a_ukr_init_b,,a_ukr_b,1,a_rus_init_b,,a_rus_b,0,FALSE,FALSE,"Взрывы в Феодосии в Крыму. Предположительно, была атакована электроподстанция.",REVIEW,FALSE
30765,20230830,1,1633570,meduza,https://twitter.com/EjShahid/status/1699706029561282851,AMMUNITION_ARSENAL,склад с боеприпас,уничтож,689705,Vesele,Donets'k,Iasynuvats'kyi,37.754297,48.187273,DROP,DROP_LOCATION_NOT_RU,,,,a_ukr_init_b,,a_ukr_b,1,a_rus_init_b,,a_rus_b,1,TRUE,FALSE,ВСУ уничтожили полевой склад с боеприпасами в Веселом на северном фланге Авдеевского фронта.,MACHINE_NONCANDIDATE,FALSE
189136,20230830,2,1633615,meduza,https://twitter.com/NOELreports/status/1698648268815692137,AMMUNITION_ARSENAL,склад боеприпас,атак|дрон,705666,Klyshchiivka,Donets'k,Artemivs'kyi,37.980551,48.551143,DROP,DROP_LOCATION_NOT_RU,,,,a_ukr_init_b,,a_ukr_b,0,a_rus_init_b,,a_rus_b,1,TRUE,FALSE,Украинские дроны-камикадзе атаковали российский склад боеприпасов к северу от Клещеевки на Бахмутском фронте.,MACHINE_NONCANDIDATE,FALSE
170135,20230830,1,1633633,meduza,https://t.me/ua_dshv/1569,AMMUNITION_ARSENAL,склад боеприпас,уничтож,704138,Kreminna,Luhans'k,Kremins'kyi,38.200118,49.046319,DROP,DROP_LOCATION_NOT_RU,,,,a_ukr_init_b,,a_ukr_b,0,a_rus_init_b,,a_rus_b,1,TRUE,FALSE,"Как утверждается, артиллерия ВСУ уничтожила российский склад боеприпасов в Кременной.",MACHINE_NONCANDIDATE,FALSE
86442,20230830,1,1654195,meduza,https://twitter.com/PuenteUribarri/status/1698446699130163348,AMMUNITION_ARSENAL,склад боеприпас,уничтож,697580,Pervomayskiy,Donets'k,Donets'ka,37.683311,47.898319,REVIEW,REVIEW_NAME_ONLY_RU_SUPPORT,,,Pervomayskiy,a_ukr_init_b,,a_ukr_b,0,a_rus_init_b,,a_rus_b,1,TRUE,FALSE,"Российский склад боеприпасов в Луганском в тылу Бахмутского фронта, как сообщается, уничтожен украинской артиллерией.",REVIEW,FALSE
314940,20230830,1,1654203,meduza,https://t.me/voynareal/70676,ENERGY_GRID_SUPPORT,подстанц,Взрыв|атак,7406933,Solnechnoye,Crimea,Feodosiis'ka,35.368337,45.056789,REVIEW,REVIEW_DISPUTED_CRIMEA,,,,a_ukr_init_b,,a_ukr_b,0,a_rus_init_b,,a_rus_b,0,FALSE,FALSE,"Взрывы в Феодосии в Крыму. Предположительно, была атакована электроподстанция.",REVIEW,FALSE
312920,20230901,1,460611,espreso,https://espreso.tv/zsu-znishchili-za-dobu-9-rosiyskikh-skladiv-boepripasiv-na-tavriyskomu-napryamku,AMMUNITION_ARSENAL,складів боєприпас,знищ,829795,Kirove,Zaporizhzhya,Orikhivs'kyi,35.692743,47.659453,DROP,DROP_LOCATION_NOT_RU,,,,a_ukr_init_b,,a_ukr_b,1,a_rus_init_b,,a_rus_b,0,TRUE,FALSE,ЗСУ знищили за добу 9 російських складів боєприпасів на Таврійському напрямку,MACHINE_NONCANDIDATE,FALSE
50838,20230903,1,469057,ria,https://ria.ru/20230903/spetsoperatsiya-1893892038.html,AMMUNITION_ARSENAL,склады боеприпас,уничтож,693468,Sloviansk,Donets'k,Slovians'ka,37.6058241,48.8522691,DROP,DROP_LOCATION_NOT_RU,,,,a_ukr_init_b,,a_ukr_b,0,a_rus_init_b,,a_rus_b,0,TRUE,FALSE,Российская артиллерия уничтожила склады боеприпасов ВСУ под Славянском,MACHINE_NONCANDIDATE,FALSE
96627,20230903,2,1681920,pravdaua,https://www.pravda.com.ua/news/2023/09/3/7418282/,PORT_EXPORT_LOGISTICS,порт,атак|дрон,698740,Odessa,Odessa,Odes'ka,30.731689,46.484213,DROP,DROP_LOCATION_NOT_RU,,,,a_ukr_init_b,,a_ukr_b,0,a_rus_init_b,,a_rus_b,1,TRUE,FALSE,"Зеленський закликав Раду ухвалити законопроєкти для відкриття переговорів з ЄС. В ніч на неділю, 3 вересня, коли РФ атакувала дронами український порт Рені в Одеській області, жителі румунського міста Галац повідомляли про """"пекельні звуки"""".",MACHINE_NONCANDIDATE,FALSE
347127,20230904,1,466948,liveuamap,https://t.me/suspilnenews/23887,PORT_EXPORT_LOGISTICS,порт,атак,12129128,Reni,Odessa,Reniis'kyi,28.29052,45.43764,DROP,DROP_LOCATION_NOT_RU,,,,a_ukr_init_b,,a_ukr_b,0,a_rus_init_b,,a_rus_b,1,FALSE,FALSE,Внаслідок атаки росіян на порт в Одеській області поранено 2 людини,MACHINE_NONCANDIDATE,FALSE
347128,20230905,1,467011,liveuamap,https://t.me/suspilnenews/23887,PORT_EXPORT_LOGISTICS,порт,атак,12129128,Reni,Odessa,Reniis'kyi,28.29052,45.43764,DROP,DROP_LOCATION_NOT_RU,,,,a_ukr_init_b,,a_ukr_b,0,a_rus_init_b,,a_rus_b,1,FALSE,FALSE,Внаслідок атаки росіян на порт в Одеській області поранено 2 людини,MACHINE_NONCANDIDATE,FALSE
339548,20230905,1,476328,ria,https://ria.ru/20230905/boepripasy-1894309288.html,AMMUNITION_ARSENAL,склад боеприпас,уничтож,10951287,Vesele,Zaporizhzhya,Tokmats'kyi,35.767196,47.178945,DROP,DROP_LOCATION_NOT_RU,,,,a_ukr_init_b,,a_ukr_b,1,a_rus_init_b,,a_rus_b,0,TRUE,FALSE,ВС России уничтожили склад боеприпасов ВСУ в Запорожской области,MACHINE_NONCANDIDATE,FALSE
295343,20230907,1,480122,interfaxua,https://interfax.com.ua/news/general/933453.html,AMMUNITION_ARSENAL,склад боєприпас,знищ,713174,Bakhmut,Donets'k,Artemivs'ka,38.001988,48.589471,REVIEW,REVIEW_NAME_ONLY_RU_SUPPORT,,,Bakhmut,a_ukr_init_b,,a_ukr_b,1,a_rus_init_b,,a_rus_b,0,TRUE,FALSE,ССО знищили склад боєприпасів окупантів на Бахмутському напрямку – Генштаб,REVIEW,FALSE
201756,20230908,2,485659,ria,https://ria.ru/20230908/boepripasy-1894904423.html,AMMUNITION_ARSENAL,склад боеприпас,уничтож,706448,Kherson,Kherson,Khersons'ka,32.614962,46.640319,REVIEW,REVIEW_NAME_ONLY_RU_SUPPORT,,,Kherson,a_ukr_init_b,,a_ukr_b,0,a_rus_init_b,,a_rus_b,0,TRUE,FALSE,Источник: ВС России уничтожили украинский склад боеприпасов под Херсоном,REVIEW,FALSE
57392,20230908,2,1682084,pravdaua,https://www.epravda.com.ua/news/2023/09/8/704080/,MILITARY_COMMS_SPACE,супутникового зв,атак|дрон,693805,Simferopol,Crimea,Simferopol's'ka,34.0994127132379,44.9536335,REVIEW,REVIEW_DISPUTED_CRIMEA,,,,a_ukr_init_b,,a_ukr_b,0,a_rus_init_b,,a_rus_b,0,TRUE,FALSE,"ШІ-стартап Imbue досяг статусу """"єдинорога"""" після інвестиції від Nvidia. Ілон Маск відреагував на інформацію про те, що він нібито таємно наказав відключити зв'язок Starlink поблизу узбережжя Криму, щоб зірвати атаку України на російський військово-морський флот у Севастополі. Мільярдер заявив, що не вимикав супутникового зв'язку Starlink для дронів, а відмовився його там вмикати на запит України.",REVIEW,FALSE
63080,20230908,1,1682085,pravdaua,https://www.epravda.com.ua/news/2023/09/8/704080/,MILITARY_COMMS_SPACE,супутникового зв,атак|дрон,694423,Sevastopol,Sevastopol',Lenins'kyi,33.5229142,44.6010512,REVIEW,REVIEW_DISPUTED_CRIMEA,,,,a_ukr_init_b,,a_ukr_b,0,a_rus_init_b,,a_rus_b,0,TRUE,FALSE,"ШІ-стартап Imbue досяг статусу """"єдинорога"""" після інвестиції від Nvidia. Ілон Маск відреагував на інформацію про те, що він нібито таємно наказав відключити зв'язок Starlink поблизу узбережжя Криму, щоб зірвати атаку України на російський військово-морський флот у Севастополі. Мільярдер заявив, що не вимикав супутникового зв'язку Starlink для дронів, а відмовився його там вмикати на запит України.",REVIEW,FALSE
312930,20230909,1,486282,espreso,https://espreso.tv/minus-rls-zoopark-8-skladiv-boepripasiv-zasib-ppo-i-17-bezpilotnikiv-zsu-zavdali-rosiyanam-vtrat-na-tavriyskomu-napryamku,AMMUNITION_ARSENAL,складів боєприпас,безпілот,829795,Kirove,Zaporizhzhya,Orikhivs'kyi,35.692743,47.659453,DROP,DROP_LOCATION_NOT_RU,,,,a_ukr_init_b,,a_ukr_b,1,a_rus_init_b,,a_rus_b,0,TRUE,FALSE,"Мінус РЛС """"Зоопарк"""", 8 складів боєприпасів, засіб ППО і 17 безпілотників: ЗСУ завдали росіянам втрат на Таврійському напрямку",MACHINE_NONCANDIDATE,FALSE
220245,20230910,1,1633825,meduza,https://t.co/CcdYiEpwOB,AMMUNITION_ARSENAL,складу боеприпас,удар,706757,Soledar,Donets'k,Artemivs'kyi,38.066746,48.70407,DROP,DROP_LOCATION_NOT_RU,,,,a_ukr_init_b,,a_ukr_b,0,a_rus_init_b,,a_rus_b,1,TRUE,FALSE,ВСУ нанесли удар по российскому складу боеприпасов в Соледаре.,MACHINE_NONCANDIDATE,FALSE
172085,20230910,1,1633990,meduza,https://t.me/RPDinform/3499,AMMUNITION_ARSENAL,складу боеприпас,удар,704204,Lyman,Donets'k,Krasnolymans'kyi,37.805,48.96714,DROP,DROP_LOCATION_NOT_RU,,,,a_ukr_init_b,,a_ukr_b,1,a_rus_init_b,,a_rus_b,0,TRUE,FALSE,"Как утверждается, авиаудар по складу боеприпасов ВСУ в Лимане в тылу на Кременском направлении.",MACHINE_NONCANDIDATE,FALSE
179065,20230910,1,1633991,meduza,https://twitter.com/Osinttechnical/status/1701774908403904799,MILITARY_REPAIR_SHIPYARD,судоремонт,поврежд|ракет|удар,705008,Korabelna Storona,Sevastopol',Nakhimovs'kyi,33.537623,44.610389,REVIEW,REVIEW_DISPUTED_CRIMEA,,,,a_ukr_init_b,,a_ukr_b,0,a_rus_init_b,,a_rus_b,0,TRUE,FALSE,ВСУ нанесли ракетный удар по Севастопольскому судоремонтному заводу. Тяжелые повреждения получили находившиеся в доках большой десантный корабль и дизельная подводная лодка.,REVIEW,FALSE
20357,20230910,1,1634015,meduza,https://t.me/btr80/10651,AMMUNITION_ARSENAL,складе боеприпас,пожар|удар,688505,Yampil',Donets'k,Krasnolymans'kyi,37.945588,48.968047,DROP,DROP_LOCATION_NOT_RU,,,,a_ukr_init_b,,a_ukr_b,0,a_rus_init_b,,a_rus_b,1,TRUE,FALSE,"Артиллерия ВС России нанесла удар по позициям ВСУ в Крменских лесах, виден пожар на складе боеприпасов.",MACHINE_NONCANDIDATE,FALSE
79098,20230912,1,1682177,pravdaua,https://www.pravda.com.ua/news/2023/09/12/7419438/,ENERGY_GRID_SUPPORT,підстанц,удар,696032,Pustomyty,L'viv,Pustomytivs'kyi,23.916737,49.717495,DROP,DROP_LOCATION_NOT_RU,,,,a_ukr_init_b,,a_ukr_b,0,a_rus_init_b,,a_rus_b,0,FALSE,FALSE,"В'язень на Львівщині шукав корегувальників """"на волі"""" для ударів по підстанціях.",MACHINE_NONCANDIDATE,FALSE
63095,20230913,3,498310,ria,https://ria.ru/20230913/spetsoperatsiya-1896002596.html,MILITARY_REPAIR_SHIPYARD,судоремонт,удар,694423,Sevastopol,Sevastopol',Lenins'kyi,33.5229142,44.6010512,REVIEW,REVIEW_DISPUTED_CRIMEA,,,,a_ukr_init_b,,a_ukr_b,0,a_rus_init_b,,a_rus_b,0,TRUE,FALSE,ВСУ нанесли удар по судоремонтному заводу в Севастополе,REVIEW,FALSE
222015,20230915,1,1648754,liga,https://news.liga.net/politics/news/ataka-rossii-v-hmelnitskoy-oblasti-rabotaet-pvo-tam-aerodrom-starokonstantinov-s-su-24,STRATEGIC_AIRBASE,аэродром,дрон,707153,Kalinovka,Khmel'nyts'kyy,Khmel'nyts'kyi,26.92966,49.507388,REVIEW,REVIEW_NAME_ONLY_RU_SUPPORT,,,Kalinovka,a_ukr_init_b,,a_ukr_b,0,a_rus_init_b,,a_rus_b,0,FALSE,FALSE,"обновлено В Хмельницкой области работает ПВО против дронов, там аэродром с носителями Storm Shadow",REVIEW,FALSE
248230,20230916,2,512051,ria,https://ria.ru/20230916/dolgintsevo-1896697164.html,STRATEGIC_AIRBASE,аэродром,удар,709930,Dnipro,Dnipropetrovs'k,Dnipropetrovs'ka,35.046181,48.464717,DROP,DROP_LOCATION_NOT_RU,,,,a_ukr_init_b,,a_ukr_b,0,a_rus_init_b,,a_rus_b,0,FALSE,FALSE,ВКС 11 сентября ударили по аэродрому Долгинцево в Днепропетровской области,MACHINE_NONCANDIDATE,FALSE
219140,20230918,5,1634052,meduza,https://twitter.com/DefenceU/status/1704012695349977152,AMMUNITION_ARSENAL,склад боеприпас,уничтож,706702,Karpovka,Donets'k,Artemivs'kyi,38.099815,48.657297,REVIEW,REVIEW_NAME_ONLY_RU_SUPPORT,,,Karpovka,a_ukr_init_b,,a_ukr_b,1,a_rus_init_b,,a_rus_b,0,TRUE,FALSE,ВСУ уничтожили тяжелый самоходный миномет «Тюльпан» и склад боеприпасов российской армии в районе Клинового в тылу Бахмутского фронта.,REVIEW,FALSE
333004,20230918,1,1634038,meduza,https://t.me/Dnepro_Rub/1280,AMMUNITION_ARSENAL,складу боеприпас,удар,9873216,Tekstylnyi,Kherson,Khersons'ka,32.653126,46.656008,DROP,DROP_LOCATION_NOT_RU,,,,a_ukr_init_b,,a_ukr_b,0,a_rus_init_b,,a_rus_b,1,FALSE,FALSE,"Российский авиаудар, как утверждается, по складу боеприпасов в Херсоне.",MACHINE_NONCANDIDATE,FALSE
173333,20230918,1,1634039,meduza,https://t.me/Trikutnik_LSR/1514,AMMUNITION_ARSENAL,склада боеприпас,Взрыв,704403,Sorokyne,Luhans'k,Krasnodons'ka,39.750176,48.285191,REVIEW,REVIEW_COORDINATE_NEAR_RU,9.023,7439272,Shakhta Yugo-Zapadnaya Nomer Tri,a_ukr_init_b,,a_ukr_b,1,a_rus_init_b,,a_rus_b,0,FALSE,FALSE,Взрыв склада боеприпасов в Сорокино (Луганская область). Координаты места съемки.,REVIEW,FALSE
190170,20230918,2,1634253,meduza,https://t.me/voenacher/52838,AMMUNITION_ARSENAL,складу боеприпас,удар,705783,Kyselivka,Kherson,Bilozers'kyi,32.41428,46.765753,DROP,DROP_LOCATION_NOT_RU,,,,a_ukr_init_b,,a_ukr_b,1,a_rus_init_b,,a_rus_b,0,TRUE,FALSE,Авиаудар по складу боеприпасов ВСУ на правом берегу Днепра.,MACHINE_NONCANDIDATE,FALSE
63975,20230918,1,1634086,meduza,https://t.me/Dnepro_Rub/1294,AMMUNITION_ARSENAL,склад боеприпас,уничтож,694458,Serhiivka,Mykolayiv,Kazanetskyi,32.948905,47.470831,DROP,DROP_LOCATION_NOT_RU,,,,a_ukr_init_b,,a_ukr_b,0,a_rus_init_b,,a_rus_b,1,TRUE,FALSE,"Сообщается, что украинский склад боеприпасов уничтожен на окраине Сергеевки (Николаевская область).",MACHINE_NONCANDIDATE,FALSE
341010,20230918,1,1634104,meduza,https://t.me/voenacher/52796,STRATEGIC_AIRBASE,аэродром,Уничтож,11147680,Chervoni Pody,Dnipropetrovs'k,KryvyiRig,33.530656,47.898686,DROP,DROP_LOCATION_NOT_RU,,,,a_ukr_init_b,,a_ukr_b,0,a_rus_init_b,,a_rus_b,1,TRUE,FALSE,"Уничтожения еще одного истребителя МиГ-29 ВВС Украины на аэродроме под Кривым Рогом с помощью, предположительно, новой версии барражирующего боеприпаса «Ланцет». До линии фронта - около 65 километров.",MACHINE_NONCANDIDATE,FALSE
172090,20230918,1,1634145,meduza,https://t.me/RPDinform/3499,AMMUNITION_ARSENAL,складу боеприпас,Удар,704204,Lyman,Donets'k,Krasnolymans'kyi,37.805032,48.967392,DROP,DROP_LOCATION_NOT_RU,,,,a_ukr_init_b,,a_ukr_b,0,a_rus_init_b,,a_rus_b,1,TRUE,FALSE,Удар российской корректируемой планирующей бомбы по украинскому складу боеприпасов в Лимане.,MACHINE_NONCANDIDATE,FALSE
341009,20230918,1,1634196,meduza,https://t.me/horevica/14681,STRATEGIC_AIRBASE,аэродром,дрон,11147680,Chervoni Pody,Dnipropetrovs'k,KryvyiRig,33.51964,47.903277,DROP,DROP_LOCATION_NOT_RU,,,,a_ukr_init_b,,a_ukr_b,1,a_rus_init_b,,a_rus_b,0,TRUE,FALSE,"Поражение дроном-камикадзе """"""""Ланцет"""""""" украинского МиГ-29 на аэродроме под Кривым Рогом в 65 километрах от ближайших российских позиций.",MACHINE_NONCANDIDATE,FALSE
270179,20230918,1,1634209,meduza,https://t.me/The_Wrong_Side/12385,AMMUNITION_ARSENAL,склада боеприпас,уничтож,711956,Bahatyr,Donets'k,Velykonovosilkivs'kyi,36.939928,47.985453,DROP,DROP_LOCATION_NOT_RU,,,,a_ukr_init_b,,a_ukr_b,0,a_rus_init_b,,a_rus_b,1,TRUE,FALSE,"По сообщению, уничтожение склада боеприпасов ВСУ в районе населенного пункта Богатырь в тылу на Великоновоселковском направлении.",MACHINE_NONCANDIDATE,FALSE
341936,20230918,1,1634262,meduza,https://twitter.com/PowerPigeon2/status/1705657489243402370,AMMUNITION_ARSENAL,склад боеприпас,уничтож,11173760,Shliakhove,Kherson,Beryslavs'kyi,33.42288,46.87605,DROP,DROP_LOCATION_NOT_RU,,,,a_ukr_init_b,,a_ukr_b,1,a_rus_init_b,,a_rus_b,0,TRUE,FALSE,Украинский склад боеприпасов уничтожен в Шляховом на правом берегу Днепра.,MACHINE_NONCANDIDATE,FALSE
331748,20230918,1,1634288,meduza,https://t.me/pidrozdilshadowoficial/74,AMMUNITION_ARSENAL,склад боеприпас,Дрон|удар,9644093,Berezove,Donets'k,Mar‹ns'kyi,37.587148,47.765042,DROP,DROP_LOCATION_NOT_RU,,,,a_ukr_init_b,,a_ukr_b,0,a_rus_init_b,,a_rus_b,1,TRUE,FALSE,"Дроны ВСУ обнаружили российский склад боеприпасов в Березовом на Угледарском направлении, после чего по нему был нанесен артиллерийский удар.",MACHINE_NONCANDIDATE,FALSE
5653,20230918,1,1634312,meduza,https://twitter.com/TwistyCB/status/1706006625255915844,AMMUNITION_ARSENAL,складу боеприпас,удар,687362,Khutor Zelenyy,Donets'k,Mar‹ns'kyi,37.472139,48.030972,DROP,DROP_LOCATION_NOT_RU,,,,a_ukr_init_b,,a_ukr_b,0,a_rus_init_b,,a_rus_b,1,TRUE,FALSE,Артиллерия ВС РФ нанесла удар по складу боеприпасову ВСУ у Красногоровки на Марьинском фронте.,MACHINE_NONCANDIDATE,FALSE
188863,20230918,1,1884073,meduza,https://twitter.com/DefenceU/status/1704012695349977152,AMMUNITION_ARSENAL,склад боеприпас,уничтож,705633,Klynove,Donets'k,Artemivs'kyi,38.119207,48.566119,DROP,DROP_LOCATION_NOT_RU,,,,a_ukr_init_b,,a_ukr_b,1,a_rus_init_b,,a_rus_b,0,TRUE,FALSE,ВСУ уничтожили тяжелый самоходный миномет «Тюльпан» и склад боеприпасов российской армии в районе Клинового в тылу Бахмутского фронта.,MACHINE_NONCANDIDATE,FALSE
170715,20230920,1,522226,interfaxua,https://interfax.com.ua/news/general/935992.html,REFINING_PETROCHEM_GAS,нафтоперероб,атак,704147,Kremenchuk,Poltava,Kremenchuts'kyi,33.410241,49.065499,DROP,DROP_LOCATION_NOT_RU,,,,a_ukr_init_b,,a_ukr_b,0,a_rus_init_b,,a_rus_b,1,FALSE,FALSE,"Ворог здійснив БПЛА-атаку по нафтопереробному заводу в Кременчуку, його роботу припинено",MACHINE_NONCANDIDATE,FALSE
170713,20230920,1,1648816,liga,https://news.liga.net/politics/news/kremenchugskiy-npz-byl-atakovan-dronami-shahed-136-nachalsya-pojar-zavod-ostanovlen,REFINING_PETROCHEM_GAS,НПЗ,атак|дрон|пожар,704147,Kremenchuk,Poltava,Kremenchuts'kyi,33.410241,49.065499,DROP,DROP_LOCATION_NOT_RU,,,,a_ukr_init_b,,a_ukr_b,0,a_rus_init_b,,a_rus_b,0,FALSE,FALSE,Кременчугский НПЗ был атакован дронами Shahed-136. Начался пожар — завод остановлен,MACHINE_NONCANDIDATE,FALSE
82486,20230920,1,1720899,unian,https://www.unian.ua/war/unochi-vorog-vluchiv-u-naftopererobniy-zavod-na-poltavshchini-stalasya-pozhezha-12398781.html,REFINING_PETROCHEM_GAS,нафтоперероб,пожеж,696643,Poltava,Poltava,Poltavs'ka,34.551245,49.589531,REVIEW,REVIEW_NAME_ONLY_RU_SUPPORT,,,Poltava,a_ukr_init_b,,a_ukr_b,0,a_rus_init_b,,a_rus_b,1,FALSE,FALSE,"Уночі ворог влучив у нафтопереробний завод на Полтавщині, сталася пожежа",REVIEW,FALSE
347408,20230921,1,522480,liveuamap,https://t.me/suspilnepoltava/13003,REFINING_PETROCHEM_GAS,НПЗ,Пожеж|безпілот|удар,12167218,Kremenchuk,Poltava,Kremenchuts'kyi,33.4205,49.10888,DROP,DROP_LOCATION_NOT_RU,,,,a_ukr_init_b,,a_ukr_b,0,a_rus_init_b,,a_rus_b,0,FALSE,FALSE,Пожежа на Кременчуцькому НПЗ після ударів російських безпілотників,MACHINE_NONCANDIDATE,FALSE
57525,20230921,1,525786,espreso,https://espreso.tv/krimski-pabliki-pishut-pro-masovanu-povitryanu-ataku-na-viyskovi-obekti-rf,STRATEGIC_AIRBASE,аеродром,удар,693805,Simferopol,Crimea,Simferopol's'ka,34.0994127132379,44.9536335,REVIEW,REVIEW_DISPUTED_CRIMEA,,,,a_ukr_init_b,,a_ukr_b,1,a_rus_init_b,,a_rus_b,0,TRUE,FALSE,"СБУ та ВМС України завдали удару по військовому аеродрому """"Саки"""" в окупованому Криму",REVIEW,FALSE
57526,20230921,1,525824,interfaxua,https://interfax.com.ua/news/general/936275.html,STRATEGIC_AIRBASE,аеродром,удар,693805,Simferopol,Crimea,Simferopol's'ka,34.0994127132379,44.9536335,REVIEW,REVIEW_DISPUTED_CRIMEA,,,,a_ukr_init_b,,a_ukr_b,1,a_rus_init_b,,a_rus_b,0,TRUE,FALSE,"СБУ і ВМС цієї ночі завдали масштабного вогневого удару по військовому аеродрому """"Саки"""" в окупованому Криму - джерело",REVIEW,FALSE
57515,20230921,7,527800|527801,ria,https://ria.ru/20230921/aerodrom-1897799310.html|https://ria.ru/20230921/pvo-1897791933.html,STRATEGIC_AIRBASE,аэродром,атак|удар,693805,Simferopol,Crimea,Simferopol's'ka,34.0994127132379,44.9536335,REVIEW,REVIEW_DISPUTED_CRIMEA,,,,a_ukr_init_b,,a_ukr_b,0,a_rus_init_b,,a_rus_b,0,TRUE,FALSE,ВСУ попытались атаковать аэродром в Крыму || ВСУ взяли ответственность за удар по военному аэродрому в Крыму,REVIEW,FALSE
57527,20230921,2,1648827|1720941,liga|unian,https://news.liga.net/politics/news/vzryvy-v-krymu-sbu-i-vms-nanesli-masshtabnyy-udar-po-aerodromu-v-sakah-istochniki|https://www.unian.ua/war/udar-po-krimu-zsu-pidtverdili-ataku-po-aerodromu-saki-12400467.html,STRATEGIC_AIRBASE,аеродром|аэродром,Взрыв|удар,693805,Simferopol,Crimea,Simferopol's'ka,34.0994127132379,44.9536335,REVIEW,REVIEW_DISPUTED_CRIMEA,,,,a_ukr_init_b,,a_ukr_b,1,a_rus_init_b,,a_rus_b,0,TRUE,FALSE,"обновлено Взрывы в Крыму. СБУ и ВМС нанесли масштабный удар по аэродрому в Саках || ЗСУ підтвердили удар по аеродрому """"Саки"""" у Криму",REVIEW,FALSE
57523,20230921,1,1682440,pravdaua,https://www.pravda.com.ua/news/2023/09/21/7420771/,STRATEGIC_AIRBASE,аеродром,удар,693805,Simferopol,Crimea,Simferopol's'ka,34.0994127132379,44.9536335,REVIEW,REVIEW_DISPUTED_CRIMEA,,,,a_ukr_init_b,,a_ukr_b,1,a_rus_init_b,,a_rus_b,0,TRUE,FALSE,"Спецоперація у Криму: СБУ та ВМС завдали потужного удару по аеродрому """"Саки"""".",REVIEW,FALSE
347409,20230922,1,522488,liveuamap,https://t.me/suspilnepoltava/13003,REFINING_PETROCHEM_GAS,НПЗ,Пожеж|безпілот|удар,12167218,Kremenchuk,Poltava,Kremenchuts'kyi,33.4205,49.10888,DROP,DROP_LOCATION_NOT_RU,,,,a_ukr_init_b,,a_ukr_b,0,a_rus_init_b,,a_rus_b,0,FALSE,FALSE,Пожежа на Кременчуцькому НПЗ після ударів російських безпілотників,MACHINE_NONCANDIDATE,FALSE
117164,20230922,1,525893,liveuamap,https://twitter.com/donbassrealii/status/1704779200413016403,STRATEGIC_AIRBASE,аеродром,атак,701243,Mikhaylovka,Crimea,Saks'kyi,33.60507,45.0948,REVIEW,REVIEW_DISPUTED_CRIMEA,,,,a_ukr_init_b,,a_ukr_b,1,a_rus_init_b,,a_rus_b,0,TRUE,FALSE,"Служба безпеки України заявила, що ціллю атаки вночі був аеродром поблизу Саків в окупованому Криму",REVIEW,FALSE
57552,20230922,1,1720989,unian,https://www.unian.ua/war/na-aerodromi-okupantiv-v-krimu-spalahnula-pozhezha-sposterigachi-foto-12401943.html,STRATEGIC_AIRBASE,аеродром,пожеж,693805,Simferopol,Crimea,Simferopol's'ka,34.0994127132379,44.9536335,REVIEW,REVIEW_DISPUTED_CRIMEA,,,,a_ukr_init_b,,a_ukr_b,0,a_rus_init_b,,a_rus_b,1,FALSE,FALSE,"На аеродромі окупантів в Криму спалахнула пожежа, - спостерігачі (фото)",REVIEW,FALSE
117165,20230923,1,525927,liveuamap,https://twitter.com/donbassrealii/status/1704779200413016403,STRATEGIC_AIRBASE,аеродром,атак,701243,Mikhaylovka,Crimea,Saks'kyi,33.60507,45.0948,REVIEW,REVIEW_DISPUTED_CRIMEA,,,,a_ukr_init_b,,a_ukr_b,1,a_rus_init_b,,a_rus_b,0,TRUE,FALSE,"Служба безпеки України заявила, що ціллю атаки вночі був аеродром поблизу Саків в окупованому Криму",REVIEW,FALSE
312942,20230924,1,534339,espreso,https://espreso.tv/sili-oboroni-znishchili-zasib-ppo-5-artsistem-ta-4-skladi-boepripasiv-na-tavriyskomu-napryamku,AMMUNITION_ARSENAL,склади боєприпас,знищ,829795,Kirove,Zaporizhzhya,Orikhivs'kyi,35.692743,47.659453,DROP,DROP_LOCATION_NOT_RU,,,,a_ukr_init_b,,a_ukr_b,1,a_rus_init_b,,a_rus_b,0,FALSE,FALSE,"Сили оборони знищили засіб ППО, 5 артсистем та 4 склади боєприпасів на Таврійському напрямку",MACHINE_NONCANDIDATE,FALSE
63203,20230925,4,540499,ria,https://ria.ru/20230925/raketa-1898598874.html,STRATEGIC_AIRBASE,аэродром,ракет,694423,Sevastopol,Sevastopol',Lenins'kyi,33.5229142,44.6010512,REVIEW,REVIEW_DISPUTED_CRIMEA,,,,a_ukr_init_b,,a_ukr_b,0,a_rus_init_b,,a_rus_b,0,FALSE,FALSE,Возле аэродрома Бельбек в Севастополе сбили ракету,REVIEW,FALSE
14307,20230925,1,1682531,pravdaua,https://www.pravda.com.ua/news/2023/09/25/7421339/,DEFENSE_INDUSTRY,оборонного завод,ракет,687700,Zaporizhzhya,Zaporizhzhya,Zaporiz'ka,35.138851,47.838312,DROP,DROP_LOCATION_NOT_RU,,,,a_ukr_init_b,,a_ukr_b,0,a_rus_init_b,,a_rus_b,0,FALSE,FALSE,"Довічне отримав працівник оборонного заводу, який навів ракети на Запоріжжя.",MACHINE_NONCANDIDATE,FALSE
282985,20230925,1,1721072,unian,https://www.unian.ua/war/v-okupovanomu-krasnodoni-potuzhniy-vibuh-vluchili-po-skladu-boyepripasiv-video-12404265.html,AMMUNITION_ARSENAL,склад боєприпас,вибух,712734,Baydivka,Luhans'k,Starobil's'kyi,38.902523,49.158739,DROP,DROP_LOCATION_NOT_RU,,,,a_ukr_init_b,,a_ukr_b,0,a_rus_init_b,,a_rus_b,0,FALSE,FALSE,В окупованому Краснодоні на Луганщині потужний вибух: влучили у склад боєприпасів (відео),MACHINE_NONCANDIDATE,FALSE
14310,20230925,1,1721090,unian,https://www.unian.ua/society/novini-ukrajini-za-navedennya-raket-na-oboronniy-zavod-zaporizhzhya-zradnik-otrimav-dovichne-12404754.html,DEFENSE_INDUSTRY,оборонний завод,ракет,687700,Zaporizhzhya,Zaporizhzhya,Zaporiz'ka,35.138851,47.838312,DROP,DROP_LOCATION_NOT_RU,,,,a_ukr_init_b,,a_ukr_b,0,a_rus_init_b,,a_rus_b,0,FALSE,FALSE,За наведення ракет на оборонний завод Запоріжжя зрадник отримав довічне (фото),MACHINE_NONCANDIDATE,FALSE
63214,20230925,1,1721098,unian,https://www.unian.ua/war/u-krimu-povitryana-trivoga-okupanti-zayavlyayut-pro-raketnu-ataku-video-12405000.html,STRATEGIC_AIRBASE,аеродром,атак|ракет,694423,Sevastopol,Sevastopol',Lenins'kyi,33.5229142,44.6010512,REVIEW,REVIEW_DISPUTED_CRIMEA,,,,a_ukr_init_b,,a_ukr_b,0,a_rus_init_b,,a_rus_b,1,FALSE,FALSE,"Севастополь атакували ракети: окупанти заявили, що збили одну над аеродромом (відео)",REVIEW,FALSE
173334,20230926,1,538004,liveuamap,https://t.me/lachentyt/34674,AMMUNITION_ARSENAL,складі боєприпас,вибух,704403,Sorokyne,Luhans'k,Krasnodons'ka,39.73789,48.29165,REVIEW,REVIEW_COORDINATE_NEAR_RU,9.645,7439272,Shakhta Yugo-Zapadnaya Nomer Tri,a_ukr_init_b,,a_ukr_b,0,a_rus_init_b,,a_rus_b,0,FALSE,FALSE,На складі боєприпасів у Сорокиному Луганської області пролунали сильні вибухи,REVIEW,FALSE
115411,20230926,2,544325,ria,https://ria.ru/20230926/mig-29-1898746064.html,STRATEGIC_AIRBASE,аэродром,уничтож,700569,Mykolayiv,Mykolayiv,Mykola‹vs'ka,31.993813,46.975574,DROP,DROP_LOCATION_NOT_RU,,,,a_ukr_init_b,,a_ukr_b,0,a_rus_init_b,,a_rus_b,0,TRUE,FALSE,ВКС России уничтожили украинский МиГ-29 на аэродроме в Николаеве,MACHINE_NONCANDIDATE,FALSE
63221,20230926,1,1682587,pravdaua,https://www.pravda.com.ua/news/2023/09/26/7421398/,STRATEGIC_AIRBASE,аеродром,атак|ракет,694423,Sevastopol,Sevastopol',Lenins'kyi,33.5229142,44.6010512,REVIEW,REVIEW_DISPUTED_CRIMEA,,,,a_ukr_init_b,,a_ukr_b,0,a_rus_init_b,,a_rus_b,1,FALSE,FALSE,Окупанти відбивали ракетну атаку біля аеродрому Бельбек у Севастополі.,REVIEW,FALSE
173335,20230927,1,538021,liveuamap,https://t.me/lachentyt/34674,AMMUNITION_ARSENAL,складі боєприпас,вибух,704403,Sorokyne,Luhans'k,Krasnodons'ka,39.73789,48.29165,REVIEW,REVIEW_COORDINATE_NEAR_RU,9.645,7439272,Shakhta Yugo-Zapadnaya Nomer Tri,a_ukr_init_b,,a_ukr_b,0,a_rus_init_b,,a_rus_b,0,FALSE,FALSE,На складі боєприпасів у Сорокиному Луганської області пролунали сильні вибухи,REVIEW,FALSE
117350,20230929,1,1634532,meduza,https://twitter.com/nevedimka123/status/1711752395489694120,AMMUNITION_ARSENAL,складу боеприпас,ракет|удар,701380,Miluvatka,Luhans'k,Svativs'kyi,38.146841,49.341699,DROP,DROP_LOCATION_NOT_RU,,,,a_ukr_init_b,,a_ukr_b,0,a_rus_init_b,,a_rus_b,1,TRUE,FALSE,"ВСУ ракетами РСЗО HIMARS нанесли удары по российским грузовикам, САУ и складу боеприпасов  в районе Меловатки на Сватовском направлении.",MACHINE_NONCANDIDATE,FALSE
327821,20230929,1,1634612,meduza,https://twitter.com/Inside_the_AFU/status/1707492058942836798,AMMUNITION_ARSENAL,склад боеприпас,уничтож,9114137,Yahidne,Donets'k,Artemivs'kyi,37.985795,48.633363,DROP,DROP_LOCATION_NOT_RU,,,,a_ukr_init_b,,a_ukr_b,0,a_rus_init_b,,a_rus_b,1,TRUE,FALSE,Украинская артиллерия уничтожила российский полевой склад боеприпасов в Ягодном на Бахмутском фронте.,MACHINE_NONCANDIDATE,FALSE
222603,20230929,1,1634613,meduza,https://t.me/RtrDonetsk/20832,STRATEGIC_AIRBASE,аэродром,дрон|уничтож,707195,Kalinino,Dnipropetrovs'k,KryvyiRig,33.530861,47.889236,REVIEW,REVIEW_NAME_ONLY_RU_SUPPORT,,,Kalinino,a_ukr_init_b,,a_ukr_b,1,a_rus_init_b,,a_rus_b,0,TRUE,FALSE,"Украинский истребитель СУ-25 уничтожен дроном-камикадзе """"""""Ланцет"""""""" на аэродроме Долгинцево в Кривом Роге в 65 километрах от линии фронта.",REVIEW,FALSE
326078,20230929,1,1884357,meduza,https://www.youtube.com/watch?v=FnlU7iwZzlo,AMMUNITION_ARSENAL,склад боеприпасов уничтожен ударом кассетного боеприпас,удар|уничтож,9113824,Dubovo-Vasylivka,Donets'k,Artemivs'kyi,37.937677,48.647664,DROP,DROP_LOCATION_NOT_RU,,,,a_ukr_init_b,,a_ukr_b,0,a_rus_init_b,,a_rus_b,1,FALSE,FALSE,Российский склад боеприпасов уничтожен ударом кассетного боеприпаса в районе Дубово-Василевки на северном фланге Бахмутского фронта.,MACHINE_NONCANDIDATE,FALSE
172095,20230930,1,554951,espreso,https://espreso.tv/na-limano-kupyanskomu-napryamku-rosiyani-ponovili-shturmi-a-zsu-znishchili-tam-vorozhi-skladi-z-boepripasami-ta-palivom,AMMUNITION_ARSENAL,склади з боєприпас,знищ,704204,Lyman,Donets'k,Krasnolymans'kyi,37.822451,48.964092,DROP,DROP_LOCATION_NOT_RU,,,,a_ukr_init_b,,a_ukr_b,1,a_rus_init_b,,a_rus_b,1,TRUE,FALSE,"На Лимано-Куп’янському напрямку росіяни поновили штурми, а ЗСУ знищили там ворожі склади з боєприпасами та паливом",MACHINE_NONCANDIDATE,FALSE
225196,20230930,1,554982,interfaxua,https://interfax.com.ua/news/general/938221.html,PIPELINE_PUMPING,нафтопров,пожеж,707471,Ivano-Frankivsk,Ivano-Frankivs'k,Ivano-Frankivs'ka,24.711162,48.922677,DROP,DROP_LOCATION_NOT_RU,,,,a_ukr_init_b,,a_ukr_b,0,a_rus_init_b,,a_rus_b,0,FALSE,FALSE,"В Івано-Франківській області стався розрив нафтопроводу і пожежа, постраждало троє людей - ДСНС",MACHINE_NONCANDIDATE,FALSE
225194,20230930,1,557551,ria,https://ria.ru/20230930/vzryv-1899649208.html,PIPELINE_PUMPING,нефтепровод,взрыв,707471,Ivano-Frankivsk,Ivano-Frankivs'k,Ivano-Frankivs'ka,24.711162,48.922677,DROP,DROP_LOCATION_NOT_RU,,,,a_ukr_init_b,,a_ukr_b,0,a_rus_init_b,,a_rus_b,0,FALSE,FALSE,В Ивано-Франковской области прогремел взрыв из-за прорыва нефтепровода,MACHINE_NONCANDIDATE,FALSE
225195,20230930,2,1648931|1682681,liga|pravdaua,https://news.liga.net/region_news/news/v-ivano-frankovskoy-oblasti-vzryv-na-nefteprovode-nachalsya-pojar-foto-video|https://www.pravda.com.ua/news/2023/09/30/7422101/,PIPELINE_PUMPING,нафтопров|нефтепровод,взрыв|вибух|пожар,707471,Ivano-Frankivsk,Ivano-Frankivs'k,Ivano-Frankivs'ka,24.711162,48.922677,DROP,DROP_LOCATION_NOT_RU,,,,a_ukr_init_b,,a_ukr_b,0,a_rus_init_b,,a_rus_b,0,FALSE,FALSE,"дополнено В Ивано-Франковской области взрыв на нефтепроводе, начался пожар – фото, видео || В Івано-Франківській області вибухнув нафтопровід, є постраждалі.",MACHINE_NONCANDIDATE,FALSE
342291,20230930,1,1721219,unian,https://www.unian.ua/incidents/vibuh-v-ivano-frankivskiy-oblasti-v-seli-strimba-prorvalo-naftoprovid-12410586.html,PIPELINE_PUMPING,нафтопров,пожеж,11233161,Monastyr-Derezhytskyi,L'viv,Drohobyts'kyi,23.470858,49.345742,DROP,DROP_LOCATION_NOT_RU,,,,a_ukr_init_b,,a_ukr_b,0,a_rus_init_b,,a_rus_b,0,FALSE,FALSE,На Прикарпатті прорвало нафтопровід: спалахнула пожежа (відео),MACHINE_NONCANDIDATE,FALSE
342292,20230930,1,1721222,unian,https://www.unian.ua/incidents/vibuh-v-ivano-frankivskiy-oblasti-kilkist-postrazhdalih-rizko-zrosla-12410688.html,PIPELINE_PUMPING,нафтопров,Вибух,11233161,Monastyr-Derezhytskyi,L'viv,Drohobyts'kyi,23.470858,49.345742,DROP,DROP_LOCATION_NOT_RU,,,,a_ukr_init_b,,a_ukr_b,0,a_rus_init_b,,a_rus_b,0,FALSE,FALSE,"Вибух нафтопроводу на Прикарпатті: кількість постраждалих зросла, їх стан критичний",MACHINE_NONCANDIDATE,FALSE
342293,20230930,1,1721223,unian,https://www.unian.ua/incidents/vibuh-naftoprovodu-na-prikarpatti-v-ova-rozpovili-pro-stan-postrazhdalih-12410763.html,PIPELINE_PUMPING,нафтопров,Вибух,11233161,Monastyr-Derezhytskyi,L'viv,Drohobyts'kyi,23.470858,49.345742,DROP,DROP_LOCATION_NOT_RU,,,,a_ukr_init_b,,a_ukr_b,0,a_rus_init_b,,a_rus_b,0,FALSE,FALSE,Вибух нафтопроводу на Прикарпатті: в ОВА розповіли про стан постраждалих,MACHINE_NONCANDIDATE,FALSE
44166,20231001,1,555197,liveuamap,https://t.me/kurs_if/7580,PIPELINE_PUMPING,нафтопров,вибух,692376,Strymba,Ivano-Frankivs'k,Nadvirnians'kyi,24.5856,48.60187,DROP,DROP_LOCATION_NOT_RU,,,,a_ukr_init_b,,a_ukr_b,0,a_rus_init_b,,a_rus_b,0,FALSE,FALSE,"Стримба Івано-Франківської області вибухнув нафтопровід, постраждали 5 осіб",MACHINE_NONCANDIDATE,FALSE
312949,20231001,1,1682721,pravdaua,https://www.pravda.com.ua/news/2023/10/1/7422120/,AMMUNITION_ARSENAL,склади боєприпас,знищ,829795,Kirove,Zaporizhzhya,Orikhivs'kyi,35.692743,47.659453,DROP,DROP_LOCATION_NOT_RU,,,,a_ukr_init_b,,a_ukr_b,0,a_rus_init_b,,a_rus_b,0,FALSE,FALSE,На Таврійському напрямку за добу знищено 20 одиниць техніки ворога і 3 склади боєприпасів.,MACHINE_NONCANDIDATE,FALSE
33448,20231001,1,1721247,unian,https://www.unian.ua/war/uman-v-misti-takozh-buli-vluchannya-v-ob-yekti-naftobazi-12411447.html,FUEL_STORAGE_TERMINAL,нафтобаз,дрон,690688,Uman,Cherkasy,Umans'kyi,30.220629,48.749654,REVIEW,REVIEW_NAME_ONLY_RU_SUPPORT,,,Uman,a_ukr_init_b,,a_ukr_b,0,a_rus_init_b,,a_rus_b,0,FALSE,FALSE,В Умані зафіксовано влучання дронів у об’єкти нафтобази,REVIEW,FALSE
44167,20231002,1,555217,liveuamap,https://t.me/kurs_if/7580,PIPELINE_PUMPING,нафтопров,вибух,692376,Strymba,Ivano-Frankivs'k,Nadvirnians'kyi,24.5856,48.60187,DROP,DROP_LOCATION_NOT_RU,,,,a_ukr_init_b,,a_ukr_b,0,a_rus_init_b,,a_rus_b,0,FALSE,FALSE,"Стримба Івано-Франківської області вибухнув нафтопровід, постраждали 5 осіб",MACHINE_NONCANDIDATE,FALSE
57634,20231002,1,561399,espreso,https://espreso.tv/peremozhni-novini-586-dnya-viyni-armiya-droniv-znishchila-rekordnu-kilkist-rosiyskoi-tekhniki-a-partizani-v-krimu-probralisya-na-aerodrom-okupantiv,STRATEGIC_AIRBASE,аеродром,дрон|знищ,693805,Simferopol,Crimea,Simferopol's'ka,34.0994127132379,44.9536335,REVIEW,REVIEW_DISPUTED_CRIMEA,,,,a_ukr_init_b,,a_ukr_b,0,a_rus_init_b,,a_rus_b,0,FALSE,FALSE,"Переможні новини 586 дня війни: """"Армія дронів"""" знищила рекордну кількість російської техніки, а партизани в Криму пробралися на аеродром окупантів",REVIEW,FALSE
225200,20231002,1,1721268,unian,https://www.unian.ua/incidents/vibuh-v-ivano-frankivskiy-oblasti-v-ova-rozpovili-pro-stan-postrazhdalih-ditey-12412371.html,PIPELINE_PUMPING,нафтопров,вибух,707471,Ivano-Frankivsk,Ivano-Frankivs'k,Ivano-Frankivs'ka,24.711162,48.922677,DROP,DROP_LOCATION_NOT_RU,,,,a_ukr_init_b,,a_ukr_b,0,a_rus_init_b,,a_rus_b,0,FALSE,FALSE,В Івано-Франківській ОВА розповіли про стан дітей після вибуху на нафтопроводі: важкі опіки,MACHINE_NONCANDIDATE,FALSE
201982,20231004,3,570494,ria,https://ria.ru/20231004/sklad-1900353793.html,AMMUNITION_ARSENAL,склад боеприпас,уничтож,706448,Kherson,Kherson,Khersons'ka,32.614962,46.640319,REVIEW,REVIEW_NAME_ONLY_RU_SUPPORT,,,Kherson,a_ukr_init_b,,a_ukr_b,0,a_rus_init_b,,a_rus_b,0,TRUE,FALSE,Российские военные уничтожили склад боеприпасов ВСУ под Херсоном,REVIEW,FALSE
167042,20231008,2,583439,ria,https://ria.ru/20231008/spetsoperatsiya-1901359397.html,AMMUNITION_ARSENAL,склад боеприпас,уничтож,703656,Kupiansk,Kharkiv,Kupians'ka,37.614779,49.710797,DROP,DROP_LOCATION_NOT_RU,,,,a_ukr_init_b,,a_ukr_b,0,a_rus_init_b,,a_rus_b,0,FALSE,FALSE,Российская авиация уничтожила склад боеприпасов на окраине Купянска,MACHINE_NONCANDIDATE,FALSE
167049,20231010,2,586619,ria,https://ria.ru/20231010/sklad-1901649467.html,AMMUNITION_ARSENAL,склад с боеприпас,уничтож,703656,Kupiansk,Kharkiv,Kupians'ka,37.614779,49.710797,DROP,DROP_LOCATION_NOT_RU,,,,a_ukr_init_b,,a_ukr_b,0,a_rus_init_b,,a_rus_b,0,TRUE,FALSE,Российские военные уничтожили в пригороде Купянска склад с боеприпасами ВСУ,MACHINE_NONCANDIDATE,FALSE
60944,20231011,1,1682969,pravdaua,https://www.pravda.com.ua/news/2023/10/11/7423628/,PIPELINE_PUMPING,нафтопров,Вибух,694141,Shevchenkovo,Ivano-Frankivs'k,Halyts'kyi,24.700661,49.131719,REVIEW,REVIEW_NAME_ONLY_RU_SUPPORT,,,Shevchenkovo,a_ukr_init_b,,a_ukr_b,0,a_rus_init_b,,a_rus_b,0,FALSE,FALSE,Вибух нафтопроводу на Франківщині: двоє дорослих не вижили.,REVIEW,FALSE
278786,20231012,1,1683000,pravdaua,https://www.pravda.com.ua/news/2023/10/12/7423759/,AMMUNITION_ARSENAL,склади і житлові будинки. Іспанія підтвердила надання Україні шість пускових установок для зенітно-ракетних комплексів Hawk та повідомила про про майбутню поставку артилерійських боєприпас,дрон|пошкодж|ракет,712609,Bilka,Odessa,Ivanivs'kyi,30.405789,46.908223,DROP,DROP_LOCATION_NOT_RU,,,,a_ukr_init_b,,a_ukr_b,0,a_rus_init_b,,a_rus_b,1,TRUE,FALSE,На Одещині ворожий дрон влучив у припортовій зоні: пошкоджені склади і житлові будинки. Іспанія підтвердила надання Україні шість пускових установок для зенітно-ракетних комплексів Hawk та повідомила про про майбутню поставку артилерійських боєприпасів калібру 155 і 105 мм.,MACHINE_NONCANDIDATE,FALSE
96803,20231013,1,596930,interfaxua,https://interfax.com.ua/news/general/941163.html,PORT_EXPORT_LOGISTICS,порт,атак,698740,Odessa,Odessa,Odes'ka,30.731689,46.484213,DROP,DROP_LOCATION_NOT_RU,,,,a_ukr_init_b,,a_ukr_b,0,a_rus_init_b,,a_rus_b,0,FALSE,FALSE,Зеленський і Рютте ознайомилися з наслідками атак РФ на порт Одеси та роботою коридорів для експорту зерна,MACHINE_NONCANDIDATE,FALSE
326079,20231013,1,1634749,meduza,https://twitter.com/region776/status/1713464265129234865,AMMUNITION_ARSENAL,складу боеприпас,удар,9113824,Dubovo-Vasylivka,Donets'k,Artemivs'kyi,37.93774,48.64762,DROP,DROP_LOCATION_NOT_RU,,,,a_ukr_init_b,,a_ukr_b,0,a_rus_init_b,,a_rus_b,0,FALSE,FALSE,"Как утверждается, удар по российскому складу боеприпасов на северном фланге Бахмутского фронта.",MACHINE_NONCANDIDATE,FALSE
324724,20231013,2,1634809,meduza,https://t.me/rt_russian/177137,DEFENSE_INDUSTRY,"Военнослужащие ВСУ под огнем российской артиллерии, дронов и ракет покидают позиции на золоотвале (терриконе) Авдеевского коксохимического завод",дрон|ракет,9113135,Krasnohorivka,Donets'k,Iasynuvats'kyi,37.71617,48.183,DROP,DROP_LOCATION_NOT_RU,,,,a_ukr_init_b,,a_ukr_b,1,a_rus_init_b,,a_rus_b,1,TRUE,FALSE,"Военнослужащие ВСУ под огнем российской артиллерии, дронов и ракет покидают позиции на золоотвале (терриконе) Авдеевского коксохимического завода.",MACHINE_NONCANDIDATE,FALSE
205064,20231013,1,1634831,meduza,https://t.me/The_Wrong_Side/12628,AMMUNITION_ARSENAL,склад боеприпас,уничтож,706458,Khatnie,Kharkiv,Velykoburluts'kyi,37.557,50.1213,REVIEW,REVIEW_COORDINATE_NEAR_RU,9.009,806977,Butyrki,a_ukr_init_b,,a_ukr_b,0,a_rus_init_b,,a_rus_b,1,TRUE,FALSE,"Как утверждается, в районе Хатнего на Купянском направлении артиллеристы ВС РФ уничтожили склад боеприпасов ВСУ.",REVIEW,FALSE
333769,20231013,1,1635029,meduza,https://t.me/riamelitopol/2104,STRATEGIC_AIRBASE,аэродром,атак|ракет|удар|уничтож,9983718,Cheremushky,Odessa,Odes'ka,30.70219,46.41165,DROP,DROP_LOCATION_NOT_RU,,,,a_ukr_init_b,,a_ukr_b,0,a_rus_init_b,,a_rus_b,0,TRUE,FALSE,"Российская армия отчиталась об уничтожении шести самолетов ВСУ при ракетной атаке на аэродром """"""""Школьный"""""""" в Одессе. Однако, похоже, под удар попало кладбище старых самолетов МиГ-21.",MACHINE_NONCANDIDATE,FALSE
248364,20231015,1,607179,ria,https://ria.ru/20231015/rf-1902889794.html,STRATEGIC_AIRBASE,аэродром,уничтож,709930,Dnipro,Dnipropetrovs'k,Dnipropetrovs'ka,35.046181,48.464717,DROP,DROP_LOCATION_NOT_RU,,,,a_ukr_init_b,,a_ukr_b,0,a_rus_init_b,,a_rus_b,0,TRUE,FALSE,Минобороны России сообщило об уничтожении узла связи ВСУ на аэродроме Днепр,MACHINE_NONCANDIDATE,FALSE
158457,20231016,11,610517,ria,https://ria.ru/20231016/podstantsiya-1903042199.html,ENERGY_GRID_SUPPORT,подстанц,поврежд,703448,Kyiv,Kiev City,Shevchenkivs'kyi,30.52355,50.450441,DROP,DROP_LOCATION_NOT_RU,,,,a_ukr_init_b,,a_ukr_b,0,a_rus_init_b,,a_rus_b,0,FALSE,FALSE,В подконтрольном Киеву Херсоне повреждена электрическая подстанция,MACHINE_NONCANDIDATE,FALSE
202079,20231016,3,610518,ria,https://ria.ru/20231016/podstantsiya-1903042199.html,ENERGY_GRID_SUPPORT,подстанц,поврежд,706448,Kherson,Kherson,Khersons'ka,32.614962,46.640319,REVIEW,REVIEW_NAME_ONLY_RU_SUPPORT,,,Kherson,a_ukr_init_b,,a_ukr_b,0,a_rus_init_b,,a_rus_b,0,FALSE,FALSE,В подконтрольном Киеву Херсоне повреждена электрическая подстанция,REVIEW,FALSE
139915,20231017,2,611046,espreso,https://espreso.tv/peremozhni-novini-601-dnya-viyni-nishchivniy-udar-zsu-po-aerodromakh-okupantiv-v-berdyansku-y-lugansku-ta-50-mlrd-dopomogi-ukraini,STRATEGIC_AIRBASE,аеродром,удар,702658,Luhansk,Luhans'k,Luhans'ka,39.307708,48.573896,DROP,DROP_LOCATION_NOT_RU,,,,a_ukr_init_b,,a_ukr_b,0,a_rus_init_b,,a_rus_b,1,TRUE,FALSE,Переможні новини 601 дня війни: нищівний удар ЗСУ по аеродромах окупантів в Бердянську й Луганську та €50 млрд допомоги Україні,MACHINE_NONCANDIDATE,FALSE
274263,20231017,2,611027|611037,espreso,https://espreso.tv/ataka-na-aerodromi-poblizu-berdyanska-ta-luganska-general-romanenko-rozpoviv-yakoyu-zbroeyu-zsu-mogli-zavdati-udaru|https://espreso.tv/zsu-vdarili-po-gelikopterakh-ta-aerodromakh-poblizu-luganska-ta-berdyanska,AMMUNITION_ARSENAL|STRATEGIC_AIRBASE,аеродром|склад боєприпас,Атак|Знищ|удар,712451,Berdyansk,Zaporizhzhya,Berdians'ka,36.789317,46.755673,DROP,DROP_LOCATION_NOT_RU,,,,a_ukr_init_b,,a_ukr_b,1,a_rus_init_b,,a_rus_b,0,TRUE,FALSE,"Атака на аеродроми поблизу Бердянська та Луганська: генерал Романенко розповів, якою зброєю ЗСУ могли завдати удару || ССО підтвердили удар по аеродромах в Луганську та Бердянську. Знищено 9 гелікоптерів та склад боєприпасів",MACHINE_NONCANDIDATE,FALSE
139910,20231017,2,611028|611036,espreso,https://espreso.tv/ataka-na-aerodromi-poblizu-berdyanska-ta-luganska-general-romanenko-rozpoviv-yakoyu-zbroeyu-zsu-mogli-zavdati-udaru|https://espreso.tv/zsu-vdarili-po-gelikopterakh-ta-aerodromakh-poblizu-luganska-ta-berdyanska,AMMUNITION_ARSENAL|STRATEGIC_AIRBASE,аеродром|склад боєприпас,Атак|Знищ|удар,702658,Luhansk,Luhans'k,Luhans'ka,39.2973153,48.5717084,DROP,DROP_LOCATION_NOT_RU,,,,a_ukr_init_b,,a_ukr_b,1,a_rus_init_b,,a_rus_b,0,TRUE,FALSE,"Атака на аеродроми поблизу Бердянська та Луганська: генерал Романенко розповів, якою зброєю ЗСУ могли завдати удару || ССО підтвердили удар по аеродромах в Луганську та Бердянську. Знищено 9 гелікоптерів та склад боєприпасів",MACHINE_NONCANDIDATE,FALSE
274253,20231017,1,611039,espreso,https://espreso.tv/tudi-ikhali-vsi-shvidki-mista-zastupnik-golovi-rayradi-pro-vibukhi-na-aerodromi-u-berdyansku,STRATEGIC_AIRBASE,аеродром,вибух,712451,Berdyansk,Zaporizhzhya,Berdians'ka,36.789317,46.755673,DROP,DROP_LOCATION_NOT_RU,,,,a_ukr_init_b,,a_ukr_b,0,a_rus_init_b,,a_rus_b,0,FALSE,FALSE,"""""Туди їхали всі швидкі міста"""": заступник голови райради про вибухи на аеродромі у Бердянську",MACHINE_NONCANDIDATE,FALSE
274269,20231017,1,611045,espreso,https://espreso.tv/peremozhni-novini-601-dnya-viyni-nishchivniy-udar-zsu-po-aerodromakh-okupantiv-v-berdyansku-y-lugansku-ta-50-mlrd-dopomogi-ukraini,STRATEGIC_AIRBASE,аеродром,удар,712451,Berdyansk,Zaporizhzhya,Berdians'ka,36.789317,46.755673,DROP,DROP_LOCATION_NOT_RU,,,,a_ukr_init_b,,a_ukr_b,0,a_rus_init_b,,a_rus_b,1,TRUE,FALSE,Переможні новини 601 дня війни: нищівний удар ЗСУ по аеродромах окупантів в Бердянську й Луганську та €50 млрд допомоги Україні,MACHINE_NONCANDIDATE,FALSE
139912,20231017,1,611078,interfaxua,https://interfax.com.ua/news/general/941691.html,STRATEGIC_AIRBASE,аеродром,удар,702658,Luhansk,Luhans'k,Luhans'ka,39.2973153,48.5717084,DROP,DROP_LOCATION_NOT_RU,,,,a_ukr_init_b,,a_ukr_b,1,a_rus_init_b,,a_rus_b,0,TRUE,FALSE,ЗСУ вночі завдали успішних ударів по аеродромах окупантів біля Луганська і Бердянська - Стратком ЗСУ,MACHINE_NONCANDIDATE,FALSE
274265,20231017,1,611079,interfaxua,https://interfax.com.ua/news/general/941691.html,STRATEGIC_AIRBASE,аеродром,удар,712451,Berdyansk,Zaporizhzhya,Berdians'ka,36.789317,46.755673,DROP,DROP_LOCATION_NOT_RU,,,,a_ukr_init_b,,a_ukr_b,1,a_rus_init_b,,a_rus_b,0,TRUE,FALSE,ЗСУ вночі завдали успішних ударів по аеродромах окупантів біля Луганська і Бердянська - Стратком ЗСУ,MACHINE_NONCANDIDATE,FALSE
274260,20231017,1,1649125,liga,https://news.liga.net/politics/video/berdyansk-video-ataki-pryamo-s-aerodroma-okkupantov,STRATEGIC_AIRBASE,аэродром,атак,712451,Berdyansk,Zaporizhzhya,Berdians'ka,36.789317,46.755673,DROP,DROP_LOCATION_NOT_RU,,,,a_ukr_init_b,,a_ukr_b,0,a_rus_init_b,,a_rus_b,0,FALSE,FALSE,Бердянск. Видео атаки прямо с аэродрома оккупантов,MACHINE_NONCANDIDATE,FALSE
274268,20231017,1,1649126,liga,https://news.liga.net/politics/news/aerodrom-v-berdyanske-okkupanty-veroyatno-nashli-subboepripasy-m74-ot-atacms-foto,STRATEGIC_AIRBASE,Аэродром,ракет,712451,Berdyansk,Zaporizhzhya,Berdians'ka,36.789317,46.755673,DROP,DROP_LOCATION_NOT_RU,,,,a_ukr_init_b,,a_ukr_b,0,a_rus_init_b,,a_rus_b,1,FALSE,FALSE,"Аэродром в Бердянске. Оккупанты заявили, что нашли суббоеприпасы М74 от ракет ATACMS: фото",MACHINE_NONCANDIDATE,FALSE
274262,20231017,2,1649130|1649142,liga,https://news.liga.net/politics/news/vsu-nanesli-udary-po-aerodromam-okkupantov-v-berdyanske-i-luganske|https://news.liga.net/politics/news/vsu-ob-udarah-po-aerodromam-berdyanska-i-luganska-ih-vertolety-luchshe-chem-bili-ne-skaju,STRATEGIC_AIRBASE,аэродром,удар,712451,Berdyansk,Zaporizhzhya,Berdians'ka,36.789317,46.755673,DROP,DROP_LOCATION_NOT_RU,,,,a_ukr_init_b,,a_ukr_b,1,a_rus_init_b,,a_rus_b,0,TRUE,FALSE,ВСУ об ударах по аэродромам Бердянска и Луганска: Их вертолеты лучше. Чем били — не скажу || Минус два вертолета оккупантов: ВСУ нанесли удары по аэродромам в Бердянске и Луганске,MACHINE_NONCANDIDATE,FALSE
139909,20231017,2,1649131|1649143,liga,https://news.liga.net/politics/news/vsu-nanesli-udary-po-aerodromam-okkupantov-v-berdyanske-i-luganske|https://news.liga.net/politics/news/vsu-ob-udarah-po-aerodromam-berdyanska-i-luganska-ih-vertolety-luchshe-chem-bili-ne-skaju,STRATEGIC_AIRBASE,аэродром,удар,702658,Luhansk,Luhans'k,Luhans'ka,39.307708,48.573896,DROP,DROP_LOCATION_NOT_RU,,,,a_ukr_init_b,,a_ukr_b,1,a_rus_init_b,,a_rus_b,0,TRUE,FALSE,ВСУ об ударах по аэродромам Бердянска и Луганска: Их вертолеты лучше. Чем били — не скажу || Минус два вертолета оккупантов: ВСУ нанесли удары по аэродромам в Бердянске и Луганске,MACHINE_NONCANDIDATE,FALSE
274261,20231017,1,1649132,liga,https://news.liga.net/politics/video/ataka-vsu-na-aerodrom-v-berdyanske-z-kanaly-utverjdayut-chto-bili-atacms-video-foto,STRATEGIC_AIRBASE,аэродром,Атак,712451,Berdyansk,Zaporizhzhya,Berdians'ka,36.789317,46.755673,DROP,DROP_LOCATION_NOT_RU,,,,a_ukr_init_b,,a_ukr_b,1,a_rus_init_b,,a_rus_b,0,TRUE,FALSE,"Атака ВСУ на аэродром в Бердянске. Z-каналы пишут, что били якобы ATACMS – видео, фото",MACHINE_NONCANDIDATE,FALSE
274259,20231017,1,1683126,pravdaua,https://www.pravda.com.ua/news/2023/10/17/7424489/,STRATEGIC_AIRBASE,аеродром,пошкодж,712451,Berdyansk,Zaporizhzhya,Berdians'ka,36.789317,46.755673,DROP,DROP_LOCATION_NOT_RU,,,,a_ukr_init_b,,a_ukr_b,0,a_rus_init_b,,a_rus_b,0,TRUE,FALSE,"ССО: На аеродромах Бердянська й Луганська уражено 9 гелікоптерів РФ, ППО, пошкоджено смуги.",MACHINE_NONCANDIDATE,FALSE
139908,20231017,1,1683127,pravdaua,https://www.pravda.com.ua/news/2023/10/17/7424489/,STRATEGIC_AIRBASE,аеродром,пошкодж,702658,Luhansk,Luhans'k,Luhans'ka,39.2973153,48.5717084,DROP,DROP_LOCATION_NOT_RU,,,,a_ukr_init_b,,a_ukr_b,0,a_rus_init_b,,a_rus_b,0,TRUE,FALSE,"ССО: На аеродромах Бердянська й Луганська уражено 9 гелікоптерів РФ, ППО, пошкоджено смуги.",MACHINE_NONCANDIDATE,FALSE
139906,20231017,1,1683129,pravdaua,https://www.pravda.com.ua/news/2023/10/17/7424479/,STRATEGIC_AIRBASE,аеродром,удар,702658,Luhansk,Luhans'k,Luhans'ka,39.2973153,48.5717084,DROP,DROP_LOCATION_NOT_RU,,,,a_ukr_init_b,,a_ukr_b,0,a_rus_init_b,,a_rus_b,0,FALSE,FALSE,"У Повітряних силах пояснили, чим важливі удари по аеродромах Луганська і Бердянська.",MACHINE_NONCANDIDATE,FALSE
274257,20231017,1,1683130,pravdaua,https://www.pravda.com.ua/news/2023/10/17/7424479/,STRATEGIC_AIRBASE,аеродром,удар,712451,Berdyansk,Zaporizhzhya,Berdians'ka,36.789317,46.755673,DROP,DROP_LOCATION_NOT_RU,,,,a_ukr_init_b,,a_ukr_b,0,a_rus_init_b,,a_rus_b,0,FALSE,FALSE,"У Повітряних силах пояснили, чим важливі удари по аеродромах Луганська і Бердянська.",MACHINE_NONCANDIDATE,FALSE
274266,20231017,1,1683141,pravdaua,https://www.pravda.com.ua/news/2023/10/17/7424426/,STRATEGIC_AIRBASE,аеродром,удар,712451,Berdyansk,Zaporizhzhya,Berdians'ka,36.789317,46.755673,DROP,DROP_LOCATION_NOT_RU,,,,a_ukr_init_b,,a_ukr_b,1,a_rus_init_b,,a_rus_b,0,TRUE,FALSE,ЗСУ завдали ударів по аеродромах біля окупованих Бердянська та Луганська: уражені 2 вертольоти.,MACHINE_NONCANDIDATE,FALSE
139913,20231017,1,1683142,pravdaua,https://www.pravda.com.ua/news/2023/10/17/7424426/,STRATEGIC_AIRBASE,аеродром,удар,702658,Luhansk,Luhans'k,Luhans'ka,39.2973153,48.5717084,DROP,DROP_LOCATION_NOT_RU,,,,a_ukr_init_b,,a_ukr_b,1,a_rus_init_b,,a_rus_b,0,TRUE,FALSE,ЗСУ завдали ударів по аеродромах біля окупованих Бердянська та Луганська: уражені 2 вертольоти.,MACHINE_NONCANDIDATE,FALSE
274254,20231017,2,1721608|1721620,unian,https://www.unian.ua/war/priloti-atacms-u-merezhi-z-yavilosya-nove-video-udaru-po-aerodromu-v-berdyansku-12427920.html|https://www.unian.ua/war/znishchennya-vertolotiv-rf-z-yavilosya-video-ataki-zsu-na-aerodrom-pid-berdyanskom-12427290.html,STRATEGIC_AIRBASE,аеродром,Знищ|атак|удар,712451,Berdyansk,Zaporizhzhya,Berdians'ka,36.789317,46.755673,DROP,DROP_LOCATION_NOT_RU,,,,a_ukr_init_b,,a_ukr_b,0,a_rus_init_b,,a_rus_b,0,TRUE,FALSE,"Знищення вертольотів РФ: з'явилося відео атаки ЗСУ на аеродром під Бердянськом || """"Прильоти"""" ATACMS"""": з'явилося нове відео удару по аеродрому в Бердянську",MACHINE_NONCANDIDATE,FALSE
274255,20231017,1,1721616,unian,https://www.unian.ua/war/ataka-na-aerodromi-rozkrito-podrobici-potuzhnoji-specoperaciji-zsu-12427638.html,STRATEGIC_AIRBASE,аеродром,атак,712451,Berdyansk,Zaporizhzhya,Berdians'ka,36.789317,46.755673,DROP,DROP_LOCATION_NOT_RU,,,,a_ukr_init_b,,a_ukr_b,0,a_rus_init_b,,a_rus_b,0,TRUE,FALSE,DRAGONFLY: розкрито деталі потужної атаки ЗСУ на аеродроми у Бердянську та Луганську,MACHINE_NONCANDIDATE,FALSE
139905,20231017,1,1721617,unian,https://www.unian.ua/war/ataka-na-aerodromi-rozkrito-podrobici-potuzhnoji-specoperaciji-zsu-12427638.html,STRATEGIC_AIRBASE,аеродром,атак,702658,Luhansk,Luhans'k,Luhans'ka,39.307708,48.573896,DROP,DROP_LOCATION_NOT_RU,,,,a_ukr_init_b,,a_ukr_b,0,a_rus_init_b,,a_rus_b,0,TRUE,FALSE,DRAGONFLY: розкрито деталі потужної атаки ЗСУ на аеродроми у Бердянську та Луганську,MACHINE_NONCANDIDATE,FALSE
274248,20231017,1,1721621,unian,https://www.unian.ua/war/udar-po-aerodromu-v-berdyansku-v-rayradi-rozpovili-pro-naslidki-ataki-12428001.html,STRATEGIC_AIRBASE,аеродром,удар,712451,Berdyansk,Zaporizhzhya,Berdians'ka,36.789317,46.755673,DROP,DROP_LOCATION_NOT_RU,,,,a_ukr_init_b,,a_ukr_b,0,a_rus_init_b,,a_rus_b,0,FALSE,FALSE,"Всі """"швидкі"""" Бердянська поїхали до аеродрому: в райраді розкрили деталі удару",MACHINE_NONCANDIDATE,FALSE
274256,20231017,1,1721622,unian,https://www.unian.ua/weapons/chi-diysno-po-aerodromu-v-berdyansku-vdarili-raketoyu-atacms-ocinka-ekspertiv-12428037.html,STRATEGIC_AIRBASE,аеродром,ракет,712451,Berdyansk,Zaporizhzhya,Berdians'ka,36.789317,46.755673,DROP,DROP_LOCATION_NOT_RU,,,,a_ukr_init_b,,a_ukr_b,0,a_rus_init_b,,a_rus_b,0,FALSE,FALSE,Чи дійсно по аеродрому в Бердянську вдарили ракетою ATACMS: оцінка експертів,MACHINE_NONCANDIDATE,FALSE
60338,20231017,1,1885120,meduza,https://twitter.com/Tatarigami_UA/status/1714797845457350817,STRATEGIC_AIRBASE,аэродром,поврежд|ракет|удар,693960,Shmidta,Luhans'k,Lutuhyns'kyi,39.38,48.42,REVIEW,REVIEW_NAME_ONLY_RU_SUPPORT,,,Shmidta,a_ukr_init_b,,a_ukr_b,0,a_rus_init_b,,a_rus_b,0,FALSE,FALSE,"Последствия удара ракетами ATACMS по Луганскому аэродрому, вероятно, повреждено как минимум 5 российских вертолетов. Спутниковый снимок.",REVIEW,FALSE
100939,20231018,2,611394,liveuamap,https://t.me/babel/40441,STRATEGIC_AIRBASE,аеродром,ракет,699058,Novovasylivka,Zaporizhzhya,Berdians'ka,36.75081,46.8319,DROP,DROP_LOCATION_NOT_RU,,,,a_ukr_init_b,,a_ukr_b,0,a_rus_init_b,,a_rus_b,0,FALSE,FALSE,"Зображення частин ракети MGM-140A ATACMS Block 1, яка, як повідомляється, вночі влучила в аеродром Бердянська",MACHINE_NONCANDIDATE,FALSE
331190,20231018,2,624781|624782,liveuamap,https://t.me/hyevuy_dnepr/61123,STRATEGIC_AIRBASE,аеродром,удар,9289169,Hostra Mohyla,Luhans'k,Luhans'ka,39.3956,48.53115,DROP,DROP_LOCATION_NOT_RU,,,,a_ukr_init_b,,a_ukr_b,1,a_rus_init_b,,a_rus_b,0,TRUE,FALSE,Вночі українські військові завдали ударів по аеродромах у Бердянську та Луганську. Російські Telegram-канали підтверджують великі втрати || Вночі українські військові завдали ударів по аеродромах у Бердянську та Луганську. Російські Telegram-канали підтверджують великі втрати,MACHINE_NONCANDIDATE,FALSE
274272,20231018,1,1683148,pravdaua,https://www.pravda.com.ua/news/2023/10/18/7424735/,STRATEGIC_AIRBASE,аеродром,удар,712451,Berdyansk,Zaporizhzhya,Berdians'ka,36.789317,46.755673,DROP,DROP_LOCATION_NOT_RU,,,,a_ukr_init_b,,a_ukr_b,0,a_rus_init_b,,a_rus_b,1,TRUE,FALSE,"Супутник показав, як виглядає аеродром Бердянська після ударів ЗСУ.",MACHINE_NONCANDIDATE,FALSE
274271,20231018,1,1721655,unian,https://www.unian.ua/war/udar-po-aerodromu-v-berdyansku-z-yavilisya-suputnikovi-znimki-12429306.html,STRATEGIC_AIRBASE,аеродром,Удар,712451,Berdyansk,Zaporizhzhya,Berdians'ka,36.789317,46.755673,DROP,DROP_LOCATION_NOT_RU,,,,a_ukr_init_b,,a_ukr_b,0,a_rus_init_b,,a_rus_b,0,FALSE,FALSE,Удар по аеродрому в Бердянську: з'явилися супутникові знімки,MACHINE_NONCANDIDATE,FALSE
100940,20231019,2,611463,liveuamap,https://t.me/babel/40441,STRATEGIC_AIRBASE,аеродром,ракет,699058,Novovasylivka,Zaporizhzhya,Berdians'ka,36.75081,46.8319,DROP,DROP_LOCATION_NOT_RU,,,,a_ukr_init_b,,a_ukr_b,0,a_rus_init_b,,a_rus_b,0,FALSE,FALSE,"Зображення частин ракети MGM-140A ATACMS Block 1, яка, як повідомляється, вночі влучила в аеродром Бердянська",MACHINE_NONCANDIDATE,FALSE
331191,20231019,2,628122|628123,liveuamap,https://t.me/hyevuy_dnepr/61123,STRATEGIC_AIRBASE,аеродром,удар,9289169,Hostra Mohyla,Luhans'k,Luhans'ka,39.3956,48.53115,DROP,DROP_LOCATION_NOT_RU,,,,a_ukr_init_b,,a_ukr_b,1,a_rus_init_b,,a_rus_b,0,TRUE,FALSE,Вночі українські військові завдали ударів по аеродромах у Бердянську та Луганську. Російські Telegram-канали підтверджують великі втрати || Вночі українські військові завдали ударів по аеродромах у Бердянську та Луганську. Російські Telegram-канали підтверджують великі втрати,MACHINE_NONCANDIDATE,FALSE
139919,20231019,1,1683195,pravdaua,https://www.pravda.com.ua/news/2023/10/19/7424778/,STRATEGIC_AIRBASE,аеродром,безпілот|ракет|удар,702658,Luhansk,Luhans'k,Luhans'ka,39.2973153,48.5717084,DROP,DROP_LOCATION_NOT_RU,,,,a_ukr_init_b,,a_ukr_b,0,a_rus_init_b,,a_rus_b,1,TRUE,FALSE,"Супутник показав, як виглядає аеродром Луганська після ударів ЗСУ. США запровадили нові санкції проти осіб і компаній, що базуються в Ірані, Гонконгу, Китаї та Венесуелі, за сприяння програмам Тегерана щодо розробки балістичних ракет та безпілотників.",MACHINE_NONCANDIDATE,FALSE
139921,20231020,1,617789,espreso,https://espreso.tv/britanska-rozvidka-sprognozuvala-yak-udari-atacms-po-aerodromakh-luganska-ta-berdyanska-vplinut-na-situatsiyu-na-fronti,STRATEGIC_AIRBASE,аеродром,удар,702658,Luhansk,Luhans'k,Luhans'ka,39.2973153,48.5717084,DROP,DROP_LOCATION_NOT_RU,,,,a_ukr_init_b,,a_ukr_b,0,a_rus_init_b,,a_rus_b,1,FALSE,FALSE,"Британська розвідка спрогнозувала, як удари ATACMS по аеродромах Луганська та Бердянська вплинуть на ситуацію на фронті",MACHINE_NONCANDIDATE,FALSE
274277,20231020,1,617790,espreso,https://espreso.tv/britanska-rozvidka-sprognozuvala-yak-udari-atacms-po-aerodromakh-luganska-ta-berdyanska-vplinut-na-situatsiyu-na-fronti,STRATEGIC_AIRBASE,аеродром,удар,712451,Berdyansk,Zaporizhzhya,Berdians'ka,36.789317,46.755673,DROP,DROP_LOCATION_NOT_RU,,,,a_ukr_init_b,,a_ukr_b,0,a_rus_init_b,,a_rus_b,1,FALSE,FALSE,"Британська розвідка спрогнозувала, як удари ATACMS по аеродромах Луганська та Бердянська вплинуть на ситуацію на фронті",MACHINE_NONCANDIDATE,FALSE
274275,20231020,1,1649193,liga,https://news.liga.net/politics/news/berdyansk-na-aerodrome-posle-udara-atacms-stalo-menshe-vertoletov-sputnikovye-snimki,STRATEGIC_AIRBASE,аэродром,удар,712451,Berdyansk,Zaporizhzhya,Berdians'ka,36.789317,46.755673,DROP,DROP_LOCATION_NOT_RU,,,,a_ukr_init_b,,a_ukr_b,0,a_rus_init_b,,a_rus_b,0,FALSE,FALSE,Бердянск. На аэродроме после удара ATACMS стало меньше вертолетов: спутниковые снимки,MACHINE_NONCANDIDATE,FALSE
274274,20231020,1,1683224,pravdaua,https://www.pravda.com.ua/news/2023/10/20/7424943/,STRATEGIC_AIRBASE,аеродром,Удар|ракет,712451,Berdyansk,Zaporizhzhya,Berdians'ka,36.789317,46.755673,DROP,DROP_LOCATION_NOT_RU,,,,a_ukr_init_b,,a_ukr_b,0,a_rus_init_b,,a_rus_b,0,FALSE,FALSE,"Удар по аеродрому в Бердянську знизить можливості Росії на фронті – розвідка Британії. Міністерство оборони США планує відправити дві раніше придбані в Ізраїлю системи протиракетної оборони """"Залізний купол"""" назад, щоб той міг захиститися від ракет.",MACHINE_NONCANDIDATE,FALSE
296567,20231020,1,1683225,pravdaua,https://www.pravda.com.ua/news/2023/10/20/7424943/,STRATEGIC_AIRBASE,аеродром,Удар|ракет,713176,Zalizne,Donets'k,Dzerzhyns'ka,37.888585,48.371684,DROP,DROP_LOCATION_NOT_RU,,,,a_ukr_init_b,,a_ukr_b,0,a_rus_init_b,,a_rus_b,0,FALSE,FALSE,"Удар по аеродрому в Бердянську знизить можливості Росії на фронті – розвідка Британії. Міністерство оборони США планує відправити дві раніше придбані в Ізраїлю системи протиракетної оборони """"Залізний купол"""" назад, щоб той міг захиститися від ракет.",MACHINE_NONCANDIDATE,FALSE
119975,20231020,2,1721681,unian,https://www.unian.ua/war/u-melitopoli-progrimili-vibuhi-v-rayoni-aerodromu-12430467.html,STRATEGIC_AIRBASE,аеродром,вибух,701404,Melitopol,Zaporizhzhya,Melitopol's'kyi,35.37288,46.842187,DROP,DROP_LOCATION_NOT_RU,,,,a_ukr_init_b,,a_ukr_b,0,a_rus_init_b,,a_rus_b,0,FALSE,FALSE,У Мелітополі прогриміли вибухи в районі аеродрому,MACHINE_NONCANDIDATE,FALSE
337836,20231021,1,627298,ria,https://ria.ru/20231021/mo-1904344237.html,AMMUNITION_ARSENAL|STRATEGIC_AIRBASE,аэродром|склады боеприпас,уничтож,10361692,Demianivka,Dnipropetrovs'k,Shyrokivs'kyi,33.156188,47.683323,DROP,DROP_LOCATION_NOT_RU,,,,a_ukr_init_b,,a_ukr_b,0,a_rus_init_b,,a_rus_b,0,FALSE,FALSE,ВС России уничтожили склады боеприпасов на аэродроме в районе Кривого Рога,MACHINE_NONCANDIDATE,FALSE
341056,20231021,1,627299,ria,https://ria.ru/20231021/mo-1904344237.html,AMMUNITION_ARSENAL|STRATEGIC_AIRBASE,аэродром|склады боеприпас,уничтож,11147681,Kryvyy Rih,Dnipropetrovs'k,KryvyiRig,33.442544,47.919883,DROP,DROP_LOCATION_NOT_RU,,,,a_ukr_init_b,,a_ukr_b,0,a_rus_init_b,,a_rus_b,0,FALSE,FALSE,ВС России уничтожили склады боеприпасов на аэродроме в районе Кривого Рога,MACHINE_NONCANDIDATE,FALSE
139923,20231021,1,1649196,liga,https://news.liga.net/politics/video/kak-vyglyadit-aerodrom-luganska-posle-udara-atacms-video,STRATEGIC_AIRBASE,аэродром,удар,702658,Luhansk,Luhans'k,Luhans'ka,39.307708,48.573896,DROP,DROP_LOCATION_NOT_RU,,,,a_ukr_init_b,,a_ukr_b,0,a_rus_init_b,,a_rus_b,0,FALSE,FALSE,Как выглядит аэродром Луганска после удара ATACMS – видео,MACHINE_NONCANDIDATE,FALSE
274282,20231022,1,1721756,unian,https://www.unian.ua/war/zhertva-atacms-vnaslidok-udaru-po-aerodromu-v-berdyansku-minusnuli-top-oficera-rf-12432627.html,STRATEGIC_AIRBASE,аеродром,удар,712451,Berdyansk,Zaporizhzhya,Berdians'ka,36.789317,46.755673,DROP,DROP_LOCATION_NOT_RU,,,,a_ukr_init_b,,a_ukr_b,0,a_rus_init_b,,a_rus_b,1,FALSE,FALSE,"Жертва ATACMS: внаслідок удару по аеродрому в Бердянську """"мінуснули"""" топ-офіцера РФ",MACHINE_NONCANDIDATE,FALSE
274281,20231022,1,1721761,unian,https://www.unian.ua/war/vtrati-rosiji-skilki-vertolotiv-znishchili-zsu-12432849.html,STRATEGIC_AIRBASE,аеродром,Удар,712451,Berdyansk,Zaporizhzhya,Berdians'ka,36.789317,46.755673,DROP,DROP_LOCATION_NOT_RU,,,,a_ukr_init_b,,a_ukr_b,0,a_rus_init_b,,a_rus_b,0,FALSE,FALSE,"Удари """"ATACMS"""" по аеродромах у Бердянську та Луганську: підраховано втрати Росії",MACHINE_NONCANDIDATE,FALSE
139924,20231022,1,1721762,unian,https://www.unian.ua/war/vtrati-rosiji-skilki-vertolotiv-znishchili-zsu-12432849.html,STRATEGIC_AIRBASE,аеродром,Удар,702658,Luhansk,Luhans'k,Luhans'ka,39.307708,48.573896,DROP,DROP_LOCATION_NOT_RU,,,,a_ukr_init_b,,a_ukr_b,0,a_rus_init_b,,a_rus_b,0,FALSE,FALSE,"Удари """"ATACMS"""" по аеродромах у Бердянську та Луганську: підраховано втрати Росії",MACHINE_NONCANDIDATE,FALSE
214299,20231023,3,634022,ria,https://ria.ru/20231023/mo-1904688573.html,AMMUNITION_ARSENAL,склад боеприпас,уничтож,706483,Kharkiv,Kharkiv,Kharkivs'ka,36.231202,49.992167,DROP,DROP_LOCATION_NOT_RU,,,,a_ukr_init_b,,a_ukr_b,0,a_rus_init_b,,a_rus_b,0,TRUE,FALSE,Российские войска уничтожили склад боеприпасов ВСУ в Харьковской области,MACHINE_NONCANDIDATE,FALSE
239735,20231025,1,638602,espreso,https://espreso.tv/viyskovi-gur-znishchili-sklad-boepripasiv-voroga-u-donetsku,AMMUNITION_ARSENAL,склад боєприпас,знищ,709717,Donetsk,Donets'k,Donets'ka,37.80285,48.015884,REVIEW,REVIEW_NAME_ONLY_RU_SUPPORT,,,Donetsk,a_ukr_init_b,,a_ukr_b,1,a_rus_init_b,,a_rus_b,0,FALSE,FALSE,Військові ГУР знищили склад боєприпасів ворога у Донецьку,REVIEW,FALSE
239733,20231025,1,1683322,pravdaua,https://www.pravda.com.ua/news/2023/10/25/7425709/,AMMUNITION_ARSENAL,склад боєприпас,знищ,709717,Donetsk,Donets'k,Donets'ka,37.80285,48.015884,REVIEW,REVIEW_NAME_ONLY_RU_SUPPORT,,,Donetsk,a_ukr_init_b,,a_ukr_b,1,a_rus_init_b,,a_rus_b,0,FALSE,FALSE,Воїни ГУР знищили склад боєприпасів окупантів у Донецьку.,REVIEW,FALSE
248419,20231026,1,644875,ria,https://ria.ru/20231026/udar-1905386566.html,AMMUNITION_ARSENAL,складу боеприпас,удар,709930,Dnipro,Dnipropetrovs'k,Dnipropetrovs'ka,35.046181,48.464717,DROP,DROP_LOCATION_NOT_RU,,,,a_ukr_init_b,,a_ukr_b,0,a_rus_init_b,,a_rus_b,0,FALSE,FALSE,ВС России нанесли удар по складу боеприпасов в Днепропетровской области,MACHINE_NONCANDIDATE,FALSE
324737,20231027,1,1635147,meduza,https://twitter.com/markito0171/status/1718210971368411224,DEFENSE_INDUSTRY,военными у золоотвала Авдеевского коксохимического завод,беспилот,9113135,Krasnohorivka,Donets'k,Iasynuvats'kyi,37.710836,48.187744,DROP,DROP_LOCATION_NOT_RU,,,,a_ukr_init_b,,a_ukr_b,0,a_rus_init_b,,a_rus_b,1,TRUE,FALSE,Украинский беспилотник сбросил гранату рядом с российскими военными у золоотвала Авдеевского коксохимического завода.,MACHINE_NONCANDIDATE,FALSE
104166,20231027,1,1635170,meduza,https://twitter.com/ng_ukraine/status/1718566621587907025,AMMUNITION_ARSENAL,склад боеприпас,дрон,699618,Novodonetske,Donets'k,Velykonovosilkivs'kyi,36.96159,47.75156,DROP,DROP_LOCATION_NOT_RU,,,,a_ukr_init_b,,a_ukr_b,1,a_rus_init_b,,a_rus_b,0,TRUE,FALSE,Украинские дроны-камикадзе поразили российский полевой склад боеприпасов в Новодонецком на Великоновоселковском направлении.,MACHINE_NONCANDIDATE,FALSE
86053,20231027,1,1635174,meduza,https://twitter.com/blinzka/status/1717853628654928275,AMMUNITION_ARSENAL,складу боеприпас,Дрон|удар,697531,Pishchanivka,Kherson,Tsiurupyns'kyi,32.84518,46.65379,DROP,DROP_LOCATION_NOT_RU,,,,a_ukr_init_b,,a_ukr_b,0,a_rus_init_b,,a_rus_b,0,TRUE,FALSE,Дрон-камикадзе ВСУ нанес удар по российскому складу боеприпасов в Песчановке у украинского плацдарма на левом берегу Днепра.,MACHINE_NONCANDIDATE,FALSE
130159,20231027,1,1635212,meduza,https://t.me/xydessa/35819,MILITARY_REPAIR_SHIPYARD,судоремонт,Ракет,702078,Malodolynske,Odessa,Ovidiopol's'kyi,30.628929,46.343673,DROP,DROP_LOCATION_NOT_RU,,,,a_ukr_init_b,,a_ukr_b,1,a_rus_init_b,,a_rus_b,0,FALSE,FALSE,Ракетный обстрел территории Ильичевского судоремонтного завода в Малодолинском (Одесская область).,MACHINE_NONCANDIDATE,FALSE
248422,20231027,1,1635244,meduza,https://t.me/HersonVestnik/22232,AMMUNITION_ARSENAL,склада боеприпас,удар|уничтож,709930,Dnipro,Dnipropetrovs'k,Dnipropetrovs'ka,35.046181,48.464717,DROP,DROP_LOCATION_NOT_RU,,,,a_ukr_init_b,,a_ukr_b,0,a_rus_init_b,,a_rus_b,1,TRUE,FALSE,"Как утверждается, уничтожение (вероятно, авиаударом) склада боеприпасов ВСУ в Бериславе на правом берегу Днепра.",MACHINE_NONCANDIDATE,FALSE
178870,20231027,1,1635325,meduza,https://www.youtube.com/watch?v=EKtSkFdi4dE,AMMUNITION_ARSENAL,складу боеприпас,дрон|удар,704860,Korsunka,Kherson,Beryslavs'kyi,33.17299,46.76013,REVIEW,REVIEW_NAME_ONLY_RU_SUPPORT,,,Korsunka,a_ukr_init_b,,a_ukr_b,0,a_rus_init_b,,a_rus_b,1,TRUE,FALSE,"Украинские дроны-камикадзе наносят удары по российским БТР, танку, грузовику и складу боеприпасов у Корсунки и Крынок на левом берегу Днепра.",REVIEW,FALSE
349037,20231027,1,1635334,meduza,https://t.me/itsdonetsk/112481,AMMUNITION_ARSENAL,склада боеприпас,Взрыв,,,,,38.1515,47.0623,REVIEW,REVIEW_COORDINATE_NEAR_RU,14.114,531947,Maksimov,a_ukr_init_b,,a_ukr_b,1,a_rus_init_b,,a_rus_b,0,FALSE,FALSE,Взрыв российского склада боеприпасов в Седово между Мариуполем и российской границей.,REVIEW,FALSE
324739,20231027,1,1635384,meduza,https://t.me/gnilayachereha/12535,DEFENSE_INDUSTRY,военных на золоотвале (терриконе) Авдеевского коксохимического завод,дрон|удар,9113135,Krasnohorivka,Donets'k,Iasynuvats'kyi,37.71364,48.18496,DROP,DROP_LOCATION_NOT_RU,,,,a_ukr_init_b,,a_ukr_b,0,a_rus_init_b,,a_rus_b,1,TRUE,FALSE,Украинский дрон-камикадзе нанес удар по укрытию российских военных на золоотвале (терриконе) Авдеевского коксохимического завода.,MACHINE_NONCANDIDATE,FALSE
168780,20231027,1,1635402,meduza,https://twitter.com/blinzka/status/1718303751222550726,AMMUNITION_ARSENAL,складе боеприпас,Пожар,703861,Krynky,Kherson,Tsiurupyns'kyi,33.08561,46.72264,DROP,DROP_LOCATION_NOT_RU,,,,a_ukr_init_b,,a_ukr_b,0,a_rus_init_b,,a_rus_b,1,TRUE,FALSE,Пожар на российском полевом складе боеприпасов рядом с украинским плацдармом в Крынках на левом берегу Днепра.,MACHINE_NONCANDIDATE,FALSE
271156,20231027,1,1885265,meduza,https://t.me/HersonVestnik/22232,AMMUNITION_ARSENAL,склада боеприпас,удар|уничтож,712260,Beryslav,Kherson,Beryslavs'kyi,33.4525,46.8482,DROP,DROP_LOCATION_NOT_RU,,,,a_ukr_init_b,,a_ukr_b,0,a_rus_init_b,,a_rus_b,0,TRUE,FALSE,"Как утверждается, уничтожение (вероятно, авиаударом) склада боеприпасов ВСУ в Бериславе на правом берегу Днепра.",MACHINE_NONCANDIDATE,FALSE
30369,20231029,1,1683428,pravdaua,https://www.pravda.com.ua/news/2023/10/29/7426256/,REFINING_PETROCHEM_GAS,Нафтоперероб,атак|дрон,689558,Vinnytsya,Vinnytsya,Vinnyts'ka,28.46868,49.232559,DROP,DROP_LOCATION_NOT_RU,,,,a_ukr_init_b,,a_ukr_b,0,a_rus_init_b,,a_rus_b,0,TRUE,FALSE,"Нафтопереробний завод у Краснодарському краї РФ атакували 2 дрони СБУ – джерело. Уряд включив до реєстру індустріальний парк """"ВінІндастрі"""" у Вінниці, який став 70-м в Україні.",MACHINE_NONCANDIDATE,FALSE
96855,20231030,3,659365,ria,https://ria.ru/20231030/ataka-1906092735.html,MILITARY_REPAIR_SHIPYARD,судоремонт,удар,698740,Odessa,Odessa,Odes'ka,30.731689,46.484213,DROP,DROP_LOCATION_NOT_RU,,,,a_ukr_init_b,,a_ukr_b,0,a_rus_init_b,,a_rus_b,0,FALSE,FALSE,По судоремонтному заводу в районе Одессы нанесен удар,MACHINE_NONCANDIDATE,FALSE
96857,20231030,1,1649314,liga,https://news.liga.net/politics/news/odessa-poyavilis-foto-posledstviy-udara-rossiyan-po-sudoremontnomu-zavodu-za-gorodom,MILITARY_REPAIR_SHIPYARD,судоремонт,удар,698740,Odessa,Odessa,Odes'ka,30.731689,46.484213,DROP,DROP_LOCATION_NOT_RU,,,,a_ukr_init_b,,a_ukr_b,0,a_rus_init_b,,a_rus_b,0,FALSE,FALSE,Одесса. Появились фото последствий удара россиян по судоремонтному заводу за городом,MACHINE_NONCANDIDATE,FALSE
96866,20231030,1,1649322,liga,https://news.liga.net/politics/news/odessa-rossiyane-udarili-po-sudoremontnomu-zavodu-za-gorodom-est-ranenye-i-razrusheniya,MILITARY_REPAIR_SHIPYARD,судоремонт,удар,698740,Odessa,Odessa,Odes'ka,30.731689,46.484213,DROP,DROP_LOCATION_NOT_RU,,,,a_ukr_init_b,,a_ukr_b,0,a_rus_init_b,,a_rus_b,1,FALSE,FALSE,"Одесса. Россияне ударили по судоремонтному заводу за городом, есть раненые и разрушения",MACHINE_NONCANDIDATE,FALSE
63326,20231030,1,1721965,unian,https://www.unian.ua/war/okupanti-zayavili-shcho-morski-droni-namagalisya-atakuvati-port-sevastopolya-12440127.html,PORT_EXPORT_LOGISTICS,порт,атак|дрон,694423,Sevastopol,Sevastopol',Lenins'kyi,33.5229142,44.6010512,REVIEW,REVIEW_DISPUTED_CRIMEA,,,,a_ukr_init_b,,a_ukr_b,0,a_rus_init_b,,a_rus_b,1,FALSE,FALSE,"Окупанти заявили, що морські дрони намагалися атакувати порт Севастополя",REVIEW,FALSE
57808,20231030,1,1721973,unian,https://www.unian.ua/war/u-krimu-lunayut-potuzhni-vibuhi-pid-udarov-buhti-sevastopolya-i-aerodrom-12440349.html,STRATEGIC_AIRBASE,аеродром,вибух|удар,693805,Simferopol,Crimea,Simferopol's'ka,34.0994127132379,44.9536335,REVIEW,REVIEW_DISPUTED_CRIMEA,,,,a_ukr_init_b,,a_ukr_b,0,a_rus_init_b,,a_rus_b,0,FALSE,FALSE,"У Криму пролунали потужні вибухи: під ударом бухти Севастополя і аеродром (фото, відео)",REVIEW,FALSE
63323,20231030,1,1721974,unian,https://www.unian.ua/war/u-krimu-lunayut-potuzhni-vibuhi-pid-udarov-buhti-sevastopolya-i-aerodrom-12440349.html,STRATEGIC_AIRBASE,аеродром,вибух|удар,694423,Sevastopol,Sevastopol',Lenins'kyi,33.5229142,44.6010512,REVIEW,REVIEW_DISPUTED_CRIMEA,,,,a_ukr_init_b,,a_ukr_b,0,a_rus_init_b,,a_rus_b,0,FALSE,FALSE,"У Криму пролунали потужні вибухи: під ударом бухти Севастополя і аеродром (фото, відео)",REVIEW,FALSE
170736,20231101,2,666345,ria,https://ria.ru/20231101/zavod-1906598430.html,REFINING_PETROCHEM_GAS,нефтеперерабат,удар,704147,Kremenchuk,Poltava,Kremenchuts'kyi,33.410241,49.065499,DROP,DROP_LOCATION_NOT_RU,,,,a_ukr_init_b,,a_ukr_b,0,a_rus_init_b,,a_rus_b,0,FALSE,FALSE,В Кременчуге попал под удар нефтеперерабатывающий завод,MACHINE_NONCANDIDATE,FALSE
170741,20231101,1,663480,interfaxua,https://interfax.com.ua/news/general/944711.html,REFINING_PETROCHEM_GAS,нафтоперероб,атак|пожеж,704147,Kremenchuk,Poltava,Kremenchuts'kyi,33.410241,49.065499,DROP,DROP_LOCATION_NOT_RU,,,,a_ukr_init_b,,a_ukr_b,0,a_rus_init_b,,a_rus_b,1,FALSE,FALSE,"Окупанти атакували БПЛА нафтопереробний завод у Кременчуці, рятувальники ліквідували пожежу",MACHINE_NONCANDIDATE,FALSE
214327,20231101,1,665745,ng,https://www.ng.ru/news/780283.html,AMMUNITION_ARSENAL,Склады боеприпас,уничтож,706483,Kharkiv,Kharkiv,Kharkivs'ka,36.231202,49.992167,DROP,DROP_LOCATION_NOT_RU,,,,a_ukr_init_b,,a_ukr_b,0,a_rus_init_b,,a_rus_b,0,TRUE,FALSE,Склады боеприпасов спецназа ВСУ уничтожены в Харьковской области — МО РФ,MACHINE_NONCANDIDATE,FALSE
220391,20231101,1,677896,liveuamap,https://t.me/suspilnepoltava/13618,REFINING_PETROCHEM_GAS,НПЗ,атак|безпілот,706920,Kamyshi,Poltava,Kremenchuts'kyi,33.46992,49.17735,REVIEW,REVIEW_NAME_ONLY_RU_SUPPORT,,,Kamyshi,a_ukr_init_b,,a_ukr_b,0,a_rus_init_b,,a_rus_b,0,FALSE,FALSE,Кременчуцький НПЗ вночі атакували безпілотниками,REVIEW,FALSE
116923,20231101,1,1649360,liga,https://news.liga.net/politics/news/v-mirgorode-pod-poltavoy-zvuchat-vzryvy-tam-voennyy-aerodrom-vsu-pisali-o-raketnoy-ugroze,STRATEGIC_AIRBASE,аэродром,взрыв|ракет,701075,Myrhorod,Poltava,Myrhorods'kyi,33.611455,49.965752,DROP,DROP_LOCATION_NOT_RU,,,,a_ukr_init_b,,a_ukr_b,0,a_rus_init_b,,a_rus_b,0,TRUE,FALSE,"В Миргороде под Полтавой звучат взрывы. Там военный аэродром, ВСУ писали о ракетной угрозе",MACHINE_NONCANDIDATE,FALSE
82509,20231101,1,1649361,liga,https://news.liga.net/politics/news/v-mirgorode-pod-poltavoy-zvuchat-vzryvy-tam-voennyy-aerodrom-vsu-pisali-o-raketnoy-ugroze,STRATEGIC_AIRBASE,аэродром,взрыв|ракет,696643,Poltava,Poltava,Poltavs'ka,34.551245,49.589531,REVIEW,REVIEW_NAME_ONLY_RU_SUPPORT,,,Poltava,a_ukr_init_b,,a_ukr_b,0,a_rus_init_b,,a_rus_b,0,TRUE,FALSE,"В Миргороде под Полтавой звучат взрывы. Там военный аэродром, ВСУ писали о ракетной угрозе",REVIEW,FALSE
170740,20231101,2,1649365,liga,https://news.liga.net/politics/news/kremenchug-rossiya-udarila-dronami-shahed-136-po-npz-predpriyatie-ostanovleno-foto,REFINING_PETROCHEM_GAS,НПЗ,дрон|удар,704147,Kremenchuk,Poltava,Kremenchuts'kyi,33.410241,49.065499,DROP,DROP_LOCATION_NOT_RU,,,,a_ukr_init_b,,a_ukr_b,0,a_rus_init_b,,a_rus_b,1,FALSE,FALSE,"Кременчуг. Россия ударила дронами Shahed-136 по НПЗ, предприятие остановлено — фото",MACHINE_NONCANDIDATE,FALSE
82512,20231101,1,1722037,unian,https://www.unian.ua/war/nichna-ataka-rf-v-poltavskiy-oblasti-ye-vluchannya-po-naftopererobnomu-zavodu-12442275.html,REFINING_PETROCHEM_GAS,нафтоперероб,атак|дрон,696643,Poltava,Poltava,Poltavs'ka,34.551245,49.589531,REVIEW,REVIEW_NAME_ONLY_RU_SUPPORT,,,Poltava,a_ukr_init_b,,a_ukr_b,0,a_rus_init_b,,a_rus_b,1,FALSE,FALSE,Нічна атака дронів: росіяни поцілили у нафтопереробний завод в Полтавській області,REVIEW,FALSE
320992,20231102,1,669828,ria,https://ria.ru/20231102/spetsoperatsiya-1906952367.html,STRATEGIC_AIRBASE,аэродром,удар,8718704,Luhove,Poltava,Velykobahachans'kyi,33.778487,49.732386,DROP,DROP_LOCATION_NOT_RU,,,,a_ukr_init_b,,a_ukr_b,0,a_rus_init_b,,a_rus_b,1,FALSE,FALSE,Российские военные нанесли удар по аэродрому в Полтавской области,MACHINE_NONCANDIDATE,FALSE
220393,20231102,1,681416,liveuamap,https://t.me/suspilnepoltava/13618,REFINING_PETROCHEM_GAS,НПЗ,атак|безпілот,706920,Kamyshi,Poltava,Kremenchuts'kyi,33.46992,49.17735,REVIEW,REVIEW_NAME_ONLY_RU_SUPPORT,,,Kamyshi,a_ukr_init_b,,a_ukr_b,0,a_rus_init_b,,a_rus_b,0,FALSE,FALSE,Кременчуцький НПЗ вночі атакували безпілотниками,REVIEW,FALSE
220392,20231102,1,1835091,liveuamap,https://t.me/suspilnepoltava/13618,REFINING_PETROCHEM_GAS,НПЗ,атак|безпілот,706920,Kamyshi,Poltava,Kremenchuts'kyi,33.46992,49.17735,REVIEW,REVIEW_NAME_ONLY_RU_SUPPORT,,,Kamyshi,a_ukr_init_b,,a_ukr_b,0,a_rus_init_b,,a_rus_b,0,FALSE,FALSE,Кременчуцький НПЗ вночі атакували безпілотниками,REVIEW,FALSE
256970,20231104,1,677054,ria,https://ria.ru/20231104/arsenal-1907431545.html,AMMUNITION_ARSENAL,арсенал,ракет,710735,Chernihiv,Chernihiv,Chernihivs'ka,31.298652,51.491007,REVIEW,REVIEW_COORDINATE_NEAR_RU,16.908,491522,Snov,a_ukr_init_b,,a_ukr_b,0,a_rus_init_b,,a_rus_b,0,TRUE,FALSE,ВС России поразили арсенал ракет ВСУ в Черниговской области,REVIEW,FALSE
57847,20231104,1,1722118,unian,https://www.unian.ua/war/vibuhi-u-krimu-pid-udarom-sudnobudivniy-zavod-u-kerchi-12446109.html,MILITARY_REPAIR_SHIPYARD,суднобуд,вибух|удар,693805,Simferopol,Crimea,Simferopol's'ka,34.0994127132379,44.9536335,REVIEW,REVIEW_DISPUTED_CRIMEA,,,,a_ukr_init_b,,a_ukr_b,0,a_rus_init_b,,a_rus_b,0,FALSE,FALSE,В окупованому Криму пролунали вибухи: під ударом суднобудівний завод у Керчі (відео),REVIEW,FALSE
167152,20231105,1,680532,ria,https://ria.ru/20231105/sklad-1907529209.html,AMMUNITION_ARSENAL,склад боеприпас,уничтож,703656,Kupiansk,Kharkiv,Kupians'ka,37.614779,49.710797,DROP,DROP_LOCATION_NOT_RU,,,,a_ukr_init_b,,a_ukr_b,0,a_rus_init_b,,a_rus_b,0,TRUE,FALSE,Разведчики ЗВО уничтожили под Купянском склад боеприпасов ВСУ,MACHINE_NONCANDIDATE,FALSE
116930,20231105,1,680545,ria,https://ria.ru/20231105/spetsoperatsiya-1907579018.html,STRATEGIC_AIRBASE,аэродром,уничтож,701075,Myrhorod,Poltava,Myrhorods'kyi,33.611455,49.965752,DROP,DROP_LOCATION_NOT_RU,,,,a_ukr_init_b,,a_ukr_b,0,a_rus_init_b,,a_rus_b,0,TRUE,FALSE,Российские войска уничтожили украинскую авиатехнику на аэродроме Миргород,MACHINE_NONCANDIDATE,FALSE
117234,20231107,1,1635530,meduza,https://x.com/front_ukrainian/status/1724730415842234717?s=20,REFINING_PETROCHEM_GAS,нефтеперерабат,Удар,701324,Messarosh,Luhans'k,Popasnians'kyi,38.311151,48.845372,DROP,DROP_LOCATION_NOT_RU,,,,a_ukr_init_b,,a_ukr_b,0,a_rus_init_b,,a_rus_b,0,FALSE,FALSE,Удар по зенитному орудию С-60 ВС РФ на территории Лисичанского нефтеперерабатывающего завода.,MACHINE_NONCANDIDATE,FALSE
88001,20231107,1,1635639,meduza,https://www.facebook.com/kommander.nord/videos/%D0%B7%D0%BD%D0%B8%D1%89%D0%B5%D0%BD%D0%BD%D1%8F-%D0%B2%D0%BE%D1%80%D0%BE%D0%B6%D0%BE%D0%B3%D0%BE-%D0%B1%D0%BA-%D0%BD%D0%B0-%D0%B1%D0%B0%D1%85%D0%BC%D1%83%D1%82%D1%81%D1%8C%D0%BA%D0%BE%D0%BC%D1%83-%D0%BD%D0%B0%D0%BF%D1%80%D1%8F%D0%BC%D0%BA%D1%83-%D1%80%D0%BE%D0%B1%D0%BE%D1%82%D0%B0-26-%D0%B0%D1%80%D1%82%D0%B8%D0%BB%D0%B5%D1%80%D1%96%D0%B9%D1%81%D1%8C%D0%BA%D0%B0-%D0%B1%D1%80%D0%B8%D0%B3%D0%B0%D0%B4%D0%B0-%D1%96%D0%BC/1702307373585883/,AMMUNITION_ARSENAL,складу российских боеприпас,удар,697994,Paraskoveyevka,Donets'k,Artemivs'kyi,38.00699,48.67139,DROP,DROP_LOCATION_NOT_RU,,,,a_ukr_init_b,,a_ukr_b,0,a_rus_init_b,,a_rus_b,1,TRUE,FALSE,Украинская артиллерия нанесла удар по складу российских боеприпасов в Парасковиевке на северном фланге бахмутского фронта.,MACHINE_NONCANDIDATE,FALSE
106215,20231107,1,1635792,meduza,https://twitter.com/bayraktar_1love/status/1723004182293061727,AMMUNITION_ARSENAL,складу боеприпас,дрон|удар,699839,Nova Kakhovka,Kherson,Beryslavs'kyi,33.37527,46.773976,DROP,DROP_LOCATION_NOT_RU,,,,a_ukr_init_b,,a_ukr_b,0,a_rus_init_b,,a_rus_b,0,FALSE,FALSE,"Как утверждается, удар дрона-камикадзе по российскому складу боеприпасов вблизи руин плотины Новокаховской ГЭС.",MACHINE_NONCANDIDATE,FALSE
57874,20231107,1,1649448,liga,https://news.liga.net/politics/news/v-krymu-vozle-aerodromov-rossiyan-bylo-gromko-okkupanty-zhalovalis-na-ataku-bespilotnikov,STRATEGIC_AIRBASE,аэродром,атак|беспилот,693805,Simferopol,Crimea,Simferopol's'ka,34.0994127132379,44.9536335,REVIEW,REVIEW_DISPUTED_CRIMEA,,,,a_ukr_init_b,,a_ukr_b,0,a_rus_init_b,,a_rus_b,1,FALSE,FALSE,В Крыму возле аэродромов россиян было громко. Оккупанты жаловались на атаку беспилотников,REVIEW,FALSE
232533,20231109,1,695196,ria,https://ria.ru/20231109/energodar-1908349714.html,ENERGY_GRID_SUPPORT,подстанц,атак|беспилот,709276,Enerhodar,Zaporizhzhya,Kamians'ko-Dniprovs'kyi,34.656007,47.499825,DROP,DROP_LOCATION_NOT_RU,,,,a_ukr_init_b,,a_ukr_b,0,a_rus_init_b,,a_rus_b,0,TRUE,FALSE,Украинские войска атаковали подстанцию в Энергодаре беспилотниками,MACHINE_NONCANDIDATE,FALSE
349067,20231110,1,1683798,pravdaua,https://www.pravda.com.ua/news/2023/11/10/7428120/,FUEL_STORAGE_TERMINAL,нафтобаз,Дрон|атак,,,,,35.383911,45.026654,REVIEW,REVIEW_DISPUTED_CRIMEA,,,,a_ukr_init_b,,a_ukr_b,1,a_rus_init_b,,a_rus_b,0,TRUE,FALSE,"Дрони ЗСУ атакували нафтобазу у Феодосії, уламки здетонували – ЗМІ.",REVIEW,FALSE
349068,20231110,1,1722258,unian,https://www.unian.ua/war/bpla-u-feodosiji-u-misti-poshkodzhena-naftobaza-12452220.html,FUEL_STORAGE_TERMINAL,нафтобаз,атак|дрон,,,,,35.383911,45.026654,REVIEW,REVIEW_DISPUTED_CRIMEA,,,,a_ukr_init_b,,a_ukr_b,0,a_rus_init_b,,a_rus_b,1,FALSE,FALSE,"Вночі Феодосію атакували дрони: уламки впали на нафтобазу, - ЗМІ",REVIEW,FALSE
302450,20231111,1,699377,espreso,https://espreso.tv/v-ukraini-znestrumleno-mayzhe-400-naselenikh-punktiv-situatsiya-v-energosistemi,ENERGY_GRID_SUPPORT,підстанц,атак|пошкодж,805500,Voronyne,Sumy,Bilopils'kyi,34.123755,51.106236,REVIEW,REVIEW_COORDINATE_NEAR_RU,19.395,806795,Stantsiya Tetkino,a_ukr_init_b,,a_ukr_b,0,a_rus_init_b,,a_rus_b,1,FALSE,FALSE,Унаслідок ворожих атак на Сумщині пошкоджено підстанцію: ситуація в енергосистемі станом на 11 листопада,REVIEW,FALSE
302445,20231111,2,702372,ria,https://ria.ru/20231111/podstantsiya-1908857546.html,ENERGY_GRID_SUPPORT,подстанц,поврежд,805500,Voronyne,Sumy,Bilopils'kyi,34.123755,51.106236,REVIEW,REVIEW_COORDINATE_NEAR_RU,19.395,806795,Stantsiya Tetkino,a_ukr_init_b,,a_ukr_b,0,a_rus_init_b,,a_rus_b,0,TRUE,FALSE,На Украине заявили о повреждении одной из подстанций в Сумской области,REVIEW,FALSE
317456,20231111,1,1683812,pravdaua,https://life.pravda.com.ua/society/2023/11/11/257604/,ENERGY_GRID_SUPPORT,підстанц,пошкодж,8419787,Zakumske,Sumy,Sums'kyi,34.649116,50.955371,DROP,DROP_LOCATION_NOT_RU,,,,a_ukr_init_b,,a_ukr_b,0,a_rus_init_b,,a_rus_b,0,TRUE,FALSE,"Чому діти так захоплюються динозаврами і яка від цього користь?. У Сумській області через обстріл пошкоджено підстанцію, проте електроенергії, яку виробляють українські електростанції, достатньо для потреб споживачів.",MACHINE_NONCANDIDATE,FALSE
135944,20231115,1,713435,espreso,https://zahid.espreso.tv/lvivski-voini-na-timchasovo-okupovaniy-teritorii-znishchili-vorozhiy-sklad-boepripasiv-video,AMMUNITION_ARSENAL,склад боєприпас,знищ,702550,Lviv,L'viv,L'vivs'ka,24.029898,49.839323,DROP,DROP_LOCATION_NOT_RU,,,,a_ukr_init_b,,a_ukr_b,1,a_rus_init_b,,a_rus_b,0,FALSE,FALSE,Львівські воїни на тимчасово окупованій території знищили ворожий склад боєприпасів . Відео,MACHINE_NONCANDIDATE,FALSE
248550,20231118,5,727008,ria,https://ria.ru/20231118/spetsoperatsiya-1910267839.html,AMMUNITION_ARSENAL,склад боеприпас,уничтож,709930,Dnipro,Dnipropetrovs'k,Dnipropetrovs'ka,35.046181,48.464717,DROP,DROP_LOCATION_NOT_RU,,,,a_ukr_init_b,,a_ukr_b,0,a_rus_init_b,,a_rus_b,0,TRUE,FALSE,ВС России уничтожили склад боеприпасов ВСУ в Днепропетровской области,MACHINE_NONCANDIDATE,FALSE
96957,20231118,7,727012,ria,https://ria.ru/20231118/neftebaza-1910276028.html,FUEL_STORAGE_TERMINAL,нефтебаз,поврежд,698740,Odessa,Odessa,Odes'ka,30.731689,46.484213,DROP,DROP_LOCATION_NOT_RU,,,,a_ukr_init_b,,a_ukr_b,0,a_rus_init_b,,a_rus_b,0,TRUE,FALSE,На Украине подтвердили повреждение нефтебазы в Одесской области,MACHINE_NONCANDIDATE,FALSE
267236,20231118,1,724422,liveuamap,https://t.me/lachentyt/36300,FUEL_STORAGE_TERMINAL,нафтобаз,атак|безпілот,711144,Burlacha Balka,Odessa,Ovidiopol's'kyi,30.66832,46.32075,DROP,DROP_LOCATION_NOT_RU,,,,a_ukr_init_b,,a_ukr_b,0,a_rus_init_b,,a_rus_b,0,FALSE,FALSE,В Одеській області вночі внаслідок атаки безпілотника постраждала нафтобаза,MACHINE_NONCANDIDATE,FALSE
96963,20231118,1,1649573,liga,https://news.liga.net/politics/news/rossiyskiy-dron-povredil-pod-odessoy-neftebazu-bez-sveta-bolee-3000-semey-minenergo,FUEL_STORAGE_TERMINAL,нефтебаз,дрон,698740,Odessa,Odessa,Odes'ka,30.731689,46.484213,DROP,DROP_LOCATION_NOT_RU,,,,a_ukr_init_b,,a_ukr_b,0,a_rus_init_b,,a_rus_b,1,FALSE,FALSE,"Российский дрон повредил под Одессой нефтебазу, без света более 3000 людей – Минэнерго",MACHINE_NONCANDIDATE,FALSE
202396,20231118,1,1683994,pravdaua,https://www.pravda.com.ua/news/2023/11/18/7429358/,FUEL_STORAGE_TERMINAL,нафтобаз,атак|пошкодж|удар,706448,Kherson,Kherson,Khersons'ka,32.614962,46.640319,REVIEW,REVIEW_NAME_ONLY_RU_SUPPORT,,,Kherson,a_ukr_init_b,,a_ukr_b,0,a_rus_init_b,,a_rus_b,0,FALSE,FALSE,"Через обстріл Херсона постраждав волонтер, він у лікарні. Уночі 18 листопада внаслідок ворожого удару в Одеській області було пошкоджено нафтобазу, також в низці областей пошкоджені мережі електропередач через ворожі атаки та технологічні порушення",REVIEW,FALSE
96959,20231118,1,1683995,pravdaua,https://www.pravda.com.ua/news/2023/11/18/7429358/,FUEL_STORAGE_TERMINAL,нафтобаз,атак|пошкодж|удар,698740,Odessa,Odessa,Odes'ka,30.731689,46.484213,DROP,DROP_LOCATION_NOT_RU,,,,a_ukr_init_b,,a_ukr_b,0,a_rus_init_b,,a_rus_b,0,FALSE,FALSE,"Через обстріл Херсона постраждав волонтер, він у лікарні. Уночі 18 листопада внаслідок ворожого удару в Одеській області було пошкоджено нафтобазу, також в низці областей пошкоджені мережі електропередач через ворожі атаки та технологічні порушення",MACHINE_NONCANDIDATE,FALSE
278842,20231118,1,1683996,pravdaua,https://www.epravda.com.ua/news/2023/11/18/706755/,FUEL_STORAGE_TERMINAL,нафтобаз,удар,712609,Bilka,Odessa,Ivanivs'kyi,30.405789,46.908223,DROP,DROP_LOCATION_NOT_RU,,,,a_ukr_init_b,,a_ukr_b,0,a_rus_init_b,,a_rus_b,1,FALSE,FALSE,Росіяни завдали удару по нафтобазі на Одещині – Міненерго.,MACHINE_NONCANDIDATE,FALSE
267235,20231118,1,1837024,liveuamap,https://t.me/lachentyt/36300,FUEL_STORAGE_TERMINAL,нафтобаз,атак|безпілот,711144,Burlacha Balka,Odessa,Ovidiopol's'kyi,30.66832,46.32075,DROP,DROP_LOCATION_NOT_RU,,,,a_ukr_init_b,,a_ukr_b,0,a_rus_init_b,,a_rus_b,0,FALSE,FALSE,В Одеській області вночі внаслідок атаки безпілотника постраждала нафтобаза,MACHINE_NONCANDIDATE,FALSE
267238,20231119,1,724485,liveuamap,https://t.me/lachentyt/36300,FUEL_STORAGE_TERMINAL,нафтобаз,атак|безпілот,711144,Burlacha Balka,Odessa,Ovidiopol's'kyi,30.66832,46.32075,DROP,DROP_LOCATION_NOT_RU,,,,a_ukr_init_b,,a_ukr_b,0,a_rus_init_b,,a_rus_b,0,FALSE,FALSE,В Одеській області вночі внаслідок атаки безпілотника постраждала нафтобаза,MACHINE_NONCANDIDATE,FALSE
57961,20231119,1,727560,espreso,https://espreso.tv/znishcheni-skladi-boepripasiv-ruynuvannya-na-khimzavodi-u-bryansku-droni-u-timchasovo-okupovanomu-krimu-de-u-rosiyan-vibukhalo-tsogo-tizhnya,AMMUNITION_ARSENAL,склади боєприпас,Знищ|вибух|дрон,693805,Simferopol,Crimea,Simferopol's'ka,34.0994127132379,44.9536335,REVIEW,REVIEW_DISPUTED_CRIMEA,,,,a_ukr_init_b,,a_ukr_b,0,a_rus_init_b,,a_rus_b,1,FALSE,FALSE,"Знищені склади боєприпасів, руйнування на хімзаводі у Брянську, дрони в тимчасово окупованому Криму: де у росіян вибухало цього тижня",REVIEW,FALSE
267237,20231119,1,1837154,liveuamap,https://t.me/lachentyt/36300,FUEL_STORAGE_TERMINAL,нафтобаз,атак|безпілот,711144,Burlacha Balka,Odessa,Ovidiopol's'kyi,30.66832,46.32075,DROP,DROP_LOCATION_NOT_RU,,,,a_ukr_init_b,,a_ukr_b,0,a_rus_init_b,,a_rus_b,0,FALSE,FALSE,В Одеській області вночі внаслідок атаки безпілотника постраждала нафтобаза,MACHINE_NONCANDIDATE,FALSE
96970,20231120,1,724548,liveuamap,https://t.me/lachentyt/36300,FUEL_STORAGE_TERMINAL,нафтобаз,атак|безпілот,698740,Odessa,Odessa,Odes'ka,30.731689,46.484213,DROP,DROP_LOCATION_NOT_RU,,,,a_ukr_init_b,,a_ukr_b,0,a_rus_init_b,,a_rus_b,0,FALSE,FALSE,В Одеській області вночі внаслідок атаки безпілотника постраждала нафтобаза,MACHINE_NONCANDIDATE,FALSE
222604,20231120,1,1635850,meduza,https://t.me/Dnepro_Rub/1601,STRATEGIC_AIRBASE,аэродром,Удар|дрон,707195,Kalinino,Dnipropetrovs'k,KryvyiRig,33.530788,47.886093,REVIEW,REVIEW_NAME_ONLY_RU_SUPPORT,,,Kalinino,a_ukr_init_b,,a_ukr_b,0,a_rus_init_b,,a_rus_b,1,TRUE,FALSE,"Удар российского дрона-камикадзе """"""""Ланцет"""""""" по, веротяно, украинскому муляжу штурмовика Су-25 на аэродроме Долгинцево под Кривым Рогом.",REVIEW,FALSE
332272,20231120,2,1635948|1635985,meduza,https://t.me/kvadrat_ua/13163|https://twitter.com/neonhandrail/status/1731585487641706846<br>code:,FUEL_STORAGE_TERMINAL,Oil depot|oil depot,Drone|drone|fire,9863959,Telmana,Luhans'k,Luhans'ka,39.301046,48.517142,REVIEW,REVIEW_NAME_ONLY_RU_SUPPORT,,,Telmana,a_ukr_init_b,,a_ukr_b,0,a_rus_init_b,,a_rus_b,0,TRUE,FALSE,"**Описание события из внешнего источника: Project Owl** > Luhansk Oil depot on fire purportedly struck by Ukrainian Drone  https://twitter.com/neonhandrail/status/1731585487641706846. || **Описание события из внешнего источника: Geoconfirmed** > Point of view - Luhansk oil depot on fire purportedly struck by a Ukrainian drone. G882+VC3 Luhansk, Luhansk Oblast, Ukraine  Source(s):  Video: https://t.me/kvadrat_ua/13163 https://twitter.com/hochu_dodomu/status/1731575509102858465 Photo: https://twitter.com/hochu_dodomu/status/1731583821928087969   Geolocation(s):  https://twitter.com/neonhandrail/status/1731585487641706846.",REVIEW,FALSE
332273,20231120,1,1635964,meduza,https://t.me/mlnrlive/4639,FUEL_STORAGE_TERMINAL,нефтебаз,атак|дрон,9863959,Telmana,Luhans'k,Luhans'ka,39.301046,48.517142,REVIEW,REVIEW_NAME_ONLY_RU_SUPPORT,,,Telmana,a_ukr_init_b,,a_ukr_b,0,a_rus_init_b,,a_rus_b,0,TRUE,FALSE,"**Описание события из внешнего источника:** > Луганская нефтебаза горит, предположительно после атаки украинского дрона.",REVIEW,FALSE
176246,20231120,1,1635978,meduza,https://www.facebook.com/30brigade/videos/863721118721542,AMMUNITION_ARSENAL,склад боеприпас,уничтож,704463,Krasna Hora,Donets'k,Artemivs'kyi,38.029461,48.662526,DROP,DROP_LOCATION_NOT_RU,,,,a_ukr_init_b,,a_ukr_b,1,a_rus_init_b,,a_rus_b,0,TRUE,FALSE,**Описание события из внешнего источника:** > ВСУ уничтожили российский склад боеприпасов в Красной Горе.,MACHINE_NONCANDIDATE,FALSE
231113,20231120,2,1636087|1636105,meduza,https://t.me/natoptishh/2122|https://twitter.com/franfran2424/status/1731052493079990593<br>code:,AMMUNITION_ARSENAL,ammo depot|ammunition depot,destroy,708949,Hatyshche,Kharkiv,Vovchans'kyi,36.87209,50.296571,REVIEW,REVIEW_COORDINATE_NEAR_RU,5.768,489051,Staraya Tavolzhanka,a_ukr_init_b,,a_ukr_b,0,a_rus_init_b,,a_rus_b,0,TRUE,FALSE,"**Описание события из внешнего источника: Project Owl** > Ukrainian building, claimed ammo depot, destroyed in Hatyshche north of Kharkiv https://twitter.com/franfran2424/status/1731052493079990593. || **Описание события из внешнего источника: Geoconfirmed** > Russian artillery destroys a house purported to contain a Ukrainian ammunition depot. 7VWC+JRG Hatyshche, Kharkiv Oblast, Ukraine  Source(s):  https://t.me/natoptishh/2122 https://twitter.com/franfran2424/status/1731052136459325841  Geolocation(s):  https://twitter.com/franfran2424/status/1731052493079990593 https://t.me/natoptishh/2122.",REVIEW,FALSE
222114,20231123,1,744278,ria,https://ria.ru/20231123/spetsoperatsiya-1911335219.html,STRATEGIC_AIRBASE,аэродром,удар,707153,Kalinovka,Khmel'nyts'kyy,Khmel'nyts'kyi,26.92966,49.507388,REVIEW,REVIEW_NAME_ONLY_RU_SUPPORT,,,Kalinovka,a_ukr_init_b,,a_ukr_b,0,a_rus_init_b,,a_rus_b,0,TRUE,FALSE,Российские военные нанесли удар по аэродрому ВСУ в Хмельницкой области,REVIEW,FALSE
158910,20231125,4,747779,espreso,https://espreso.tv/v-ukraini-znestrumleno-mayzhe-400-naselenikh-punktiv-situatsiya-v-energosistemi,ENERGY_GRID_SUPPORT,підстанц,атак,703448,Kyiv,Kiev City,Shevchenkivs'kyi,30.52355,50.450441,DROP,DROP_LOCATION_NOT_RU,,,,a_ukr_init_b,,a_ukr_b,0,a_rus_init_b,,a_rus_b,0,FALSE,FALSE,У Києві через атаку РФ зафіксовано загоряння на одній із підстанцій: ситуація в енергосистемі станом на 25 листопада,MACHINE_NONCANDIDATE,FALSE
140003,20231204,1,779273,espreso,https://espreso.tv/okupanti-zayavili-pro-ataku-bpla-na-naftobazu-u-lugansku-stalasya-pozhezha,FUEL_STORAGE_TERMINAL,нафтобаз,атак|пожеж,702658,Luhansk,Luhans'k,Luhans'ka,39.307708,48.573896,DROP,DROP_LOCATION_NOT_RU,,,,a_ukr_init_b,,a_ukr_b,0,a_rus_init_b,,a_rus_b,1,FALSE,FALSE,Окупанти заявили про атаку БПЛА на нафтобазу у Луганську: сталася пожежа,MACHINE_NONCANDIDATE,FALSE
45847,20231204,1,779277,espreso,https://zahid.espreso.tv/u-nas-e-desyatki-operativnikh-aerodromiv-ale-chomus-same-tsey-tsikavit-voroga-naybilshe-ignat-pro-ataki-rosiyan-na-starokostyantiniv,STRATEGIC_AIRBASE,аеродром,атак,692818,Starokostyantyniv,Khmel'nyts'kyy,Starokostiantynivs'kyi,27.2044,49.754164,DROP,DROP_LOCATION_NOT_RU,,,,a_ukr_init_b,,a_ukr_b,0,a_rus_init_b,,a_rus_b,1,FALSE,FALSE,"""""У нас є десятки оперативних аеродромів, але чомусь саме цей цікавить ворога найбільше"""": Ігнат про атаки росіян на Старокостянтинів",MACHINE_NONCANDIDATE,FALSE
140002,20231204,2,779285,espreso,https://espreso.tv/okupanti-zayavili-pro-ataku-bpla-na-naftobazu-u-lugansku-stalasya-pozhezha,FUEL_STORAGE_TERMINAL,нафтобаз,атак,702658,Luhansk,Luhans'k,Luhans'ka,39.307708,48.573896,DROP,DROP_LOCATION_NOT_RU,,,,a_ukr_init_b,,a_ukr_b,1,a_rus_init_b,,a_rus_b,0,TRUE,FALSE,ЗСУ підтвердили успішну атаку по нафтобазі окупантів у Луганську,MACHINE_NONCANDIDATE,FALSE
139996,20231204,2,781574|782520,ng|ria,https://ria.ru/20231204/lugansk-1913564121.html|https://www.ng.ru/news/782658.html,FUEL_STORAGE_TERMINAL,нефтебаз,атак|удар,702658,Luhansk,Luhans'k,Luhans'ka,39.307708,48.573896,DROP,DROP_LOCATION_NOT_RU,,,,a_ukr_init_b,,a_ukr_b,0,a_rus_init_b,,a_rus_b,0,TRUE,FALSE,ВСУ ночью ударили по нефтебазе в Луганске || Украина атаковала нефтебазу в Луганске в ночь на понедельник,MACHINE_NONCANDIDATE,FALSE
339665,20231204,1,782544,ria,https://ria.ru/20231204/ataka-1913707132.html,ENERGY_GRID_SUPPORT,подстанц,атак,10951287,Vesele,Zaporizhzhya,Tokmats'kyi,35.767196,47.178945,DROP,DROP_LOCATION_NOT_RU,,,,a_ukr_init_b,,a_ukr_b,1,a_rus_init_b,,a_rus_b,0,TRUE,FALSE,Украинские военные атаковали подстанцию в Запорожской области,MACHINE_NONCANDIDATE,FALSE
139998,20231204,1,1649732,liga,https://news.liga.net/politics/video/nochyu-lugansk-sotryasli-vzryvy-est-popadanie-v-neftebazu-ona-do-sih-por-pylaet-video,FUEL_STORAGE_TERMINAL,нефтебаз,взрыв,702658,Luhansk,Luhans'k,Luhans'ka,39.2973153,48.5717084,DROP,DROP_LOCATION_NOT_RU,,,,a_ukr_init_b,,a_ukr_b,0,a_rus_init_b,,a_rus_b,0,FALSE,FALSE,"Ночью Луганск сотрясли взрывы: есть попадание в нефтебазу, она до сих пор пылает – видео",MACHINE_NONCANDIDATE,FALSE
139999,20231204,1,1684382,pravdaua,https://www.pravda.com.ua/news/2023/12/4/7431615/,FUEL_STORAGE_TERMINAL,нафтобаз,атак,702658,Luhansk,Luhans'k,Luhans'ka,39.307708,48.573896,DROP,DROP_LOCATION_NOT_RU,,,,a_ukr_init_b,,a_ukr_b,1,a_rus_init_b,,a_rus_b,0,TRUE,FALSE,"ЗСУ підтвердили, що атакували нафтобазу в окупованому Луганську.",MACHINE_NONCANDIDATE,FALSE
140004,20231204,1,1684398,pravdaua,https://www.pravda.com.ua/news/2023/12/4/7431537/,FUEL_STORAGE_TERMINAL,нафтобаз,атак|дрон,702658,Luhansk,Luhans'k,Luhans'ka,39.307708,48.573896,DROP,DROP_LOCATION_NOT_RU,,,,a_ukr_init_b,,a_ukr_b,0,a_rus_init_b,,a_rus_b,1,FALSE,FALSE,"У Луганську вночі горіла нафтобаза, окупанти заявили про атаку дронів.",MACHINE_NONCANDIDATE,FALSE
139997,20231204,1,1722861,unian,https://www.unian.ua/war/u-lugansku-znishcheno-naftobazu-okupantiv-video-12474282.html,FUEL_STORAGE_TERMINAL,нафтобаз,знищ,702658,Luhansk,Luhans'k,Luhans'ka,39.307708,48.573896,DROP,DROP_LOCATION_NOT_RU,,,,a_ukr_init_b,,a_ukr_b,0,a_rus_init_b,,a_rus_b,0,FALSE,FALSE,У Луганську знищено нафтобазу окупантів (відео),MACHINE_NONCANDIDATE,FALSE
239893,20231205,1,1649739,liga,https://news.liga.net/politics/video/sso-unichtozhili-v-donetske-grad-i-sklad-boepripasov-rossiyan-video,AMMUNITION_ARSENAL,склад боеприпас,уничтож,709717,Donetsk,Donets'k,Donets'ka,37.80285,48.015884,REVIEW,REVIEW_NAME_ONLY_RU_SUPPORT,,,Donetsk,a_ukr_init_b,,a_ukr_b,1,a_rus_init_b,,a_rus_b,0,TRUE,FALSE,"ССО уничтожили в Донецке """"Град"""" и склад боеприпасов россиян – видео",REVIEW,FALSE
349118,20231205,2,1649740,liga,https://news.liga.net/politics/news/utrennie-vzryvy-v-feodosii-sbu-i-gur-udarili-po-neftyanomu-terminalu-rossiyan-istochnik,FUEL_STORAGE_TERMINAL,нефтяному терминал,взрыв|удар,,,,,35.383911,45.026654,REVIEW,REVIEW_DISPUTED_CRIMEA,,,,a_ukr_init_b,,a_ukr_b,0,a_rus_init_b,,a_rus_b,0,TRUE,FALSE,Утренние взрывы в Феодосии. СБУ и ГУР ударили по нефтяному терминалу россиян – источник,REVIEW,FALSE
349125,20231205,1,1684414,pravdaua,https://www.pravda.com.ua/news/2023/12/5/7431766/,FUEL_STORAGE_TERMINAL,Нафтобаз,дрон,,,,,35.383911,45.026654,REVIEW,REVIEW_DISPUTED_CRIMEA,,,,a_ukr_init_b,,a_ukr_b,1,a_rus_init_b,,a_rus_b,0,TRUE,FALSE,Нафтобазу у Феодосії вразили дрони СБУ та ГУР – джерело.,REVIEW,FALSE
239892,20231205,1,1684415,pravdaua,https://www.pravda.com.ua/news/2023/12/5/7431757/,AMMUNITION_ARSENAL,склад боєприпас,знищ,709717,Donetsk,Donets'k,Donets'ka,37.80285,48.015884,REVIEW,REVIEW_NAME_ONLY_RU_SUPPORT,,,Donetsk,a_ukr_init_b,,a_ukr_b,1,a_rus_init_b,,a_rus_b,0,TRUE,FALSE,"ССО знищили ворожий склад боєприпасів і """"Град"""" поблизу Донецька.",REVIEW,FALSE
349123,20231205,1,1684428,pravdaua,https://www.pravda.com.ua/news/2023/12/5/7431684/,FUEL_STORAGE_TERMINAL,нафтобаз,атак|безпілот,,,,,35.383911,45.026654,REVIEW,REVIEW_DISPUTED_CRIMEA,,,,a_ukr_init_b,,a_ukr_b,1,a_rus_init_b,,a_rus_b,0,TRUE,FALSE,"Українські безпілотники атакували нафтобазу у Феодосії, але були збиті – росЗМІ. Віцепрем’єрка з європейської та євроатлантичної інтеграції Ольга Стефанішина заявила, що Верховна Рада вже цього тижня ухвалити зміни до закону про нацменшини на виконання критерію Єврокомісії для відкриття переговорів про вступ із ЄС.",REVIEW,FALSE
58068,20231205,1,1722892,unian,https://www.unian.ua/war/bavovni-bagato-ne-buvaye-v-krimu-ukrajinski-droni-vdarili-po-naftovomu-terminalu-12475707.html,FUEL_STORAGE_TERMINAL,нафтовому термінал,дрон,693805,Simferopol,Crimea,Simferopol's'ka,34.0994127132379,44.9536335,REVIEW,REVIEW_DISPUTED_CRIMEA,,,,a_ukr_init_b,,a_ukr_b,0,a_rus_init_b,,a_rus_b,1,TRUE,FALSE,"""""Бавовни"""" багато не буває: в Криму українські дрони вдарили по нафтовому терміналу",REVIEW,FALSE
324763,20231206,1,1636321,meduza,https://t.me/BUAR110ombr/216,DEFENSE_INDUSTRY,военного на территории водоочистной станции Авдеевского коксохимического завода. ВС РФ пытаются блокировать укрепрайон ВСУ на завод,атак|дрон,9113135,Krasnohorivka,Donets'k,Iasynuvats'kyi,37.727252,48.172646,DROP,DROP_LOCATION_NOT_RU,,,,a_ukr_init_b,,a_ukr_b,1,a_rus_init_b,,a_rus_b,1,TRUE,FALSE,Украинский дрон-камикадзе атаковал российского военного на территории водоочистной станции Авдеевского коксохимического завода. ВС РФ пытаются блокировать укрепрайон ВСУ на заводе с востока.,MACHINE_NONCANDIDATE,FALSE
132179,20231209,1,796575,espreso,https://espreso.tv/v-okupovaniy-makiivtsi-vibukhnula-y-palae-naftobaza-okupantiv,FUEL_STORAGE_TERMINAL,нафтобаз,вибух,702320,Makiivka,Donets'k,Maki‹vs'ka,37.965831,48.046529,DROP,DROP_LOCATION_NOT_RU,,,,a_ukr_init_b,,a_ukr_b,0,a_rus_init_b,,a_rus_b,0,FALSE,FALSE,В окупованій Макіївці вибухнула й палає нафтобаза окупантів,MACHINE_NONCANDIDATE,FALSE
132177,20231209,1,1649784,liga,https://news.liga.net/politics/video/v-makeevke-progremeli-vzryvy-okkupanty-pishut-o-pozhare-na-neftebaze-foto-video,FUEL_STORAGE_TERMINAL,нефтебаз,взрыв,702320,Makiivka,Donets'k,Maki‹vs'ka,37.965831,48.046529,DROP,DROP_LOCATION_NOT_RU,,,,a_ukr_init_b,,a_ukr_b,0,a_rus_init_b,,a_rus_b,0,FALSE,FALSE,"В Макеевке прогремели взрывы. Вероятно, прилетело по нефтебазе – фото, видео",MACHINE_NONCANDIDATE,FALSE
132176,20231209,1,1722980,unian,https://www.unian.ua/war/v-okupovaniy-makijivci-pislya-prilotu-po-naftobazi-spalahnula-masshtabna-pozhezha-video-12479172.html,FUEL_STORAGE_TERMINAL,нафтобаз,пожеж,702320,Makiivka,Donets'k,Maki‹vs'ka,37.965831,48.046529,DROP,DROP_LOCATION_NOT_RU,,,,a_ukr_init_b,,a_ukr_b,0,a_rus_init_b,,a_rus_b,0,FALSE,FALSE,В окупованій Макіївці після прильоту по нафтобазі спалахнула масштабна пожежа (відео),MACHINE_NONCANDIDATE,FALSE
132180,20231210,1,799710,espreso,https://espreso.tv/pozhezha-na-zavodi-u-moskvi-ataka-dronami-ta-vibukh-na-naftobazi-v-okupovaniy-makiivtsi-de-u-rosiyan-vibukhalo-y-palalo-tsogo-tizhnya,FUEL_STORAGE_TERMINAL,нафтобаз,Пожеж|атак|вибух|дрон,702320,Makiivka,Donets'k,Maki‹vs'ka,37.965831,48.046529,DROP,DROP_LOCATION_NOT_RU,,,,a_ukr_init_b,,a_ukr_b,0,a_rus_init_b,,a_rus_b,1,FALSE,FALSE,"Пожежа на заводі у Москві, атака дронами та вибух на нафтобазі в окупованій Макіївці: де у росіян вибухало й палало цього тижня",MACHINE_NONCANDIDATE,FALSE
70700,20231214,1,812878,espreso,https://espreso.tv/peremozhni-novini-659-go-dnya-viyni-v-ukraini-zyavivsya-shche-odin-patriot-na-donechchini-desantniki-znishchili-10-tankiv-a-u-rf-vibukh-na-naftobazi,FUEL_STORAGE_TERMINAL,нафтобаз,вибух|знищ,695094,Ruttschenkowo,Donets'k,Donets'ka,37.675289,47.955082,DROP,DROP_LOCATION_NOT_RU,,,,a_ukr_init_b,,a_ukr_b,0,a_rus_init_b,,a_rus_b,0,TRUE,TRUE,"Переможні новини 659-го дня війни: в Україні з’явився ще один Patriot, на Донеччині десантники знищили 10 танків, а в РФ вибух на нафтобазі",REVIEW,FALSE
239930,20231215,1,1649851,liga,https://news.liga.net/politics/news/donetsk-propagandisty-rf-zayavili-ob-obstrele-i-pozhare-na-neftebaze-foto-video,FUEL_STORAGE_TERMINAL,нефтебаз,пожар,709717,Donetsk,Donets'k,Donets'ka,37.80285,48.015884,REVIEW,REVIEW_NAME_ONLY_RU_SUPPORT,,,Donetsk,a_ukr_init_b,,a_ukr_b,0,a_rus_init_b,,a_rus_b,1,FALSE,FALSE,"Донецк. Пропагандисты РФ заявили об """"обстреле"""" и пожаре на нефтебазе – фото, видео",REVIEW,FALSE
116363,20231216,1,890631,liveuamap,https://t.me/Tsaplienko/44604,FUEL_STORAGE_TERMINAL,нафтобаз,Пожеж|вибух,700595,Mushketovo,Donets'k,Donets'ka,37.87056,47.9559,DROP,DROP_LOCATION_NOT_RU,,,,a_ukr_init_b,,a_ukr_b,0,a_rus_init_b,,a_rus_b,0,FALSE,FALSE,Пожежа та вибухи на нафтобазі в Донецьку,MACHINE_NONCANDIDATE,FALSE
116361,20231216,1,1840592,liveuamap,https://t.me/Tsaplienko/44604,FUEL_STORAGE_TERMINAL,нафтобаз,Пожеж|вибух,700595,Mushketovo,Donets'k,Donets'ka,37.87056,47.9559,DROP,DROP_LOCATION_NOT_RU,,,,a_ukr_init_b,,a_ukr_b,0,a_rus_init_b,,a_rus_b,0,FALSE,FALSE,Пожежа та вибухи на нафтобазі в Донецьку,MACHINE_NONCANDIDATE,FALSE
116365,20231217,1,890750,liveuamap,https://t.me/Tsaplienko/44604,FUEL_STORAGE_TERMINAL,нафтобаз,Пожеж|вибух,700595,Mushketovo,Donets'k,Donets'ka,37.87056,47.9559,DROP,DROP_LOCATION_NOT_RU,,,,a_ukr_init_b,,a_ukr_b,0,a_rus_init_b,,a_rus_b,0,FALSE,FALSE,Пожежа та вибухи на нафтобазі в Донецьку,MACHINE_NONCANDIDATE,FALSE
116364,20231217,1,1840750,liveuamap,https://t.me/Tsaplienko/44604,FUEL_STORAGE_TERMINAL,нафтобаз,Пожеж|вибух,700595,Mushketovo,Donets'k,Donets'ka,37.87056,47.9559,DROP,DROP_LOCATION_NOT_RU,,,,a_ukr_init_b,,a_ukr_b,0,a_rus_init_b,,a_rus_b,0,FALSE,FALSE,Пожежа та вибухи на нафтобазі в Донецьку,MACHINE_NONCANDIDATE,FALSE
227033,20231223,1,891403,liveuamap,https://t.me/info_zp/55001,FUEL_STORAGE_TERMINAL,нафтобаз,Пожеж,707679,Ilovays'k,Donets'k,Amvrosi‹vs'kyi,38.19466,47.9298,DROP,DROP_LOCATION_NOT_RU,,,,a_ukr_init_b,,a_ukr_b,0,a_rus_init_b,,a_rus_b,0,FALSE,FALSE,Пожежа на нафтобазі в Іловайську,MACHINE_NONCANDIDATE,FALSE
227031,20231223,1,1841515,liveuamap,https://t.me/info_zp/55001,FUEL_STORAGE_TERMINAL,нафтобаз,Пожеж,707679,Ilovays'k,Donets'k,Amvrosi‹vs'kyi,38.19466,47.9298,DROP,DROP_LOCATION_NOT_RU,,,,a_ukr_init_b,,a_ukr_b,0,a_rus_init_b,,a_rus_b,0,FALSE,FALSE,Пожежа на нафтобазі в Іловайську,MACHINE_NONCANDIDATE,FALSE
227035,20231224,1,891591,liveuamap,https://t.me/info_zp/55001,FUEL_STORAGE_TERMINAL,нафтобаз,Пожеж,707679,Ilovays'k,Donets'k,Amvrosi‹vs'kyi,38.19466,47.9298,DROP,DROP_LOCATION_NOT_RU,,,,a_ukr_init_b,,a_ukr_b,0,a_rus_init_b,,a_rus_b,0,FALSE,FALSE,Пожежа на нафтобазі в Іловайську,MACHINE_NONCANDIDATE,FALSE
227034,20231224,1,1841725,liveuamap,https://t.me/info_zp/55001,FUEL_STORAGE_TERMINAL,нафтобаз,Пожеж,707679,Ilovays'k,Donets'k,Amvrosi‹vs'kyi,38.19466,47.9298,DROP,DROP_LOCATION_NOT_RU,,,,a_ukr_init_b,,a_ukr_b,0,a_rus_init_b,,a_rus_b,0,FALSE,FALSE,Пожежа на нафтобазі в Іловайську,MACHINE_NONCANDIDATE,FALSE
349179,20231227,1,856410,ria,https://ria.ru/20231227/feodosiya-1918405388.html,PORT_EXPORT_LOGISTICS,порт,атак,,,,,35.383911,45.026654,REVIEW,REVIEW_DISPUTED_CRIMEA,,,,a_ukr_init_b,,a_ukr_b,0,a_rus_init_b,,a_rus_b,0,FALSE,FALSE,Власти рассказали о состоянии пострадавших при атаке на порт Феодосии,REVIEW,FALSE
58183,20231228,1,1684981,pravdaua,https://www.pravda.com.ua/news/2023/12/28/7434868/,PORT_EXPORT_LOGISTICS,порт,атак,693805,Simferopol,Crimea,Simferopol's'ka,34.0994127132379,44.9536335,REVIEW,REVIEW_DISPUTED_CRIMEA,,,,a_ukr_init_b,,a_ukr_b,0,a_rus_init_b,,a_rus_b,1,FALSE,FALSE,Наслідки атаки на порт у Криму: окупанти відправили з Феодосії на Керч колону зерновозів.,REVIEW,FALSE
349196,20231228,2,1684982,pravdaua,https://www.pravda.com.ua/news/2023/12/28/7434868/,PORT_EXPORT_LOGISTICS,порт,атак,,,,,35.383911,45.026654,REVIEW,REVIEW_DISPUTED_CRIMEA,,,,a_ukr_init_b,,a_ukr_b,0,a_rus_init_b,,a_rus_b,1,FALSE,FALSE,Наслідки атаки на порт у Криму: окупанти відправили з Феодосії на Керч колону зерновозів.,REVIEW,FALSE
214559,20231231,1,1650038,liga,https://news.liga.net/politics/video/pogranichniki-unichtozhili-sklad-boepripasov-okkupantov-na-harkovskom-napravlenii-video,AMMUNITION_ARSENAL,склад боеприпас,уничтож,706483,Kharkiv,Kharkiv,Kharkivs'ka,36.231202,49.992167,DROP,DROP_LOCATION_NOT_RU,,,,a_ukr_init_b,,a_ukr_b,1,a_rus_init_b,,a_rus_b,0,FALSE,FALSE,Пограничники уничтожили склад боеприпасов оккупантов на Харьковском направлении – видео,MACHINE_NONCANDIDATE,FALSE
