event_id_1pd,date,n_reports,event_ids_matching,sources_matching,source_urls,target_classes,target_terms,attack_terms,geonameid,asciiname,ADM1_NAME,ADM2_NAME,longitude,latitude,location_bucket,location_method,nearest_ru_distance_km,nearest_ru_geonameid,nearest_ru_name,a_ukr_init_field,a_ukr_init,a_ukr_field,a_ukr,a_rus_init_field,a_rus_init,a_rus_field,a_rus,ua_actor_text_terms,ru_scope_text_terms,representative_text,TriageStatus,TriageReason,CandidateCensusComplete,ScopeAuto,ScopeReason,EventFormAuto,EventFormReason,ExactReportDuplicateCluster,TriagePriority,ManualReviewRequired,DedupeClusterID,DedupeDecision,CanonicalEventID1pd,DedupeBasis,EventLevelDedupeStatus
252229,20220224,8,147109|147299|370393,mz,https://zona.media/online/2022/02/24/war,STRATEGIC_AIRBASE,аэродром,атак|взрыв|ракет|удар,710374,Chuhuiv,Kharkiv,Chuhu‹vs'kyi,36.679453,49.835274,REVIEW,REVIEW_COORDINATE_NEAR_RU,6.307,479565,Uda,a_ukr_init_b,,a_ukr_b,0,a_rus_init_b,,a_rus_b,0,Силы оборон|Украин,,"Судя по сообщениям из зоны боевых действий, Харьков оказался одним из наиболее пострадавших крупных городов Украины. Вот рассказы нескольких харьковчан, которые застали в городе начало войны.  Валерия  «Мы проснулись в 5:10 от того что за окном громыхали взрывы, и это продолжалось достаточно долго. Сработали сигнализации машин, проснулся район. Все стали куда-то бежать. У нас так расположен дом, что самих взрывов не видно. Но у людей жуткая паника. Соседи и знакомые ломанулись из города. Много аварий, километровые очереди на заправках. Магазины тоже самое. Мы собрали самые необходимые вещи так и сидим. Со стороны окружной дороги, до сих пор громыхает. Все, кто уехал, стоят в диких пробках и присылают сообщения с месторасположением бомбоубежищ».  Максим  «Начало? Будоражащим. Ровно в 5:00. Взрывы по разным направлениям в Харькове, из окна были видны зарева работы оружия. Позже стали узнавать из источников, что были атакованы преимущественно военные объекты. Сейчас слышны взрывы до сих пор. Думаю, что в других приграничных областях Украины тоже самое».  Инна  «С утра, около 5 часов, проснулась от звуков взрыва. Сначала думала, сквозь сон показалось. Но через минут пять повторилось еще три раза. Зашла в интернет, потому что думала схожу с ума. В харьковских группах отписывались, что слышны взрывы. Нашли снаряды в двух районах Харькова. В Чугуеве (муж оттуда) бомбили аэродром, попали в жилой дом. С утра много машин у подъезда разъехались с людьми, некоторые паникуют, некоторые ждут, что будет дальше. Мы на сумках, с документами. Но куда бежать?» || В сводке генштаба вооруженных сил Украины говорится, что информация о российском десанте в Одессе является фейком.   Также штаб сообщает, что ракетно-бомбовые удары были нанесены по аэродромам в Борисполе (Киевская область), Озерном (Житомирская область), Кульбакине (Николаевская область), Чугуеве (Харьковская область), Краматорске (Донецкая область), Чернобаевке (Херсонская область).  «Силы обороны государства находятся в полной боевой готовности, заняты и сохраняют оборонительные позиции. Ситуация под контролем», — уверяют в украинском штабе. || В сводке генштаба вооруженных сил Украины говорится, что информация о российском десанте в Одессе является фейком. Также штаб сообщает, что ракетно-бомбовые удары были нанесены по аэродромам в Борисполе (Киевская область), Озерном (Житомирская область), Кульбакине (Николаевская область), Чугуеве (Харьковская область), Краматорске (Донецкая область), Чернобаевке (Херсонская область). «Силы обороны государства находятся в полной боевой готовности, заняты и сохраняют оборонительные позиции. Ситуация под контролем», — уверяют в украинском штабе.",REVIEW_LOCATION_AMBIGUOUS,REVIEW_COORDINATE_NEAR_RU,FALSE,UKRAINE_OCCUPIED_OTHER,OCCUPIED_UA_TEXT,EVENT_FORM_UNRESOLVED,NO_DECISIVE_EVENT_FORM_CUE,,P5_OCCUPIED_UA_OTHER,TRUE,,UNIQUE_EXACT_REPORT_LEVEL,252229,NO_EXACT_REPORT_DUPLICATE,PENDING
252232,20220224,1,370251,mz,,STRATEGIC_AIRBASE,аэродром,атак|взрыв,710374,Chuhuiv,Kharkiv,Chuhu‹vs'kyi,36.679453,49.835274,REVIEW,REVIEW_COORDINATE_NEAR_RU,6.307,479565,Uda,a_ukr_init_b,,a_ukr_b,0,a_rus_init_b,,a_rus_b,0,Украин,,"Судя по сообщениям из зоны боевых действий, Харьков оказался одним из наиболее пострадавших крупных городов Украины. Вот рассказы нескольких харьковчан, которые застали в городе начало войны. Валерия «Мы проснулись в 5:10 от того что за окном громыхали взрывы, и это продолжалось достаточно долго. Сработали сигнализации машин, проснулся район. Все стали куда-то бежать. У нас так расположен дом, что самих взрывов не видно. Но у людей жуткая паника. Соседи и знакомые ломанулись из города. Много аварий, километровые очереди на заправках. Магазины тоже самое. Мы собрали самые необходимые вещи так и сидим. Со стороны окружной дороги, до сих пор громыхает. Все, кто уехал, стоят в диких пробках и присылают сообщения с месторасположением бомбоубежищ». Максим «Начало? Будоражащим. Ровно в 5:00. Взрывы по разным направлениям в Харькове, из окна были видны зарева работы оружия. Позже стали узнавать из источников, что были атакованы преимущественно военные объекты. Сейчас слышны взрывы до сих пор. Думаю, что в других приграничных областях Украины тоже самое». Инна «С утра, около 5 часов, проснулась от звуков взрыва. Сначала думала, сквозь сон показалось. Но через минут пять повторилось еще три раза. Зашла в интернет, потому что думала схожу с ума. В харьковских группах отписывались, что слышны взрывы. Нашли снаряды в двух районах Харькова. В Чугуеве (муж оттуда) бомбили аэродром, попали в жилой дом. С утра много машин у подъезда разъехались с людьми, некоторые паникуют, некоторые ждут, что будет дальше. Мы на сумках, с документами. Но куда бежать?»",REVIEW_LOCATION_AMBIGUOUS,REVIEW_COORDINATE_NEAR_RU,FALSE,UNKNOWN,NO_DECISIVE_SCOPE_TEXT,EVENT_FORM_UNRESOLVED,NO_DECISIVE_EVENT_FORM_CUE,,P6_SCOPE_UNKNOWN,TRUE,,UNIQUE_EXACT_REPORT_LEVEL,252232,NO_EXACT_REPORT_DUPLICATE,PENDING
265513,20220224,6,147331,mz,https://zona.media/online/2022/02/24/war,STRATEGIC_AIRBASE,аэродром,атак,710791,Cherkasy,Cherkasy,Cherkas'ka,32.059768,49.444433,REVIEW,REVIEW_NAME_ONLY_RU_SUPPORT,,,Cherkasy,a_ukr_init_b,,a_ukr_b,0,a_rus_init_b,,a_rus_b,0,Украин,,"Служба по чрезвычайными ситуациям Украины сообщила об атаках на военные объекты на западе: помимо военной части под Ивано-Франковском, это также аэродром в Луцке, часть в Каменке-Бузкой под Львовом, военные склады под Черкассами и Житомиром. Журналисты сообщают о стрельбе под Винницей.",REVIEW_LOCATION_AMBIGUOUS,REVIEW_NAME_ONLY_RU_SUPPORT,FALSE,UNKNOWN,NO_DECISIVE_SCOPE_TEXT,EVENT_FORM_UNRESOLVED,NO_DECISIVE_EVENT_FORM_CUE,,P6_SCOPE_UNKNOWN,TRUE,,UNIQUE_EXACT_REPORT_LEVEL,265513,NO_EXACT_REPORT_DUPLICATE,PENDING
265519,20220224,1,370425,mz,,STRATEGIC_AIRBASE,аэродром,атак,710791,Cherkasy,Cherkasy,Cherkas'ka,32.059768,49.444433,REVIEW,REVIEW_NAME_ONLY_RU_SUPPORT,,,Cherkasy,a_ukr_init_b,,a_ukr_b,0,a_rus_init_b,,a_rus_b,1,Украин,,"Служба по чрезвычайными ситуациям Украины сообщила об атаках на военные объекты на западе: помимо военной части под Ивано-Франковском, это также аэродром в Луцке, часть в Каменке-Бузкой под Львовом, военные склады под Черкассами и Житомиром. Журналисты сообщают о стрельбе под Винницей.",REVIEW_LOCATION_AMBIGUOUS,REVIEW_NAME_ONLY_RU_SUPPORT,FALSE,UNKNOWN,NO_DECISIVE_SCOPE_TEXT,EVENT_FORM_UNRESOLVED,NO_DECISIVE_EVENT_FORM_CUE,,P6_SCOPE_UNKNOWN,TRUE,,UNIQUE_EXACT_REPORT_LEVEL,265519,NO_EXACT_REPORT_DUPLICATE,PENDING
121338,20220225,13,31311,forbesua,https://forbes.ua/news/putin-ogolosiv-pro-pochatok-viyskovoi-operatsii-na-donbasi-ta-proignoruvav-zvernennya-zelenskogo-golovni-novini-24022022-3843,PORT_EXPORT_LOGISTICS,порт,удар,701822,Mariupol,Donets'k,Mariupol's'ka,37.54144,47.096703,REVIEW,REVIEW_NAME_ONLY_RU_SUPPORT,,,Mariupol,a_ukr_init_b,,a_ukr_b,0,a_rus_init_b,,a_rus_b,0,,,"В Гостомелі близько восьмої ранку почався бій, який затихав на ніч, повідомляє Forbes місцева жителька Віра Арешна. «Добре чутно автоматні черги і постріли з танка», – каже вона. В її приватному будинку пропав кабельний інтернет, але електрика працює. В Маріуполі ніч пройшла спокійно. Зараз теж тихо. Про це повідрмляє джерело Forbes у Нацгвардії з Маріуполя. «Очікуємо авіаударів. Вважаємо, що ціллю буде порт», – каже співрозмовник Forbes. За словами військового, до них підійшло підкріплення, вони повністю готові дати відсіч.",REVIEW_LOCATION_AMBIGUOUS,REVIEW_NAME_ONLY_RU_SUPPORT,FALSE,UKRAINE_OCCUPIED_OTHER,OCCUPIED_UA_TEXT,EVENT_FORM_UNRESOLVED,NO_DECISIVE_EVENT_FORM_CUE,,P5_OCCUPIED_UA_OTHER,TRUE,,UNIQUE_EXACT_REPORT_LEVEL,121338,NO_EXACT_REPORT_DUPLICATE,PENDING
221259,20220225,1,1654948,pravdaua,https://www.pravda.com.ua/news/2022/02/25/7325920/,STRATEGIC_AIRBASE,аеродром,пожеж|ракет,707153,Kalinovka,Khmel'nyts'kyy,Khmel'nyts'kyi,26.92966,49.507388,REVIEW,REVIEW_NAME_ONLY_RU_SUPPORT,,,Kalinovka,a_ukr_init_b,,a_ukr_b,0,a_rus_init_b,,a_rus_b,1,,,"Росіяни обстріляли ракетами аеродром Старокостянтинова, він горить. Російські військові кинули 5 ракет на військовий аеродром Старокостянтинова (Хмельницька область), там почалася пожежа.",REVIEW_LOCATION_AMBIGUOUS,REVIEW_NAME_ONLY_RU_SUPPORT,FALSE,UNKNOWN,NO_DECISIVE_SCOPE_TEXT,EVENT_FORM_UNRESOLVED,NO_DECISIVE_EVENT_FORM_CUE,,P6_SCOPE_UNKNOWN,TRUE,,UNIQUE_EXACT_REPORT_LEVEL,221259,NO_EXACT_REPORT_DUPLICATE,PENDING
44967,20220225,1,31378,forbesua,https://forbes.ua/news/putin-ogolosiv-pro-pochatok-viyskovoi-operatsii-na-donbasi-ta-proignoruvav-zvernennya-zelenskogo-golovni-novini-24022022-3843,ENERGY_GRID_SUPPORT,підстанц,пошкодж,692714,Stary Krym,Crimea,Kirovs'kyi,35.114345,45.031534,REVIEW,REVIEW_DISPUTED_CRIMEA,,,,a_ukr_init_b,,a_ukr_b,0,a_rus_init_b,,a_rus_b,0,,,"Міський голова Маріуполя Вадим Бойченко розповів про ситуацію у місті. Місто отримуватиме воду з резервного джерела – Старокримського водосховища; має енергозабезпечення, трапляються перебої через пошкодження трансформаторних підстанцій; житловий фонд зазнав великих пошкоджень. Міський транспорт працює; один диверсант був затриманий, є інформація про інші диверсійні групи; у лікарнях знаходиться 35 людей з пораненнями, з них 9 у тяжкому стані.",REVIEW_LOCATION_AMBIGUOUS,REVIEW_DISPUTED_CRIMEA,FALSE,CRIMEA_SEVASTOPOL,CRIMEA_TEXT,EVENT_FORM_UNRESOLVED,NO_DECISIVE_EVENT_FORM_CUE,EXACT2022-0003,P4_CRIMEA,TRUE,EXACT2022-0003,CANONICAL,44967,EXACT_SOURCE_URL_AND_REPRESENTATIVE_TEXT,PENDING
52074,20220226,2,2275207,nv,https://nv.ua/ukr/ukraine/events/u-genshtabi-pidtverdili-ataki-zsu-na-aerodromi-v-krimu-ta-npz-v-krasnodarskomu-kraji-50493371.html,REFINING_PETROCHEM_GAS|STRATEGIC_AIRBASE,НПЗ|аеродром,атак,693805,Simferopol,Crimea,Simferopol's'ka,34.0994127132379,44.9536335,REVIEW,REVIEW_DISPUTED_CRIMEA,,,,a_ukr_init_b,,a_ukr_b,0,a_rus_init_b,,a_rus_b,0,ЗСУ,Краснодар|твер,У Генштабі підтвердили атаки ЗСУ на аеродроми в Криму та НПЗ в Краснодарському краї,REVIEW_LOCATION_AMBIGUOUS,REVIEW_DISPUTED_CRIMEA,FALSE,CONFLICT_OR_COMPOSITE,CRIMEA_AND_RUSSIA_TEXT,EVENT_FORM_UNRESOLVED,NO_DECISIVE_EVENT_FORM_CUE,,P3_SCOPE_CONFLICT_COMPOSITE,TRUE,,UNIQUE_EXACT_REPORT_LEVEL,52074,NO_EXACT_REPORT_DUPLICATE,PENDING
62028,20220226,1,2279025,24tvua,https://24tv.ua/vibuhi-okupovanomu-krimu-aktivnist-ppo-sevastopoli-belbeku-25022025_n2762104,STRATEGIC_AIRBASE,аеродром,вибух,694423,Sevastopol,Sevastopol',Lenins'kyi,33.52291,44.60105,REVIEW,REVIEW_DISPUTED_CRIMEA,,,,a_ukr_init_b,0,a_ukr_b,0,a_rus_init_b,0,a_rus_b,0,,,"У мережі пишуть про вибухи у Саках, Севастополі та у районі аеродрому Бельбек",REVIEW_LOCATION_AMBIGUOUS,REVIEW_DISPUTED_CRIMEA,FALSE,CRIMEA_SEVASTOPOL,CRIMEA_TEXT,EVENT_FORM_UNRESOLVED,NO_DECISIVE_EVENT_FORM_CUE,,P4_CRIMEA,TRUE,,UNIQUE_EXACT_REPORT_LEVEL,62028,NO_EXACT_REPORT_DUPLICATE,PENDING
81666,20220226,1,1655119,pravdaua,https://www.pravda.com.ua/news/2022/02/26/7326117/,STRATEGIC_AIRBASE,аеродром,дрон,696643,Poltava,Poltava,Poltavs'ka,34.551245,49.589531,REVIEW,REVIEW_NAME_ONLY_RU_SUPPORT,,,Poltava,a_ukr_init_b,,a_ukr_b,0,a_rus_init_b,,a_rus_b,0,,,"У Полтаві над військовим аеродромом збили 4 ворожих дрони – мер. Міський голова Полтави Олександр Мамай заявив, що територіальна оборона збила чотири дрони біля військового аеродрому.",REVIEW_LOCATION_AMBIGUOUS,REVIEW_NAME_ONLY_RU_SUPPORT,FALSE,UNKNOWN,NO_DECISIVE_SCOPE_TEXT,EVENT_FORM_UNRESOLVED,NO_DECISIVE_EVENT_FORM_CUE,,P6_SCOPE_UNKNOWN,TRUE,,UNIQUE_EXACT_REPORT_LEVEL,81666,NO_EXACT_REPORT_DUPLICATE,PENDING
121385,20220227,1,165120,nv,https://nv.ua/ukr/ukraine/events/vibuhi-v-mariupoli-do-udariv-prichetni-droni-i-nebayduzhi-lyudi-dmitrashkivskiy-50307093.html,AMMUNITION_ARSENAL,склад росіян з боєприпас,дрон|знищ,701822,Mariupol,Donets'k,Mariupol's'ka,37.54144,47.096703,REVIEW,REVIEW_NAME_ONLY_RU_SUPPORT,,,Mariupol,a_ukr_init_b,,a_ukr_b,0,a_rus_init_b,,a_rus_b,0,Сили оборон,,Працюють дрони і «небайдужі люди». У районі Маріуполя знищили ще один склад росіян з боєприпасами — Сили оборони,REVIEW_LOCATION_AMBIGUOUS,REVIEW_NAME_ONLY_RU_SUPPORT,FALSE,UKRAINE_OCCUPIED_OTHER,OCCUPIED_UA_TEXT,EVENT_FORM_UNRESOLVED,NO_DECISIVE_EVENT_FORM_CUE,,P5_OCCUPIED_UA_OTHER,TRUE,,UNIQUE_EXACT_REPORT_LEVEL,121385,NO_EXACT_REPORT_DUPLICATE,PENDING
298788,20220227,4,147659,mz,https://t.me/uniannet/33158,FUEL_STORAGE_TERMINAL,нефтебаз,пожар,805500,Voronyne,Sumy,Bilopils'kyi,34.123755,51.106236,REVIEW,REVIEW_COORDINATE_NEAR_RU,19.395,806795,Stantsiya Tetkino,a_ukr_init_b,,a_ukr_b,0,a_rus_init_b,,a_rus_b,0,Украин,,"В городе Ахтырке Сумской области снаряд попал в нефтебазу, начался пожар, сообщает «Украина 24».",REVIEW_LOCATION_AMBIGUOUS,REVIEW_COORDINATE_NEAR_RU,FALSE,UNKNOWN,NO_DECISIVE_SCOPE_TEXT,EVENT_FORM_UNRESOLVED,NO_DECISIVE_EVENT_FORM_CUE,,P6_SCOPE_UNKNOWN,TRUE,,UNIQUE_EXACT_REPORT_LEVEL,298788,NO_EXACT_REPORT_DUPLICATE,PENDING
42225,20220228,3,31795,forbesua,https://forbes.ua/news/khronika-viyni-28-lyutogo-ukraina-dae-gidnu-vidsich-ta-pochinae-peremovini-z-rosieyu-28022022-3979,FUEL_STORAGE_TERMINAL,нафтобаз,пожеж,692194,Sumy,Sumy,Sums'ka,34.802764,50.91198,REVIEW,REVIEW_NAME_ONLY_RU_SUPPORT,,,Sumy,a_ukr_init_b,,a_ukr_b,0,a_rus_init_b,,a_rus_b,0,,,"Російські окупанти знову почали обстрілювати Охтирку . Снаряд влучив у нафтобазу, розпочалася пожежа, чорний дим здіймається у небо. Про це пише Суспільне Суми.",REVIEW_LOCATION_AMBIGUOUS,REVIEW_NAME_ONLY_RU_SUPPORT,FALSE,UNKNOWN,NO_DECISIVE_SCOPE_TEXT,FRESH_ATTACK_WORDING,FRESH_ATTACK_CUE,,P6_SCOPE_UNKNOWN,TRUE,,UNIQUE_EXACT_REPORT_LEVEL,42225,NO_EXACT_REPORT_DUPLICATE,PENDING
144427,20220301,1,31868,forbesua,https://forbes.ua/news/khronika-viyni-1-bereznya-rosiya-obstrilyue-zhitlovi-kvartali-a-ukraina-otrimue-nove-ozbroennya-ta-perspektivu-chlenstva-v-es-01032022-4018,ENERGY_GRID_SUPPORT,підстанц,Пошкодж,702989,Lyptsi,Kharkiv,Kharkivs'kyi,36.43256,50.216866,REVIEW,REVIEW_COORDINATE_NEAR_RU,11.650,807200,Varishkin,a_ukr_init_b,,a_ukr_b,0,a_rus_init_b,,a_rus_b,0,,,Внаслідок обстрілів в Харкові люди опинились під завалами. Пошкоджена підстанція «Харківобленерго». Частина районів залишилася без електроенергії. Виникають проблеми з водопостачанням та теплом – Харківська міська рада,REVIEW_LOCATION_AMBIGUOUS,REVIEW_COORDINATE_NEAR_RU,FALSE,UNKNOWN,NO_DECISIVE_SCOPE_TEXT,EVENT_FORM_UNRESOLVED,NO_DECISIVE_EVENT_FORM_CUE,,P6_SCOPE_UNKNOWN,TRUE,,UNIQUE_EXACT_REPORT_LEVEL,144427,NO_EXACT_REPORT_DUPLICATE,PENDING
311747,20220301,1,1625248,meduza,,STRATEGIC_AIRBASE,авиабаз,удар,812979,Vasyliv Khutir,Kharkiv,Chuhu‹vs'kyi,36.64589,49.84036,REVIEW,REVIEW_COORDINATE_NEAR_RU,5.221,479565,Uda,a_ukr_init_b,,a_ukr_b,0,a_rus_init_b,,a_rus_b,1,,,"Мощный удар по авиабазе в Чугуеве.[Источник.](https://twitter.com/aldin_ww/status/1498716479465918470) Время:01/03,20 (авиаудар).",REVIEW_LOCATION_AMBIGUOUS,REVIEW_COORDINATE_NEAR_RU,FALSE,UNKNOWN,NO_DECISIVE_SCOPE_TEXT,EVENT_FORM_UNRESOLVED,NO_DECISIVE_EVENT_FORM_CUE,,P6_SCOPE_UNKNOWN,TRUE,,UNIQUE_EXACT_REPORT_LEVEL,311747,NO_EXACT_REPORT_DUPLICATE,PENDING
52112,20220301,15,1046784,militarnyy,https://mil.in.ua/uk/news/na-vijskovomu-aerodromi-u-krymu-prolunav-potuzhnyj-vybuh/,STRATEGIC_AIRBASE,аеродром,вибух,693805,Simferopol,Crimea,Simferopol's'ka,34.0994127132379,44.9536335,REVIEW,REVIEW_DISPUTED_CRIMEA,,,,a_ukr_init_b,,a_ukr_b,0,a_rus_init_b,,a_rus_b,0,,,"На військовому аеродромі у Криму пролунав потужний вибух. На військовому аеродромі Гвардійське, що в Криму, пролунав потужний вибух. Про це повідомляють місцеві жителі. Сталося це близько 14:00, післ...",REVIEW_LOCATION_AMBIGUOUS,REVIEW_DISPUTED_CRIMEA,FALSE,CRIMEA_SEVASTOPOL,CRIMEA_TEXT,EVENT_FORM_UNRESOLVED,NO_DECISIVE_EVENT_FORM_CUE,EXACT2022-0004,P4_CRIMEA,TRUE,EXACT2022-0004,CANONICAL,52112,EXACT_SOURCE_URL_AND_REPRESENTATIVE_TEXT,PENDING
255171,20220302,1,147885,mz,https://www.osce.org/chairmanship/513280,FUEL_STORAGE_TERMINAL,нефтебаз,удар|уничтож,710735,Chernihiv,Chernihiv,Chernihivs'ka,31.298652,51.491007,REVIEW,REVIEW_COORDINATE_NEAR_RU,16.908,491522,Snov,a_ukr_init_b,,a_ukr_b,1,a_rus_init_b,,a_rus_b,0,Украин,орел,"В Чернигове, по которому наносит удары авиация, из-под завалов вытащили тела 33 погибших людей и 18 раненых, сообщает ГСЧС Украины. Сейчас из-за продолжающих обстрелов спасательные работы временно приостановлены, уточняет ведомство. Мэр города Владислав Атрошенко сообщил, что российские бомбардировщики бомбили жилые дома, также снарядами были разрушены две школы. «За что воюют здесь россияне? Я не знаю, какой русский мир здесь спасают или от каких бандеровцев. <﻿…﻿> Россия воюя с мирным населением Украины, бомбя города, бомбя школы, жилые дома, она уничтожает будущее своих детей и будущее своих внуков. Она превращается в международного изгоя», — сказал Атрошенко. Во время утреннего обстрела города снаряд попал в нефтебазу, в результате резервуар загорелся.",REVIEW_LOCATION_AMBIGUOUS,REVIEW_COORDINATE_NEAR_RU,FALSE,RUSSIA_PROPER,RUSSIAN_PLACE_TEXT,EVENT_FORM_UNRESOLVED,NO_DECISIVE_EVENT_FORM_CUE,,P2_RUSSIA_FROM_AMBIGUOUS,TRUE,,UNIQUE_EXACT_REPORT_LEVEL,255171,NO_EXACT_REPORT_DUPLICATE,PENDING
289406,20220302,4,165756,nv,https://nv.ua/ukr/ukraine/events/viyna-rosiji-proti-ukrajini-rosiyski-viyska-shturmuyut-bahmut-zvedennya-genshtabu-50308019.html,AMMUNITION_ARSENAL,складу боєприпас,атак,713174,Bakhmut,Donets'k,Artemivs'ka,38.001988,48.589471,REVIEW,REVIEW_NAME_ONLY_RU_SUPPORT,,,Bakhmut,a_ukr_init_b,,a_ukr_b,0,a_rus_init_b,,a_rus_b,0,ЗСУ,,ЗСУ відбили атаки окупантів на Бахмут і вдарили по складу боєприпасів — Генштаб,REVIEW_LOCATION_AMBIGUOUS,REVIEW_NAME_ONLY_RU_SUPPORT,FALSE,UNKNOWN,NO_DECISIVE_SCOPE_TEXT,FRESH_ATTACK_WORDING,FRESH_ATTACK_CUE,,P6_SCOPE_UNKNOWN,TRUE,,UNIQUE_EXACT_REPORT_LEVEL,289406,NO_EXACT_REPORT_DUPLICATE,PENDING
60643,20220302,1,165673,nv,https://nv.ua/ukr/ukraine/events/zatrimano-koriguvalnika-yakiy-navodiv-raketi-rf-na-ivano-frankivskiy-aerodrom-50221587.html,STRATEGIC_AIRBASE,аеродром,ракет,694141,Shevchenkovo,Ivano-Frankivs'k,Halyts'kyi,24.700661,49.131719,REVIEW,REVIEW_NAME_ONLY_RU_SUPPORT,,,Shevchenkovo,a_ukr_init_b,,a_ukr_b,0,a_rus_init_b,,a_rus_b,0,,,"Захоплено коригувальника РФ, який наводив крилаті ракети на Івано-Франківський аеродром",REVIEW_LOCATION_AMBIGUOUS,REVIEW_NAME_ONLY_RU_SUPPORT,FALSE,UNKNOWN,NO_DECISIVE_SCOPE_TEXT,EVENT_FORM_UNRESOLVED,NO_DECISIVE_EVENT_FORM_CUE,,P6_SCOPE_UNKNOWN,TRUE,,UNIQUE_EXACT_REPORT_LEVEL,60643,NO_EXACT_REPORT_DUPLICATE,PENDING
60644,20220302,1,1655460,pravdaua,https://www.pravda.com.ua/news/2022/03/2/7327421/,STRATEGIC_AIRBASE,аеродром,удар,694141,Shevchenkovo,Ivano-Frankivs'k,Halyts'kyi,24.700661,49.131719,REVIEW,REVIEW_NAME_ONLY_RU_SUPPORT,,,Shevchenkovo,a_ukr_init_b,,a_ukr_b,1,a_rus_init_b,,a_rus_b,0,СБУ,,"СБУ спіймала зрадника, який навів удар на аеродром Франківська. Служба безпеки затримала коректувальника вогню, який навів удар російського """"Калібру"""" на Івано-Франківський аеродром.",REVIEW_LOCATION_AMBIGUOUS,REVIEW_NAME_ONLY_RU_SUPPORT,FALSE,UNKNOWN,NO_DECISIVE_SCOPE_TEXT,EVENT_FORM_UNRESOLVED,NO_DECISIVE_EVENT_FORM_CUE,,P6_SCOPE_UNKNOWN,TRUE,,UNIQUE_EXACT_REPORT_LEVEL,60644,NO_EXACT_REPORT_DUPLICATE,PENDING
255173,20220303,10,165866,nv,https://nv.ua/ukr/ukraine/events/viyna-rosiji-proti-ukrajini-viyskovi-rf-obstrilyali-v-naftobazu-u-chernigovi-stalasya-pozhezha-video-50221936.html,FUEL_STORAGE_TERMINAL,нафтобаз,пожеж,710735,Chernihiv,Chernihiv,Chernihivs'ka,31.298652,51.491007,REVIEW,REVIEW_COORDINATE_NEAR_RU,16.908,491522,Snov,a_ukr_init_b,,a_ukr_b,0,a_rus_init_b,,a_rus_b,0,,,"У Чернігові російські окупанти потрапили в нафтобазу, сталася пожежа — відео",REVIEW_LOCATION_AMBIGUOUS,REVIEW_COORDINATE_NEAR_RU,FALSE,UNKNOWN,NO_DECISIVE_SCOPE_TEXT,EVENT_FORM_UNRESOLVED,NO_DECISIVE_EVENT_FORM_CUE,,P6_SCOPE_UNKNOWN,TRUE,,UNIQUE_EXACT_REPORT_LEVEL,255173,NO_EXACT_REPORT_DUPLICATE,PENDING
255182,20220303,1,2041,24tvua,https://24tv.ua/chernigovi-trivaye-likvidatsiya-pozhezhi-naftobazi_n1888509,FUEL_STORAGE_TERMINAL,нафтобаз,пожеж,710735,Chernihiv,Chernihiv,Chernihivs'ka,31.298652,51.491007,REVIEW,REVIEW_COORDINATE_NEAR_RU,16.908,491522,Snov,a_ukr_init_b,,a_ukr_b,0,a_rus_init_b,,a_rus_b,0,,,У Чернігові триває ліквідація пожежі на нафтобазі: відео з місця подій,REVIEW_LOCATION_AMBIGUOUS,REVIEW_COORDINATE_NEAR_RU,FALSE,UNKNOWN,NO_DECISIVE_SCOPE_TEXT,EVENT_FORM_UNRESOLVED,NO_DECISIVE_EVENT_FORM_CUE,,P6_SCOPE_UNKNOWN,TRUE,,UNIQUE_EXACT_REPORT_LEVEL,255182,NO_EXACT_REPORT_DUPLICATE,PENDING
255201,20220303,1,165836,nv,https://nv.ua/ukr/ukraine/events/viyna-z-rosiyeyu-vosmiy-den-podiji-2-bereznya-v-kiyevi-harkovi-sumah-onlayn-50221807.html,FUEL_STORAGE_TERMINAL,нафтобаз,ракет,710735,Chernihiv,Chernihiv,Chernihivs'ka,31.298652,51.491007,REVIEW,REVIEW_COORDINATE_NEAR_RU,16.908,491522,Snov,a_ukr_init_b,,a_ukr_b,0,a_rus_init_b,,a_rus_b,1,,,"Восьмий день війни — онлайн. Втрати окупантів перевищили 9000 людей, над Києвом уночі збили ракети, у Чернігові горить нафтобаза",REVIEW_LOCATION_AMBIGUOUS,REVIEW_COORDINATE_NEAR_RU,FALSE,UNKNOWN,NO_DECISIVE_SCOPE_TEXT,EVENT_FORM_UNRESOLVED,NO_DECISIVE_EVENT_FORM_CUE,,P6_SCOPE_UNKNOWN,TRUE,,UNIQUE_EXACT_REPORT_LEVEL,255201,NO_EXACT_REPORT_DUPLICATE,PENDING
306440,20220303,3,2278917,mz,https://www.youtube.com/watch?v=fYUT36YGOh8,PIPELINE_PUMPING,трубопровод,поврежд,809078,Orliv Yar,Sumy,Iampil's'kyi,34.07993,51.84002,REVIEW,REVIEW_COORDINATE_NEAR_RU,15.047,540709,Kruglaya Polyana,a_ukr_init_b,,a_ukr_b,0,a_rus_init_b,,a_rus_b,0,,,"Энергодар остался без отопления, пишет в телеграме глава города Дмитрий Орлов. «В связи с повреждением участка магистрального трубопровода, поставка тепловой энергии в город пока невозможна», — говорится в его сообщении. Орлов добавил, что специалисты проводят восстановительные работы, подачу тепла планируется вернуть в городе 5 марта.",REVIEW_LOCATION_AMBIGUOUS,REVIEW_COORDINATE_NEAR_RU,FALSE,UNKNOWN,NO_DECISIVE_SCOPE_TEXT,EVENT_FORM_UNRESOLVED,NO_DECISIVE_EVENT_FORM_CUE,,P6_SCOPE_UNKNOWN,TRUE,,UNIQUE_EXACT_REPORT_LEVEL,306440,NO_EXACT_REPORT_DUPLICATE,PENDING
227464,20220304,1,2278840,militarnyy,https://mil.in.ua/uk/news/poblyzu-aviabazy-gvardijske-v-krymu-stavsya-potuzhnyj-vybuh/,STRATEGIC_AIRBASE,авіабаз,вибух,707777,Hvardiiske,Crimea,Simferopol's'kyi,34.0239,45.11573,REVIEW,REVIEW_DISPUTED_CRIMEA,,,,a_ukr_init_b,,a_ukr_b,0,a_rus_init_b,,a_rus_b,0,,,"Поблизу авіабази “Гвардійське” в Криму стався потужний вибух. Поблизу авіабази """"""""""""""""Гвардійське"""""""""""""""" в окупованому Криму 4 березня стався потужний вибух. Про це повідомляють телеграм-канали з російської пропагандис...",REVIEW_LOCATION_AMBIGUOUS,REVIEW_DISPUTED_CRIMEA,FALSE,CRIMEA_SEVASTOPOL,CRIMEA_TEXT,EVENT_FORM_UNRESOLVED,NO_DECISIVE_EVENT_FORM_CUE,,P4_CRIMEA,TRUE,,UNIQUE_EXACT_REPORT_LEVEL,227464,NO_EXACT_REPORT_DUPLICATE,PENDING
52135,20220304,12,1054920|145037,militarnyy|nv,https://mil.in.ua/uk/news/poblyzu-aviabazy-gvardijske-v-krymu-stavsya-potuzhnyj-vybuh/|https://nv.ua/ukr/ukraine/events/rosiyani-zayavili-pro-raketnu-ataku-na-aviabazu-v-okupovanomu-krimu-shcho-vidomo-50398038.html,STRATEGIC_AIRBASE,Авіабаз|авіабаз,атак|вибух|ракет,693805,Simferopol,Crimea,Simferopol's'ka,34.0994127132379,44.9536335,REVIEW,REVIEW_DISPUTED_CRIMEA,,,,a_ukr_init_b,,a_ukr_b,0,a_rus_init_b,,a_rus_b,0,,,"Поблизу авіабази “Гвардійське” в Криму стався потужний вибух. Поблизу авіабази """"""""""""""""Гвардійське"""""""""""""""" в окупованому Криму 4 березня стався потужний вибух. Про це повідомляють телеграм-канали з російської пропагандис... || Авіабазу росіян в окупованому Криму атакували ракетами: є поранені — росЗМІ",REVIEW_LOCATION_AMBIGUOUS,REVIEW_DISPUTED_CRIMEA,FALSE,CRIMEA_SEVASTOPOL,CRIMEA_TEXT,FRESH_ATTACK_WORDING,FRESH_ATTACK_CUE,,P4_CRIMEA,TRUE,,UNIQUE_EXACT_REPORT_LEVEL,52135,NO_EXACT_REPORT_DUPLICATE,PENDING
221273,20220306,1,1655919,pravdaua,https://www.pravda.com.ua/news/2022/03/6/7328737/,STRATEGIC_AIRBASE,аеродром,атак,707153,Kalinovka,Khmel'nyts'kyy,Khmel'nyts'kyi,26.92966,49.507388,REVIEW,REVIEW_NAME_ONLY_RU_SUPPORT,,,Kalinovka,a_ukr_init_b,,a_ukr_b,0,a_rus_init_b,,a_rus_b,1,,,"Хмельниччина: ворог атакував аеродром у Старокостянтинові, троє поранених.",REVIEW_LOCATION_AMBIGUOUS,REVIEW_NAME_ONLY_RU_SUPPORT,FALSE,UNKNOWN,NO_DECISIVE_SCOPE_TEXT,EVENT_FORM_UNRESOLVED,NO_DECISIVE_EVENT_FORM_CUE,,P6_SCOPE_UNKNOWN,TRUE,,UNIQUE_EXACT_REPORT_LEVEL,221273,NO_EXACT_REPORT_DUPLICATE,PENDING
195030,20220307,1,1638763,liga,https://news.liga.net/incidents/news/vozle-hersona-ukrainskie-voennye-nakryli-aerodrom-unichtojeno-minimum-30-vertoletov-rf,STRATEGIC_AIRBASE,аэродром,уничтож,706448,Kherson,Kherson,Khersons'ka,32.614962,46.640319,REVIEW,REVIEW_NAME_ONLY_RU_SUPPORT,,,Kherson,a_ukr_init_b,,a_ukr_b,1,a_rus_init_b,,a_rus_b,0,украин,,Возле Херсона украинские военные накрыли аэродром: уничтожено минимум 30 вертолетов РФ,REVIEW_LOCATION_AMBIGUOUS,REVIEW_NAME_ONLY_RU_SUPPORT,FALSE,UKRAINE_OCCUPIED_OTHER,OCCUPIED_UA_TEXT,EVENT_FORM_UNRESOLVED,NO_DECISIVE_EVENT_FORM_CUE,,P5_OCCUPIED_UA_OTHER,TRUE,,UNIQUE_EXACT_REPORT_LEVEL,195030,NO_EXACT_REPORT_DUPLICATE,PENDING
195031,20220307,1,3337,24tvua,https://24tv.ua/zsu-nakrili-aerodrom-pid-hersonom-znishheno-30-rosiyskih-vertolotiv_n1894443,STRATEGIC_AIRBASE,аеродром,знищ,706448,Kherson,Kherson,Khersons'ka,32.614962,46.640319,REVIEW,REVIEW_NAME_ONLY_RU_SUPPORT,,,Kherson,a_ukr_init_b,,a_ukr_b,1,a_rus_init_b,,a_rus_b,0,ЗСУ,,ЗСУ накрили аеродром під Херсоном: знищили 30 російських вертольотів,REVIEW_LOCATION_AMBIGUOUS,REVIEW_NAME_ONLY_RU_SUPPORT,FALSE,UKRAINE_OCCUPIED_OTHER,OCCUPIED_UA_TEXT,EVENT_FORM_UNRESOLVED,NO_DECISIVE_EVENT_FORM_CUE,,P5_OCCUPIED_UA_OTHER,TRUE,,UNIQUE_EXACT_REPORT_LEVEL,195031,NO_EXACT_REPORT_DUPLICATE,PENDING
52179,20220307,1,166396,nv,https://nv.ua/ukr/ukraine/events/vibuh-prolunav-na-aerodromi-belbek-shcho-vidomo-novini-ukrajini-50308881.html,STRATEGIC_AIRBASE,аеродром,вибух,693805,Simferopol,Crimea,Simferopol's'ka,34.0994127132379,44.9536335,REVIEW,REVIEW_DISPUTED_CRIMEA,,,,a_ukr_init_b,,a_ukr_b,0,a_rus_init_b,,a_rus_b,0,,,"У Криму пролунав вибух у районі аеродрому Бельбек: гауляйтер Севастополя заявляє, що це «навчання»",REVIEW_LOCATION_AMBIGUOUS,REVIEW_DISPUTED_CRIMEA,FALSE,CRIMEA_SEVASTOPOL,CRIMEA_TEXT,EVENT_FORM_UNRESOLVED,NO_DECISIVE_EVENT_FORM_CUE,EXACT2022-0005,P4_CRIMEA,TRUE,EXACT2022-0005,CANONICAL,52179,EXACT_SOURCE_URL_AND_REPRESENTATIVE_TEXT,PENDING
195042,20220309,4,1070617,nv,https://nv.ua/ukr/ukraine/events/gaubicya-avtivka-ta-sklad-boyepripasiv-z-yavilosya-video-znishchennya-tehniki-rosiji-50399778.html,AMMUNITION_ARSENAL,склад боєприпас,знищ,706448,Kherson,Kherson,Khersons'ka,32.614962,46.640319,REVIEW,REVIEW_NAME_ONLY_RU_SUPPORT,,,Kherson,a_ukr_init_b,,a_ukr_b,0,a_rus_init_b,,a_rus_b,0,,,"Прикордонники знищили російську гаубицю, автівку та склад боєприпасів у Херсонській області - відео",REVIEW_LOCATION_AMBIGUOUS,REVIEW_NAME_ONLY_RU_SUPPORT,FALSE,UKRAINE_OCCUPIED_OTHER,OCCUPIED_UA_TEXT,EVENT_FORM_UNRESOLVED,NO_DECISIVE_EVENT_FORM_CUE,,P5_OCCUPIED_UA_OTHER,TRUE,,UNIQUE_EXACT_REPORT_LEVEL,195042,NO_EXACT_REPORT_DUPLICATE,PENDING
289456,20220309,6,166847,nv,https://nv.ua/ukr/ukraine/events/viyna-rosiji-proti-ukrajini-zsu-vidbili-shturmi-bahmuta-rosiyskimi-viyskami-zvedennya-50309602.html,AMMUNITION_ARSENAL,складах із боєприпас,атак,713174,Bakhmut,Donets'k,Artemivs'ka,38.001988,48.589471,REVIEW,REVIEW_NAME_ONLY_RU_SUPPORT,,,Bakhmut,a_ukr_init_b,,a_ukr_b,0,a_rus_init_b,,a_rus_b,0,Україн,,Захисники України відбили атаки окупантів на Бахмут і вдарили по російських складах із боєприпасами — Генштаб,REVIEW_LOCATION_AMBIGUOUS,REVIEW_NAME_ONLY_RU_SUPPORT,FALSE,UNKNOWN,NO_DECISIVE_SCOPE_TEXT,FRESH_ATTACK_WORDING,FRESH_ATTACK_CUE,,P6_SCOPE_UNKNOWN,TRUE,,UNIQUE_EXACT_REPORT_LEVEL,289456,NO_EXACT_REPORT_DUPLICATE,PENDING
326845,20220311,1,2284932,nv,https://nv.ua/ukr/world/countries/ataka-bpla-na-naftoprovid-druzhba-v-ugorshchini-poskarzhilis-na-zupinku-postachannya-nafti-50496966.html,PIPELINE_PUMPING,нафтопров,удар,9114074,Druzhba,Donets'k,Kostiantynivs'kyi,37.91028,48.41,REVIEW,REVIEW_NAME_ONLY_RU_SUPPORT,,,Druzhba,a_ukr_init_b,0,a_ukr_b,1,a_rus_init_b,0,a_rus_b,0,,,"Сійярто заявив, що постачання нафти до Угорщини припинилося після удару БПЛА по нафтопроводу Дружба",REVIEW_LOCATION_AMBIGUOUS,REVIEW_NAME_ONLY_RU_SUPPORT,FALSE,UNKNOWN,NO_DECISIVE_SCOPE_TEXT,FOLLOWUP_OR_AFTERMATH,FOLLOWUP_CUE_NO_FRESH_VERB,,P6_SCOPE_UNKNOWN,TRUE,,UNIQUE_EXACT_REPORT_LEVEL,326845,NO_EXACT_REPORT_DUPLICATE,PENDING
296793,20220312,1,57824,liveuamap,https://twitter.com/UKRINFORM/status/1502558801387560961,STRATEGIC_AIRBASE,аеродром,ракет,713288,Antonovka,Kirovohrad,Kirovohrads'kyi,32.38684,48.56172,REVIEW,REVIEW_NAME_ONLY_RU_SUPPORT,,,Antonovka,a_ukr_init_b,,a_ukr_b,0,a_rus_init_b,,a_rus_b,0,,,Російський ракетний по аеродрому поблизу Кропивницького сьогодні вранці,REVIEW_LOCATION_AMBIGUOUS,REVIEW_NAME_ONLY_RU_SUPPORT,FALSE,UNKNOWN,NO_DECISIVE_SCOPE_TEXT,EVENT_FORM_UNRESOLVED,NO_DECISIVE_EVENT_FORM_CUE,,P6_SCOPE_UNKNOWN,TRUE,,UNIQUE_EXACT_REPORT_LEVEL,296793,NO_EXACT_REPORT_DUPLICATE,PENDING
195141,20220315,1,167763,nv,https://nv.ua/ukr/ukraine/events/viyna-rosiji-proti-ukrajini-zsu-znishchili-rosiysku-tehniku-v-hersoni-50225327.html,STRATEGIC_AIRBASE,аеродром,знищ,706448,Kherson,Kherson,Khersons'ka,32.614962,46.640319,REVIEW,REVIEW_NAME_ONLY_RU_SUPPORT,,,Kherson,a_ukr_init_b,,a_ukr_b,0,a_rus_init_b,,a_rus_b,1,ЗСУ,,ЗСУ знищили десятки одиниць російської техніки на аеродромі Херсона — Казанський,REVIEW_LOCATION_AMBIGUOUS,REVIEW_NAME_ONLY_RU_SUPPORT,FALSE,UKRAINE_OCCUPIED_OTHER,OCCUPIED_UA_TEXT,EVENT_FORM_UNRESOLVED,NO_DECISIVE_EVENT_FORM_CUE,,P5_OCCUPIED_UA_OTHER,TRUE,,UNIQUE_EXACT_REPORT_LEVEL,195141,NO_EXACT_REPORT_DUPLICATE,PENDING
195142,20220316,7,167825,nv,https://nv.ua/ukr/ukraine/events/zsu-zavdali-udaru-po-zahopleniy-rf-aviabazi-pid-hersonom-foto-novini-ukrajini-50225434.html,STRATEGIC_AIRBASE,авіабаз,Знищ|удар,706448,Kherson,Kherson,Khersons'ka,32.614962,46.640319,REVIEW,REVIEW_NAME_ONLY_RU_SUPPORT,,,Kherson,a_ukr_init_b,,a_ukr_b,0,a_rus_init_b,,a_rus_b,0,,,Знищено вертольоти: з’явилися фото з наслідками удару по захопленій РФ авіабазі під Херсоном,REVIEW_LOCATION_AMBIGUOUS,REVIEW_NAME_ONLY_RU_SUPPORT,FALSE,UKRAINE_OCCUPIED_OTHER,OCCUPIED_UA_TEXT,FOLLOWUP_OR_AFTERMATH,FOLLOWUP_CUE_NO_FRESH_VERB,,P5_OCCUPIED_UA_OTHER,TRUE,,UNIQUE_EXACT_REPORT_LEVEL,195142,NO_EXACT_REPORT_DUPLICATE,PENDING
195148,20220316,1,1638995,liga,https://news.liga.net/politics/photo/vsu-udarili-po-aerodromu-pod-hersonom-sgoreli-rossiyskie-vertolety-foto-so-sputnika,STRATEGIC_AIRBASE,аэродром,удар,706448,Kherson,Kherson,Khersons'ka,32.614962,46.640319,REVIEW,REVIEW_NAME_ONLY_RU_SUPPORT,,,Kherson,a_ukr_init_b,,a_ukr_b,1,a_rus_init_b,,a_rus_b,0,ВСУ,орел,ВСУ ударили по аэродрому под Херсоном: сгорели российские вертолеты – фото со спутника,REVIEW_LOCATION_AMBIGUOUS,REVIEW_NAME_ONLY_RU_SUPPORT,FALSE,CONFLICT_OR_COMPOSITE,OCCUPIED_UA_AND_RUSSIA_TEXT,FRESH_ATTACK_WORDING,FRESH_ATTACK_CUE,,P3_SCOPE_CONFLICT_COMPOSITE,TRUE,,UNIQUE_EXACT_REPORT_LEVEL,195148,NO_EXACT_REPORT_DUPLICATE,PENDING
255412,20220316,11,34046,interfaxua,https://interfax.com.ua/news/general/814562.html,AMMUNITION_ARSENAL,склад боєприпас,знищ,710735,Chernihiv,Chernihiv,Chernihivs'ka,31.298652,51.491007,REVIEW,REVIEW_COORDINATE_NEAR_RU,16.908,491522,Snov,a_ukr_init_b,,a_ukr_b,0,a_rus_init_b,,a_rus_b,0,,,У Чернігівській області вдалося знищити склад боєприпасів і паливозаправники окупантів - Міноборони,REVIEW_LOCATION_AMBIGUOUS,REVIEW_COORDINATE_NEAR_RU,FALSE,UNKNOWN,NO_DECISIVE_SCOPE_TEXT,EVENT_FORM_UNRESOLVED,NO_DECISIVE_EVENT_FORM_CUE,,P6_SCOPE_UNKNOWN,TRUE,,UNIQUE_EXACT_REPORT_LEVEL,255412,NO_EXACT_REPORT_DUPLICATE,PENDING
255414,20220316,1,1638984,liga,https://news.liga.net/politics/news/v-chernigovskoy-oblasti-unichtojeny-sklad-boepripasov-okkupantov-i-bolee-10-mashin-s-toplivom,AMMUNITION_ARSENAL,склад боеприпас,уничтож,710735,Chernihiv,Chernihiv,Chernihivs'ka,31.298652,51.491007,REVIEW,REVIEW_COORDINATE_NEAR_RU,16.908,491522,Snov,a_ukr_init_b,,a_ukr_b,0,a_rus_init_b,,a_rus_b,0,,,В Черниговской области уничтожены склад боеприпасов оккупантов и более 10 машин с топливом,REVIEW_LOCATION_AMBIGUOUS,REVIEW_COORDINATE_NEAR_RU,FALSE,UNKNOWN,NO_DECISIVE_SCOPE_TEXT,EVENT_FORM_UNRESOLVED,NO_DECISIVE_EVENT_FORM_CUE,,P6_SCOPE_UNKNOWN,TRUE,,UNIQUE_EXACT_REPORT_LEVEL,255414,NO_EXACT_REPORT_DUPLICATE,PENDING
195158,20220317,1,1746534,liveuamap,https://twitter.com/Nrg8000/status/1504442492510703620,STRATEGIC_AIRBASE,авіабаз,знищ|пошкодж|удар,706448,Kherson,Kherson,Khersons'ka,32.614962,46.640319,REVIEW,REVIEW_NAME_ONLY_RU_SUPPORT,,,Kherson,a_ukr_init_b,,a_ukr_b,0,a_rus_init_b,,a_rus_b,0,,,"Супутникові знімки, зроблені @Planet 16 березня, дають нам найкраще уявлення про наслідки ударів по Херсонській авіабазі. Він показує, що в атаці було знищено 10 вертольотів, а ще три, ймовірно, непрацездатні від пошкоджень.",REVIEW_LOCATION_AMBIGUOUS,REVIEW_NAME_ONLY_RU_SUPPORT,FALSE,UKRAINE_OCCUPIED_OTHER,OCCUPIED_UA_TEXT,FOLLOWUP_OR_AFTERMATH,FOLLOWUP_CUE_NO_FRESH_VERB,,P5_OCCUPIED_UA_OTHER,TRUE,,UNIQUE_EXACT_REPORT_LEVEL,195158,NO_EXACT_REPORT_DUPLICATE,PENDING
299043,20220317,1,320297,espreso,https://espreso.tv/na-sumshchini-znishchiti-kilka-sau-buk-ta-sklad-boepripasiv-zhivitskiy,AMMUNITION_ARSENAL,склад боєприпас,знищ,805500,Voronyne,Sumy,Bilopils'kyi,34.123755,51.106236,REVIEW,REVIEW_COORDINATE_NEAR_RU,19.395,806795,Stantsiya Tetkino,a_ukr_init_b,,a_ukr_b,0,a_rus_init_b,,a_rus_b,0,,,"На Сумщині знищили кілька САУ, БУК та склад боєприпасів – Живицький",REVIEW_LOCATION_AMBIGUOUS,REVIEW_COORDINATE_NEAR_RU,FALSE,UNKNOWN,NO_DECISIVE_SCOPE_TEXT,EVENT_FORM_UNRESOLVED,NO_DECISIVE_EVENT_FORM_CUE,,P6_SCOPE_UNKNOWN,TRUE,,UNIQUE_EXACT_REPORT_LEVEL,299043,NO_EXACT_REPORT_DUPLICATE,PENDING
195169,20220318,1,1746568,liveuamap,https://twitter.com/UAWeapons/status/1504871492294746117,STRATEGIC_AIRBASE,авіабаз,безпілот|удар,706448,Kherson,Kherson,Khersons'ka,32.614962,46.640319,REVIEW,REVIEW_NAME_ONLY_RU_SUPPORT,,,Kherson,a_ukr_init_b,,a_ukr_b,0,a_rus_init_b,,a_rus_b,0,Україн,,"Новий монтаж кліпів з безпілотників ТБ-2 ВПС України, як спостереження артилерійського обстрілу на Херсонській авіабазі кілька днів тому, так і неуточнені/старіші кадри ударів артилерії та безпілотників по російським конвоям",REVIEW_LOCATION_AMBIGUOUS,REVIEW_NAME_ONLY_RU_SUPPORT,FALSE,UKRAINE_OCCUPIED_OTHER,OCCUPIED_UA_TEXT,EVENT_FORM_UNRESOLVED,NO_DECISIVE_EVENT_FORM_CUE,,P5_OCCUPIED_UA_OTHER,TRUE,,UNIQUE_EXACT_REPORT_LEVEL,195169,NO_EXACT_REPORT_DUPLICATE,PENDING
122093,20220319,2,1695211,unian,https://www.unian.ua/war/u-mariupoli-biyci-azovu-znishchili-skladi-z-boyepripasami-okupantiv-novini-vtorgnennya-rosiji-v-ukrajinu-11750605.html,AMMUNITION_ARSENAL,склади з боєприпас,знищ,701822,Mariupol,Donets'k,Mariupol's'ka,37.54144,47.096703,REVIEW,REVIEW_NAME_ONLY_RU_SUPPORT,,,Mariupol,a_ukr_init_b,,a_ukr_b,1,a_rus_init_b,,a_rus_b,0,,,"У Маріуполі бійці """"Азову"""" знищили склади з боєприпасами окупантів",REVIEW_LOCATION_AMBIGUOUS,REVIEW_NAME_ONLY_RU_SUPPORT,FALSE,UKRAINE_OCCUPIED_OTHER,OCCUPIED_UA_TEXT,EVENT_FORM_UNRESOLVED,NO_DECISIVE_EVENT_FORM_CUE,,P5_OCCUPIED_UA_OTHER,TRUE,,UNIQUE_EXACT_REPORT_LEVEL,122093,NO_EXACT_REPORT_DUPLICATE,PENDING
326848,20220319,1,2292456,militarnyy,https://mil.in.ua/uk/news/spilnota-kiberboroshno-vyyavyla-urazhennya-infrastruktury-naftoprovodu-druzhba-v-rosiyi/,PIPELINE_PUMPING,нафтопров,пошкодж|удар,9114074,Druzhba,Donets'k,Kostiantynivs'kyi,37.91028,48.41,REVIEW,REVIEW_NAME_ONLY_RU_SUPPORT,,,Druzhba,a_ukr_init_b,0,a_ukr_b,1,a_rus_init_b,1,a_rus_b,1,Україн,,"Спільнота “Кіберборошно” виявила ураження інфраструктури нафтопроводу “Дружба” в Росії. Українським ударом була пошкоджена інфраструктура нафтопроводу «Дружба» в Росії.  Спільнота «Кіберборошно» з супутникових знімків виявила, що під...",REVIEW_LOCATION_AMBIGUOUS,REVIEW_NAME_ONLY_RU_SUPPORT,FALSE,UNKNOWN,NO_DECISIVE_SCOPE_TEXT,FOLLOWUP_OR_AFTERMATH,FOLLOWUP_CUE_NO_FRESH_VERB,,P6_SCOPE_UNKNOWN,TRUE,,UNIQUE_EXACT_REPORT_LEVEL,326848,NO_EXACT_REPORT_DUPLICATE,PENDING
60661,20220319,1,320439,espreso,https://zahid.espreso.tv/u-minoboroni-rosii-zayavili-shcho-vpershe-zastosuvali-giperzvukovu-zbroyu-nachebto-dlya-znishchennya-skladu-boepripasiv-na-ivano-frankivshchini,AMMUNITION_ARSENAL,складу боєприпас,знищ,694141,Shevchenkovo,Ivano-Frankivs'k,Halyts'kyi,24.700661,49.131719,REVIEW,REVIEW_NAME_ONLY_RU_SUPPORT,,,Shevchenkovo,a_ukr_init_b,,a_ukr_b,0,a_rus_init_b,,a_rus_b,1,,,"У міноборони Росії заявили, що вперше застосували гіперзвукову зброю - начебто для знищення """"""""складу боєприпасів на Івано-Франківщині""""""""",REVIEW_LOCATION_AMBIGUOUS,REVIEW_NAME_ONLY_RU_SUPPORT,FALSE,UNKNOWN,NO_DECISIVE_SCOPE_TEXT,EVENT_FORM_UNRESOLVED,NO_DECISIVE_EVENT_FORM_CUE,,P6_SCOPE_UNKNOWN,TRUE,,UNIQUE_EXACT_REPORT_LEVEL,60661,NO_EXACT_REPORT_DUPLICATE,PENDING
30720,20220321,1,1625526,meduza,https://t.me/milinfolive/79261,STRATEGIC_AIRBASE,аэродром,удар,689702,Vesely,Donets'k,Kramators'ka,37.626227,48.70484,REVIEW,REVIEW_NAME_ONLY_RU_SUPPORT,,,Vesely,a_ukr_init_b,,a_ukr_b,0,a_rus_init_b,,a_rus_b,0,украин,,"Авиаудар по району аэродрома Краматорска, где находится штаб украинской группировки в Донбассе.",REVIEW_LOCATION_AMBIGUOUS,REVIEW_NAME_ONLY_RU_SUPPORT,FALSE,UNKNOWN,NO_DECISIVE_SCOPE_TEXT,EVENT_FORM_UNRESOLVED,NO_DECISIVE_EVENT_FORM_CUE,,P6_SCOPE_UNKNOWN,TRUE,,UNIQUE_EXACT_REPORT_LEVEL,30720,NO_EXACT_REPORT_DUPLICATE,PENDING
51563,20220322,1,168901,nv,https://nv.ua/ukr/ukraine/events/zvidki-ukrajinski-droni-kamikadze-dosyagnut-do-sevastopolya-viyskoviy-ekspert-50312462.html,PORT_EXPORT_LOGISTICS,Порт,дрон,693709,Skadovsk,,,32.908792,46.11287,REVIEW,REVIEW_DISPUTED_CRIMEA,,,,a_ukr_init_b,,a_ukr_b,0,a_rus_init_b,,a_rus_b,0,,,"Коли звільнимо Скадовськ і Залізний Порт. Фахівець про те, де можна використати морські дрони-камікадзе",REVIEW_LOCATION_AMBIGUOUS,REVIEW_DISPUTED_CRIMEA,FALSE,UNKNOWN,NO_DECISIVE_SCOPE_TEXT,EVENT_FORM_UNRESOLVED,NO_DECISIVE_EVENT_FORM_CUE,,P6_SCOPE_UNKNOWN,TRUE,,UNIQUE_EXACT_REPORT_LEVEL,51563,NO_EXACT_REPORT_DUPLICATE,PENDING
52346,20220322,1,168717,nv,https://nv.ua/ukr/world/geopolitics/viyna-rosiji-proti-ukrajini-rosiyska-aviaciya-vikoristovuye-40-aerodromiv-shemi-50227142.html,STRATEGIC_AIRBASE,аеродром,удар,693805,Simferopol,Crimea,Simferopol's'ka,34.0994127132379,44.9536335,REVIEW,REVIEW_DISPUTED_CRIMEA,,,,a_ukr_init_b,,a_ukr_b,0,a_rus_init_b,,a_rus_b,0,Україн,,"Росія використовує для авіаударів по Україні близько 40 аеродромів, зокрема в Білорусі та Криму — Схеми",REVIEW_LOCATION_AMBIGUOUS,REVIEW_DISPUTED_CRIMEA,FALSE,CRIMEA_SEVASTOPOL,CRIMEA_TEXT,EVENT_FORM_UNRESOLVED,NO_DECISIVE_EVENT_FORM_CUE,,P4_CRIMEA,TRUE,,UNIQUE_EXACT_REPORT_LEVEL,52346,NO_EXACT_REPORT_DUPLICATE,PENDING
52363,20220324,14,1112127|1112143,militarnyy|nv,https://mil.in.ua/uk/news/udarni-drony-atakuvaly-naftobazu-pid-simferopolem/|https://nv.ua/ukr/ukraine/events/krim-24-bereznya-u-selishchi-gvardiyske-gorit-naftobaza-novini-ukrajini-50403841.html,FUEL_STORAGE_TERMINAL,нафтобаз,Удар|атак|вибух|дрон,693805,Simferopol,Crimea,Simferopol's'ka,34.0994127132379,44.9536335,REVIEW,REVIEW_DISPUTED_CRIMEA,,,,a_ukr_init_b,,a_ukr_b,0,a_rus_init_b,,a_rus_b,0,,,"Ударні дрони атакували нафтобазу під Сімферополем. Ударні дрони атакували нафтобазу у населеному пункті Гвардійське під Сімферополем.  Про це повідомляють місцеві жителі.  Удар був завданий по н... || У Криму вночі пролунали вибухи: у районі селища Гвардійське палає нафтобаза",REVIEW_LOCATION_AMBIGUOUS,REVIEW_DISPUTED_CRIMEA,FALSE,CRIMEA_SEVASTOPOL,CRIMEA_TEXT,FRESH_ATTACK_WORDING,FRESH_ATTACK_CUE,,P4_CRIMEA,TRUE,,UNIQUE_EXACT_REPORT_LEVEL,52363,NO_EXACT_REPORT_DUPLICATE,PENDING
62074,20220324,1,1114896,nv,https://nv.ua/ukr/ukraine/events/sevastopol-z-yavilisya-suputnikovi-foto-poshkodzhenogo-vuzla-zv-yazku-chornomorskogo-flotu-rf-50403935.html,MILITARY_COMMS_SPACE,супутникові фото пошкодженого вузла зв,Удар|пошкодж,694423,Sevastopol,Sevastopol',Lenins'kyi,33.5229142,44.6010512,REVIEW,REVIEW_DISPUTED_CRIMEA,,,,a_ukr_init_b,,a_ukr_b,0,a_rus_init_b,,a_rus_b,0,,,Удари по Севастополю: у Мережі з’явилися супутникові фото пошкодженого вузла зв’язку Чорноморського флоту РФ,REVIEW_LOCATION_AMBIGUOUS,REVIEW_DISPUTED_CRIMEA,FALSE,CRIMEA_SEVASTOPOL,CRIMEA_TEXT,FOLLOWUP_OR_AFTERMATH,FOLLOWUP_CUE_NO_FRESH_VERB,,P4_CRIMEA,TRUE,,UNIQUE_EXACT_REPORT_LEVEL,62074,NO_EXACT_REPORT_DUPLICATE,PENDING
52377,20220325,1,2298507,nv,https://nv.ua/ukr/ukraine/events/udari-po-krimu-partizani-pokazali-na-foto-naslidki-dlya-sudnobudivnoji-galuzi-rf-50500579.html,MILITARY_REPAIR_SHIPYARD,суднобуд,удар,693805,Simferopol,Crimea,Simferopol's'ka,34.09941,44.95363,REVIEW,REVIEW_DISPUTED_CRIMEA,,,,a_ukr_init_b,0,a_ukr_b,0,a_rus_init_b,0,a_rus_b,0,,,"«Після ударів Сил оборони». Партизани показали, у якому тепер стані суднобудівна галузь росіян в окупованому Криму — фото",REVIEW_LOCATION_AMBIGUOUS,REVIEW_DISPUTED_CRIMEA,FALSE,CRIMEA_SEVASTOPOL,CRIMEA_TEXT,EVENT_FORM_UNRESOLVED,NO_DECISIVE_EVENT_FORM_CUE,,P4_CRIMEA,TRUE,,UNIQUE_EXACT_REPORT_LEVEL,52377,NO_EXACT_REPORT_DUPLICATE,PENDING
62083,20220326,1,320966,espreso,https://espreso.tv/unaslidok-dvokh-atak-u-lvovi-postrazhdali-naftobaza-y-obekt-oboronnoi-strukturi-v-zhitlovikh-masivakh-raketi-vipustili-z-sevastopolya,FUEL_STORAGE_TERMINAL,нафтобаз,атак,694423,Sevastopol,Sevastopol',Lenins'kyi,33.5229142,44.6010512,REVIEW,REVIEW_DISPUTED_CRIMEA,,,,a_ukr_init_b,,a_ukr_b,0,a_rus_init_b,,a_rus_b,1,,,Унаслідок двох атак у Львові постраждали нафтобаза й об'єкт оборонної структури в житлових масивах. Росіяни стріляли з Севастополя,REVIEW_LOCATION_AMBIGUOUS,REVIEW_DISPUTED_CRIMEA,FALSE,CRIMEA_SEVASTOPOL,CRIMEA_TEXT,EVENT_FORM_UNRESOLVED,NO_DECISIVE_EVENT_FORM_CUE,,P4_CRIMEA,TRUE,,UNIQUE_EXACT_REPORT_LEVEL,62083,NO_EXACT_REPORT_DUPLICATE,PENDING
221308,20220329,1,1657959,pravdaua,https://www.pravda.com.ua/news/2022/03/29/7335551/,STRATEGIC_AIRBASE,аеродром,ракет|удар,707153,Kalinovka,Khmel'nyts'kyy,Khmel'nyts'kyi,26.92966,49.507388,REVIEW,REVIEW_NAME_ONLY_RU_SUPPORT,,,Kalinovka,a_ukr_init_b,,a_ukr_b,0,a_rus_init_b,,a_rus_b,1,,,Росіяни завдали ракетного удару по аеродрому на Хмельниччині.,REVIEW_LOCATION_AMBIGUOUS,REVIEW_NAME_ONLY_RU_SUPPORT,FALSE,UNKNOWN,NO_DECISIVE_SCOPE_TEXT,EVENT_FORM_UNRESOLVED,NO_DECISIVE_EVENT_FORM_CUE,,P6_SCOPE_UNKNOWN,TRUE,,UNIQUE_EXACT_REPORT_LEVEL,221308,NO_EXACT_REPORT_DUPLICATE,PENDING
221309,20220329,1,321141,espreso,https://espreso.tv/rosiya-obstrilyala-aerodrom-na-khmelnichchini-znishcheni-vsi-zapasi-palivno-mastilnikh-materialiv-mer-starokostyantinova,STRATEGIC_AIRBASE,аеродром,знищ,707153,Kalinovka,Khmel'nyts'kyy,Khmel'nyts'kyi,26.92966,49.507388,REVIEW,REVIEW_NAME_ONLY_RU_SUPPORT,,,Kalinovka,a_ukr_init_b,,a_ukr_b,0,a_rus_init_b,,a_rus_b,1,,,"Росія обстріляла аеродром на Хмельниччині, знищені всі запаси паливно-мастильних матеріалів",REVIEW_LOCATION_AMBIGUOUS,REVIEW_NAME_ONLY_RU_SUPPORT,FALSE,UNKNOWN,NO_DECISIVE_SCOPE_TEXT,EVENT_FORM_UNRESOLVED,NO_DECISIVE_EVENT_FORM_CUE,,P6_SCOPE_UNKNOWN,TRUE,,UNIQUE_EXACT_REPORT_LEVEL,221309,NO_EXACT_REPORT_DUPLICATE,PENDING
52417,20220329,22,169966,nv,https://nv.ua/ukr/ukraine/events/vibuh-u-krimu-29-bereznya-foto-i-video-dimu-v-rayoni-aerodromu-gvardiyskogo-novini-ukrajini-50314181.html,STRATEGIC_AIRBASE,аеродром,вибух,693805,Simferopol,Crimea,Simferopol's'ka,34.0994127132379,44.9536335,REVIEW,REVIEW_DISPUTED_CRIMEA,,,,a_ukr_init_b,,a_ukr_b,0,a_rus_init_b,,a_rus_b,0,,,«З боку аеродрому». У Криму під Сімферополем пролунав вибух — відео,REVIEW_LOCATION_AMBIGUOUS,REVIEW_DISPUTED_CRIMEA,FALSE,CRIMEA_SEVASTOPOL,CRIMEA_TEXT,EVENT_FORM_UNRESOLVED,NO_DECISIVE_EVENT_FORM_CUE,,P4_CRIMEA,TRUE,,UNIQUE_EXACT_REPORT_LEVEL,52417,NO_EXACT_REPORT_DUPLICATE,PENDING
231307,20220401,1,59862,liveuamap,https://twitter.com/Novynarnia/status/1509468013971582977,FUEL_STORAGE_TERMINAL,нафтобаз,ракет,709248,Fastiv,Kiev,Fastivs'ka,29.91857,50.0642,REVIEW,REVIEW_NAME_ONLY_RU_SUPPORT,,,Fastiv,a_ukr_init_b,,a_ukr_b,0,a_rus_init_b,,a_rus_b,0,,,Росія ракетами розбомбила нафтобазу у Фастові Київської області,REVIEW_LOCATION_AMBIGUOUS,REVIEW_NAME_ONLY_RU_SUPPORT,FALSE,UNKNOWN,NO_DECISIVE_SCOPE_TEXT,EVENT_FORM_UNRESOLVED,NO_DECISIVE_EVENT_FORM_CUE,EXACT2022-0006,P6_SCOPE_UNKNOWN,TRUE,EXACT2022-0006,CANONICAL,231307,EXACT_SOURCE_URL_AND_REPRESENTATIVE_TEXT,PENDING
81800,20220403,2,152487,ntv,https://www.ntv.ru/novosti/2700046/,STRATEGIC_AIRBASE,аэродром,ракет|уничтож,696643,Poltava,Poltava,Poltavs'ka,34.551245,49.589531,REVIEW,REVIEW_NAME_ONLY_RU_SUPPORT,,,Poltava,a_ukr_init_b,,a_ukr_b,0,a_rus_init_b,,a_rus_b,0,ВСУ,,"Минобороны РФ сообщило об уничтожении двух аэродромов ВСУ — Специальная военная операция России ВС РФ высокоточными ракетами воздушного базирования вывели из строя два военных аэродрома ВСУ в Полтаве и Днепропетровске, сообщил официальный представитель Минобороны России Игорь Конашенков.",REVIEW_LOCATION_AMBIGUOUS,REVIEW_NAME_ONLY_RU_SUPPORT,FALSE,UNKNOWN,NO_DECISIVE_SCOPE_TEXT,EVENT_FORM_UNRESOLVED,NO_DECISIVE_EVENT_FORM_CUE,,P6_SCOPE_UNKNOWN,TRUE,,UNIQUE_EXACT_REPORT_LEVEL,81800,NO_EXACT_REPORT_DUPLICATE,PENDING
81801,20220403,1,8625,24tvua,https://24tv.ua/vognebortsi-lishe-zaraz-zmogli-zagasiti-pozhezhu-kremenchutskiy_n1935601,FUEL_STORAGE_TERMINAL,нафтобаз,пожеж,696643,Poltava,Poltava,Poltavs'ka,34.551245,49.589531,REVIEW,REVIEW_NAME_ONLY_RU_SUPPORT,,,Poltava,a_ukr_init_b,,a_ukr_b,0,a_rus_init_b,,a_rus_b,0,,,Вогнеборці лише зараз змогли загасити пожежу нафтобази на Полтавщині,REVIEW_LOCATION_AMBIGUOUS,REVIEW_NAME_ONLY_RU_SUPPORT,FALSE,UNKNOWN,NO_DECISIVE_SCOPE_TEXT,EVENT_FORM_UNRESOLVED,NO_DECISIVE_EVENT_FORM_CUE,,P6_SCOPE_UNKNOWN,TRUE,,UNIQUE_EXACT_REPORT_LEVEL,81801,NO_EXACT_REPORT_DUPLICATE,PENDING
81802,20220403,1,60084,liveuamap,https://t.me/bbbreaking/121654,REFINING_PETROCHEM_GAS|STRATEGIC_AIRBASE,НПЗ|аеродром,атак,696643,Poltava,Poltava,Poltavs'ka,34.551245,49.589531,REVIEW,REVIEW_NAME_ONLY_RU_SUPPORT,,,Poltava,a_ukr_init_b,,a_ukr_b,0,a_rus_init_b,,a_rus_b,0,,,"Міноборони РФ заявляє про атаки на НПЗ у Кременчуці, аеродроми в Дніпрі та Полтаві",REVIEW_LOCATION_AMBIGUOUS,REVIEW_NAME_ONLY_RU_SUPPORT,FALSE,UNKNOWN,NO_DECISIVE_SCOPE_TEXT,EVENT_FORM_UNRESOLVED,NO_DECISIVE_EVENT_FORM_CUE,EXACT2022-0007,P6_SCOPE_UNKNOWN,TRUE,EXACT2022-0007,CANONICAL,81802,EXACT_SOURCE_URL_AND_REPRESENTATIVE_TEXT,PENDING
122682,20220406,1,1658672,pravdaua,https://www.pravda.com.ua/news/2022/04/6/7337628/,AMMUNITION_ARSENAL,склад боєприпас,знищ,701822,Mariupol,Donets'k,Mariupol's'ka,37.54144,47.096703,REVIEW,REVIEW_NAME_ONLY_RU_SUPPORT,,,Mariupol,a_ukr_init_b,,a_ukr_b,0,a_rus_init_b,,a_rus_b,0,,,"Маріуполь: бійці """"Азова"""" пошкодили 2 танки РФ, знищили склад боєприпасів і піхоту.",REVIEW_LOCATION_AMBIGUOUS,REVIEW_NAME_ONLY_RU_SUPPORT,FALSE,UKRAINE_OCCUPIED_OTHER,OCCUPIED_UA_TEXT,EVENT_FORM_UNRESOLVED,NO_DECISIVE_EVENT_FORM_CUE,,P5_OCCUPIED_UA_OTHER,TRUE,,UNIQUE_EXACT_REPORT_LEVEL,122682,NO_EXACT_REPORT_DUPLICATE,PENDING
122701,20220406,1,1696753,unian,https://www.unian.ua/war/viyna-z-rosiyeyu-za-dobu-polk-azov-u-mariupoli-znishchiv-sklad-z-boyepripasami-voroga-i-pidbiv-2-tanki-novini-vtorgnennya-rosiji-v-ukrajinu-11775676.html,AMMUNITION_ARSENAL,склад з боєприпас,знищ,701822,Mariupol,Donets'k,Mariupol's'ka,37.54144,47.096703,REVIEW,REVIEW_NAME_ONLY_RU_SUPPORT,,,Mariupol,a_ukr_init_b,,a_ukr_b,1,a_rus_init_b,,a_rus_b,0,,,"За добу полк """"Азов"""" у Маріуполі знищив склад з боєприпасами ворога і підбив 2 танки",REVIEW_LOCATION_AMBIGUOUS,REVIEW_NAME_ONLY_RU_SUPPORT,FALSE,UKRAINE_OCCUPIED_OTHER,OCCUPIED_UA_TEXT,EVENT_FORM_UNRESOLVED,NO_DECISIVE_EVENT_FORM_CUE,,P5_OCCUPIED_UA_OTHER,TRUE,,UNIQUE_EXACT_REPORT_LEVEL,122701,NO_EXACT_REPORT_DUPLICATE,PENDING
122703,20220406,1,321703,espreso,https://espreso.tv/za-dobu-polk-azov-u-mariupoli-poshkodiv-2-tanki-znishchiv-sklad-boepripasiv-ta-bagato-vorozhoi-pikhoti-rf,AMMUNITION_ARSENAL,склад боєприпас,знищ,701822,Mariupol,Donets'k,Mariupol's'ka,37.54144,47.096703,REVIEW,REVIEW_NAME_ONLY_RU_SUPPORT,,,Mariupol,a_ukr_init_b,,a_ukr_b,1,a_rus_init_b,,a_rus_b,0,,,"За добу полк """"""""Азов"""""""" у Маріуполі пошкодив 2 танки, знищив склад боєприпасів та багато ворожої піхоти РФ",REVIEW_LOCATION_AMBIGUOUS,REVIEW_NAME_ONLY_RU_SUPPORT,FALSE,UKRAINE_OCCUPIED_OTHER,OCCUPIED_UA_TEXT,EVENT_FORM_UNRESOLVED,NO_DECISIVE_EVENT_FORM_CUE,,P5_OCCUPIED_UA_OTHER,TRUE,,UNIQUE_EXACT_REPORT_LEVEL,122703,NO_EXACT_REPORT_DUPLICATE,PENDING
102386,20220409,1,149182,ng,https://www.ng.ru/news/736439.html,AMMUNITION_ARSENAL,склад боеприпас,уничтож,699445,Novomoskovsk,Dnipropetrovs'k,Novomoskovs'kyi,35.2588714,48.6379626,REVIEW,REVIEW_NAME_ONLY_RU_SUPPORT,,,Novomoskovsk,a_ukr_init_b,,a_ukr_b,0,a_rus_init_b,,a_rus_b,0,ВСУ,,ВС РФ уничтожили крупный склад боеприпасов ВСУ около Новомосковска,REVIEW_LOCATION_AMBIGUOUS,REVIEW_NAME_ONLY_RU_SUPPORT,FALSE,UNKNOWN,NO_DECISIVE_SCOPE_TEXT,EVENT_FORM_UNRESOLVED,NO_DECISIVE_EVENT_FORM_CUE,,P6_SCOPE_UNKNOWN,TRUE,,UNIQUE_EXACT_REPORT_LEVEL,102386,NO_EXACT_REPORT_DUPLICATE,PENDING
195449,20220410,1,1625838,meduza,https://twitter.com/ThomasVLinge/status/1514362168237596675,STRATEGIC_AIRBASE,авиабаз,взрыв,706448,Kherson,Kherson,Khersons'ka,32.614962,46.640319,REVIEW,REVIEW_NAME_ONLY_RU_SUPPORT,,,Kherson,a_ukr_init_b,,a_ukr_b,1,a_rus_init_b,,a_rus_b,0,украин,твер,"Ночные взрывы на авиабазе Чернобаевка под Херсоном. Как утверждается, украинские силы обстреливают полосу, которая была превращена в базу российских военных сил.",REVIEW_LOCATION_AMBIGUOUS,REVIEW_NAME_ONLY_RU_SUPPORT,FALSE,CONFLICT_OR_COMPOSITE,OCCUPIED_UA_AND_RUSSIA_TEXT,EVENT_FORM_UNRESOLVED,NO_DECISIVE_EVENT_FORM_CUE,EXACT2022-0008,P3_SCOPE_CONFLICT_COMPOSITE,TRUE,EXACT2022-0008,CANONICAL,195449,EXACT_SOURCE_URL_AND_REPRESENTATIVE_TEXT,PENDING
252282,20220411,1,1748985,liveuamap,https://t.me/bbbreaking/122347,STRATEGIC_AIRBASE,авіабаз,знищ,710374,Chuhuiv,Kharkiv,Chuhu‹vs'kyi,36.679453,49.835274,REVIEW,REVIEW_COORDINATE_NEAR_RU,6.307,479565,Uda,a_ukr_init_b,,a_ukr_b,0,a_rus_init_b,,a_rus_b,1,,,Міністерство оборони Росії заявляє про знищення ЗРК С-300 на авіабазі Чугуїв та Старобогданівці Миколаївської області. Також заявили про знищення бази Нацгвардії у Звонецькому Дніпропетровської області,REVIEW_LOCATION_AMBIGUOUS,REVIEW_COORDINATE_NEAR_RU,FALSE,UNKNOWN,NO_DECISIVE_SCOPE_TEXT,EVENT_FORM_UNRESOLVED,NO_DECISIVE_EVENT_FORM_CUE,,P6_SCOPE_UNKNOWN,TRUE,,UNIQUE_EXACT_REPORT_LEVEL,252282,NO_EXACT_REPORT_DUPLICATE,PENDING
232716,20220417,7,1174818|1177315|1177329|1177332|1177336|1177354,militarnyy|nv,https://mil.in.ua/uk/news/u-dzhankoyi-bilya-vijskovogo-aerodromu-urazyly-ob-yekty-rf/|https://nv.ua/ukr/ukraine/events/dzhankoy-17-kvitnya-pislya-vibuhiv-na-aerodromi-ye-zagibli-zmi-50410709.html|https://nv.ua/ukr/ukraine/events/dzhankoy-vibuhi-chim-atakuvali-aerodrom-i-chi-vikoristovuvali-atacms-katkov-novini-ukrajini-50410729.html|https://nv.ua/ukr/ukraine/events/dzhankoy-vibuhi-na-aerodromi-chi-buli-tam-raketi-cirkon-grabskiy-novini-ukrajini-50410703.html|https://nv.ua/ukr/world/geopolitics/vibuhi-v-dzhankoji-17-kvitnya-foto-video-pozhezhi-na-aerodromi-novini-ukrajini-50410659.html|https://nv.ua/ukr/world/geopolitics/vibuhi-v-dzhankoji-17-kvitnya-novini-ukrajini-50410659.html,STRATEGIC_AIRBASE,аеродром,Вибух|Удар|атак|вибух|знищ|ракет|удар,709334,Dzhankoi,Crimea,Dzhankois'kyi,34.392872,45.713348,REVIEW,REVIEW_DISPUTED_CRIMEA,,,,a_ukr_init_b,,a_ukr_b,0,a_rus_init_b,,a_rus_b,0,,,"У Джанкої пролунали вибухи біля аеродрому || У Джанкої у районі військового аеродрому уразили об’єкти РФ. У районі військового аеродрому окупантів у Джанкої ракети уразили російські об'єкти.  Потужні удари біля кримського аеродрому сталися в ніч проти... || «Серйозна моральна травма для окупантів». Чому удар по аеродрому в Джанкої важливий і чи були там Циркони — Грабський",REVIEW_LOCATION_AMBIGUOUS,REVIEW_DISPUTED_CRIMEA,FALSE,CRIMEA_SEVASTOPOL,CRIMEA_TEXT,FRESH_ATTACK_WORDING,FRESH_ATTACK_CUE,,P4_CRIMEA,TRUE,,UNIQUE_EXACT_REPORT_LEVEL,232716,NO_EXACT_REPORT_DUPLICATE,PENDING
232717,20220417,1,1177381,nv,https://nv.ua/ukr/ukraine/politics/vibuhi-v-dzhankoji-zelenskiy-prokomentuvav-ataku-zsu-po-aerodromu-okupantiv-novini-ukrajini-50410980.html,STRATEGIC_AIRBASE,аеродром,атак|удар,709334,Dzhankoi,Crimea,Dzhankois'kyi,34.392872,45.713348,REVIEW,REVIEW_DISPUTED_CRIMEA,,,,a_ukr_init_b,,a_ukr_b,0,a_rus_init_b,,a_rus_b,0,ЗСУ,,«Правильний удар». Зеленський прокоментував атаку ЗСУ на аеродром окупантів у Джанкої,REVIEW_LOCATION_AMBIGUOUS,REVIEW_DISPUTED_CRIMEA,FALSE,CRIMEA_SEVASTOPOL,CRIMEA_TEXT,EVENT_FORM_UNRESOLVED,NO_DECISIVE_EVENT_FORM_CUE,,P4_CRIMEA,TRUE,,UNIQUE_EXACT_REPORT_LEVEL,232717,NO_EXACT_REPORT_DUPLICATE,PENDING
255815,20220417,17,1177380,nv,https://nv.ua/ukr/opinion/ukrajini-potribno-zahistiti-nebo-dlya-f-16-yakovina-rozpoviv-pro-metu-udaru-rf-po-chernigovu-50410932.html,STRATEGIC_AIRBASE,аеродром,удар,710735,Chernihiv,Chernihiv,Chernihivs'ka,31.298652,51.491007,REVIEW,REVIEW_COORDINATE_NEAR_RU,16.908,491522,Snov,a_ukr_init_b,,a_ukr_b,0,a_rus_init_b,,a_rus_b,0,,,Яковина: Терор у Чернігові та удари по аеродрому Джанкоя. Порівняємо наслідки,REVIEW_LOCATION_AMBIGUOUS,REVIEW_COORDINATE_NEAR_RU,FALSE,CRIMEA_SEVASTOPOL,CRIMEA_TEXT,FOLLOWUP_OR_AFTERMATH,FOLLOWUP_CUE_NO_FRESH_VERB,,P4_CRIMEA,TRUE,,UNIQUE_EXACT_REPORT_LEVEL,255815,NO_EXACT_REPORT_DUPLICATE,PENDING
52609,20220417,1,1177317,militarnyy,https://mil.in.ua/uk/news/syly-oborony-raketnym-udarom-znyshhyly-puskovi-ustanovky-ta-rls-s-400-u-krymu/,STRATEGIC_AIRBASE,аеродром,знищ|ракет|удар,693805,Simferopol,Crimea,Simferopol's'ka,34.0994127132379,44.9536335,REVIEW,REVIEW_DISPUTED_CRIMEA,,,,a_ukr_init_b,,a_ukr_b,0,a_rus_init_b,,a_rus_b,0,Сили оборон,,Сили оборони ракетним ударом знищили пускові установки та РЛС С-400 у Криму. Уночі 17 квітня було завдано удару по військовому аеродрому 39-го гелікоптерного полку 4-ї гвардійської армії ВПС і ППО біля міста Джанкой у тимчас...,REVIEW_LOCATION_AMBIGUOUS,REVIEW_DISPUTED_CRIMEA,FALSE,CRIMEA_SEVASTOPOL,CRIMEA_TEXT,EVENT_FORM_UNRESOLVED,NO_DECISIVE_EVENT_FORM_CUE,,P4_CRIMEA,TRUE,,UNIQUE_EXACT_REPORT_LEVEL,52609,NO_EXACT_REPORT_DUPLICATE,PENDING
232718,20220418,2,1179902|1179917,nv,https://nv.ua/ukr/ukraine/events/dzhankoy-u-gur-rozpovili-pro-vtrati-rosiyan-pislya-ataki-na-aerodrom-novini-ukrajini-50411129.html|https://nv.ua/ukr/ukraine/events/udari-po-aerodromu-v-dzhankoji-genshtab-pokazav-video-puskiv-50411207.html,STRATEGIC_AIRBASE,аеродром,Удар|атак,709334,Dzhankoi,Crimea,Dzhankois'kyi,34.392872,45.713348,REVIEW,REVIEW_DISPUTED_CRIMEA,,,,a_ukr_init_b,,a_ukr_b,0,a_rus_init_b,,a_rus_b,0,,,Чотири установки С-400 та три РЛС. ГУР назвало втрати окупантів після атаки на аеродром у Джанкої || Удари по аеродрому в Джанкої: Генштаб показав відео пусків,REVIEW_LOCATION_AMBIGUOUS,REVIEW_DISPUTED_CRIMEA,FALSE,CRIMEA_SEVASTOPOL,CRIMEA_TEXT,FOLLOWUP_OR_AFTERMATH,FOLLOWUP_CUE_NO_FRESH_VERB,,P4_CRIMEA,TRUE,,UNIQUE_EXACT_REPORT_LEVEL,232718,NO_EXACT_REPORT_DUPLICATE,PENDING
232719,20220418,1,1179895,nv,https://nv.ua/ukr/ukraine/events/dzhankoy-yusov-rozkriv-detali-ataki-na-rosiyskiy-aerodrom-novini-ukrajini-50411046.html,STRATEGIC_AIRBASE,аеродром,атак,709334,Dzhankoi,Crimea,Dzhankois'kyi,34.392872,45.713348,REVIEW,REVIEW_DISPUTED_CRIMEA,,,,a_ukr_init_b,,a_ukr_b,0,a_rus_init_b,,a_rus_b,0,,,"Пускові установки, РЛС та літаки. Юсов розкрив деталі атаки на аеродром окупантів у Джанкої",REVIEW_LOCATION_AMBIGUOUS,REVIEW_DISPUTED_CRIMEA,FALSE,CRIMEA_SEVASTOPOL,CRIMEA_TEXT,EVENT_FORM_UNRESOLVED,NO_DECISIVE_EVENT_FORM_CUE,,P4_CRIMEA,TRUE,,UNIQUE_EXACT_REPORT_LEVEL,232719,NO_EXACT_REPORT_DUPLICATE,PENDING
232720,20220418,2,1179887|1179899,nv,https://nv.ua/ukr/ukraine/events/dzhankoy-rosiya-hovaye-litaki-ta-gelikopteri-v-inshih-miscyah-pislya-udaru-zsu-50411010.html|https://nv.ua/ukr/ukraine/events/udar-po-aerodromu-v-dzhankoji-yak-ce-dopomozhe-zsu-znishchiti-krimskiy-mist-popovich-novini-ukrajini-50411085.html,STRATEGIC_AIRBASE,аеродром,Удар,709334,Dzhankoi,Crimea,Dzhankois'kyi,34.392872,45.713348,REVIEW,REVIEW_DISPUTED_CRIMEA,,,,a_ukr_init_b,,a_ukr_b,0,a_rus_init_b,,a_rus_b,1,ЗСУ,,Удар по Джанкою: російські окупанти перемістили уцілілі літаки та гелікоптери на інший аеродром — Братчук || «Перша серія операції». Удари по аеродрому в Джанкої створили «діру» в системі ППО ворога. Як далі діятимуть ЗСУ — Попович,REVIEW_LOCATION_AMBIGUOUS,REVIEW_DISPUTED_CRIMEA,FALSE,CRIMEA_SEVASTOPOL,CRIMEA_TEXT,EVENT_FORM_UNRESOLVED,NO_DECISIVE_EVENT_FORM_CUE,,P4_CRIMEA,TRUE,,UNIQUE_EXACT_REPORT_LEVEL,232720,NO_EXACT_REPORT_DUPLICATE,PENDING
232721,20220419,1,1182490,nv,https://nv.ua/ukr/ukraine/events/aerodrom-u-dzhankoji-z-yavilisya-suputnikovi-foto-pislya-vibuhiv-17-kvitnya-novini-ukrajini-50411537.html,STRATEGIC_AIRBASE,аеродром,Удар,709334,Dzhankoi,Crimea,Dzhankois'kyi,34.392872,45.713348,REVIEW,REVIEW_DISPUTED_CRIMEA,,,,a_ukr_init_b,,a_ukr_b,0,a_rus_init_b,,a_rus_b,0,,,Удар по аеродрому в Джанкої: з’явилися перші супутникові знімки,REVIEW_LOCATION_AMBIGUOUS,REVIEW_DISPUTED_CRIMEA,FALSE,CRIMEA_SEVASTOPOL,CRIMEA_TEXT,FOLLOWUP_OR_AFTERMATH,FOLLOWUP_CUE_NO_FRESH_VERB,,P4_CRIMEA,TRUE,,UNIQUE_EXACT_REPORT_LEVEL,232721,NO_EXACT_REPORT_DUPLICATE,PENDING
52635,20220419,1,1182448,militarnyy,https://mil.in.ua/uk/news/z-yavylysya-suputnykovi-znimky-znyshhenyh-elementiv-s-400-u-krymu/,STRATEGIC_AIRBASE,аеродром,знищ,693805,Simferopol,Crimea,Simferopol's'ka,34.0994127132379,44.9536335,REVIEW,REVIEW_DISPUTED_CRIMEA,,,,a_ukr_init_b,,a_ukr_b,0,a_rus_init_b,,a_rus_b,0,,,"З’явилися супутникові знімки знищених елементів С-400 у Криму. З'явилися супутникові знімки позиції російської системи протиповітряної оборони С-400 та аеродрому у Джанкої.  Відповідні знімки оприлюднив проєк...",REVIEW_LOCATION_AMBIGUOUS,REVIEW_DISPUTED_CRIMEA,FALSE,CRIMEA_SEVASTOPOL,CRIMEA_TEXT,FOLLOWUP_OR_AFTERMATH,FOLLOWUP_CUE_NO_FRESH_VERB,EXACT2022-0009,P4_CRIMEA,TRUE,EXACT2022-0009,CANONICAL,52635,EXACT_SOURCE_URL_AND_REPRESENTATIVE_TEXT,PENDING
289654,20220425,4,174105,nv,https://nv.ua/ukr/ukraine/events/u-bahmuti-za-dobu-znishchili-bagato-okupantiv-ta-skladiv-z-boyepripasami-50320100.html,AMMUNITION_ARSENAL,склади боєприпас,знищ,713174,Bakhmut,Donets'k,Artemivs'ka,38.001988,48.589471,REVIEW,REVIEW_NAME_ONLY_RU_SUPPORT,,,Bakhmut,a_ukr_init_b,,a_ukr_b,0,a_rus_init_b,,a_rus_b,0,Сили оборон,,У Бахмуті за добу Сили оборони знищили 175 окупантів і чотири склади боєприпасів,REVIEW_LOCATION_AMBIGUOUS,REVIEW_NAME_ONLY_RU_SUPPORT,FALSE,UNKNOWN,NO_DECISIVE_SCOPE_TEXT,EVENT_FORM_UNRESOLVED,NO_DECISIVE_EVENT_FORM_CUE,,P6_SCOPE_UNKNOWN,TRUE,,UNIQUE_EXACT_REPORT_LEVEL,289654,NO_EXACT_REPORT_DUPLICATE,PENDING
195637,20220426,3,174216,nv,https://nv.ua/ukr/ukraine/events/pid-hersonom-viyskovi-znishchili-desyatki-okupantiv-i-sklad-z-boyepripasami-novini-ukrajini-50236892.html,AMMUNITION_ARSENAL,склад з боєприпас,знищ,706448,Kherson,Kherson,Khersons'ka,32.614962,46.640319,REVIEW,REVIEW_NAME_ONLY_RU_SUPPORT,,,Kherson,a_ukr_init_b,,a_ukr_b,0,a_rus_init_b,,a_rus_b,0,Україн,,Українські військові знищили десятки окупантів і склад з боєприпасами під Херсоном,REVIEW_LOCATION_AMBIGUOUS,REVIEW_NAME_ONLY_RU_SUPPORT,FALSE,UKRAINE_OCCUPIED_OTHER,OCCUPIED_UA_TEXT,EVENT_FORM_UNRESOLVED,NO_DECISIVE_EVENT_FORM_CUE,,P5_OCCUPIED_UA_OTHER,TRUE,,UNIQUE_EXACT_REPORT_LEVEL,195637,NO_EXACT_REPORT_DUPLICATE,PENDING
195646,20220426,1,1660252,pravdaua,https://www.pravda.com.ua/news/2022/04/26/7342105/,AMMUNITION_ARSENAL,склад з боєприпасами. У районі Великої Олександрівки Херсонської області українські військові знищили склад з боєприпас,знищ,706448,Kherson,Kherson,Khersons'ka,32.614962,46.640319,REVIEW,REVIEW_NAME_ONLY_RU_SUPPORT,,,Kherson,a_ukr_init_b,,a_ukr_b,1,a_rus_init_b,,a_rus_b,0,ЗСУ|україн,,Зведення Генштабу: На Херсонщині ЗСУ знищили 70 окупантів і склад з боєприпасами. У районі Великої Олександрівки Херсонської області українські військові знищили склад з боєприпасами та вбили 70 росіян (точна кількість загиблих уточнюється).,REVIEW_LOCATION_AMBIGUOUS,REVIEW_NAME_ONLY_RU_SUPPORT,FALSE,UKRAINE_OCCUPIED_OTHER,OCCUPIED_UA_TEXT,EVENT_FORM_UNRESOLVED,NO_DECISIVE_EVENT_FORM_CUE,,P5_OCCUPIED_UA_OTHER,TRUE,,UNIQUE_EXACT_REPORT_LEVEL,195646,NO_EXACT_REPORT_DUPLICATE,PENDING
220382,20220426,1,62929,liveuamap,https://t.me/hromadske_ua/20739,REFINING_PETROCHEM_GAS,НПЗ,ракет,706920,Kamyshi,Poltava,Kremenchuts'kyi,33.45933,49.17574,REVIEW,REVIEW_NAME_ONLY_RU_SUPPORT,,,Kamyshi,a_ukr_init_b,,a_ukr_b,0,a_rus_init_b,,a_rus_b,0,,,"Вчора 9 російських ракет вдарили по НПЗ і електростанції в Кременчуці. 1 людина загинула, 7 поранено",REVIEW_LOCATION_AMBIGUOUS,REVIEW_NAME_ONLY_RU_SUPPORT,FALSE,UNKNOWN,NO_DECISIVE_SCOPE_TEXT,FRESH_ATTACK_WORDING,FRESH_ATTACK_CUE,,P6_SCOPE_UNKNOWN,TRUE,,UNIQUE_EXACT_REPORT_LEVEL,220382,NO_EXACT_REPORT_DUPLICATE,PENDING
195652,20220427,16,174325,nv,https://nv.ua/ukr/ukraine/events/viyna-rosiji-proti-ukrajini-na-hersonshchini-znishchili-70-okupantiv-novini-ukrajini-50237150.html,AMMUNITION_ARSENAL,склад боєприпас,знищ,706448,Kherson,Kherson,Khersons'ka,32.614962,46.640319,REVIEW,REVIEW_NAME_ONLY_RU_SUPPORT,,,Kherson,a_ukr_init_b,,a_ukr_b,0,a_rus_init_b,,a_rus_b,0,,,У Херсонській області знищили 70 окупантів та склад боєприпасів — Вілкул,REVIEW_LOCATION_AMBIGUOUS,REVIEW_NAME_ONLY_RU_SUPPORT,FALSE,UKRAINE_OCCUPIED_OTHER,OCCUPIED_UA_TEXT,EVENT_FORM_UNRESOLVED,NO_DECISIVE_EVENT_FORM_CUE,,P5_OCCUPIED_UA_OTHER,TRUE,,UNIQUE_EXACT_REPORT_LEVEL,195652,NO_EXACT_REPORT_DUPLICATE,PENDING
195653,20220427,1,174326,nv,https://nv.ua/ukr/ukraine/events/viyna-rosiji-proti-ukrajini-na-hersonshchini-znishchili-70-okupantiv-novini-ukrajini-50237150.html,AMMUNITION_ARSENAL,склад боєприпас,знищ,706448,Kherson,Kherson,Khersons'ka,32.614962,46.640319,REVIEW,REVIEW_NAME_ONLY_RU_SUPPORT,,,Kherson,a_ukr_init_b,,a_ukr_b,0,a_rus_init_b,,a_rus_b,0,,,У Херсонській області знищили 70 окупантів і склад боєприпасів — Вілкул,REVIEW_LOCATION_AMBIGUOUS,REVIEW_NAME_ONLY_RU_SUPPORT,FALSE,UKRAINE_OCCUPIED_OTHER,OCCUPIED_UA_TEXT,EVENT_FORM_UNRESOLVED,NO_DECISIVE_EVENT_FORM_CUE,,P5_OCCUPIED_UA_OTHER,TRUE,,UNIQUE_EXACT_REPORT_LEVEL,195653,NO_EXACT_REPORT_DUPLICATE,PENDING
235885,20220429,14,153568|174746|252189|252227,ntv|nv|ria,https://nv.ua/ukr/ukraine/events/u-donecku-pozhezha-na-naftobazi-video-novini-ukrajini-50237866.html|https://ria.ru/20220429/obstrel-1786061522.html|https://ria.ru/20220429/pozhar-1786167030.html|https://www.ntv.ru/novosti/2703782/,FUEL_STORAGE_TERMINAL,нафтобаз|нефтебаз,Пожар|поврежд|пожеж,709717,Donetsk,Donets'k,Donets'ka,37.80285,48.015884,REVIEW,REVIEW_NAME_ONLY_RU_SUPPORT,,,Donetsk,a_ukr_init_b,,a_ukr_b,0,a_rus_init_b,,a_rus_b,0,ВСУ,,"Власти ДНР: нефтебаза в Донецке повреждена в результате обстрела со стороны ВСУ — Специальная военная операция России Власти ДНР сообщили, что сегодня утром ВСУ дважды обстреляли Донецк из тяжелых орудий. || «Хто ж це зробив?»: у Донецьку на нафтобазі окупантів сталася масштабна пожежа — відео || В Донецке в результате обстрела ВСУ повреждена нефтебаза",REVIEW_LOCATION_AMBIGUOUS,REVIEW_NAME_ONLY_RU_SUPPORT,FALSE,UKRAINE_OCCUPIED_OTHER,OCCUPIED_UA_TEXT,EVENT_FORM_UNRESOLVED,NO_DECISIVE_EVENT_FORM_CUE,,P5_OCCUPIED_UA_OTHER,TRUE,,UNIQUE_EXACT_REPORT_LEVEL,235885,NO_EXACT_REPORT_DUPLICATE,PENDING
235891,20220429,1,153567,ntv,https://www.ntv.ru/video/click2110424/,FUEL_STORAGE_TERMINAL,нефтебаз,поврежд,709717,Donetsk,Donets'k,Donets'ka,37.80285,48.015884,REVIEW,REVIEW_NAME_ONLY_RU_SUPPORT,,,Donetsk,a_ukr_init_b,,a_ukr_b,0,a_rus_init_b,,a_rus_b,0,ВСУ,,Власти ДНР: нефтебаза в Донецке повреждена в результате обстрела со стороны ВСУ 16+ — Специальная военная операция России,REVIEW_LOCATION_AMBIGUOUS,REVIEW_NAME_ONLY_RU_SUPPORT,FALSE,UKRAINE_OCCUPIED_OTHER,OCCUPIED_UA_TEXT,EVENT_FORM_UNRESOLVED,NO_DECISIVE_EVENT_FORM_CUE,,P5_OCCUPIED_UA_OTHER,TRUE,,UNIQUE_EXACT_REPORT_LEVEL,235891,NO_EXACT_REPORT_DUPLICATE,PENDING
62143,20220429,9,145388|145390,militarnyy,https://mil.in.ua/uk/news/bezpilotnyk-pidirvav-naftobazu-u-sevastopoli/,FUEL_STORAGE_TERMINAL,нафтобаз,Безпілот|пожеж,694423,Sevastopol,Sevastopol',Lenins'kyi,33.5229142,44.6010512,REVIEW,REVIEW_DISPUTED_CRIMEA,,,,a_ukr_init_b,,a_ukr_b,0,a_rus_init_b,,a_rus_b,0,україн,,"Безпілотник підірвав нафтобазу у Севастополі. В окупованому Севастополі горить нафтобаза біля Козачої бухти. За оцінками окупаційної адміністрації українського міста площа пожежі - 1000 кв. ... || Безпілотник підірвав нафтобазу у Севастополі. В окупованому Севастополі горить нафтобаза біля Козачої бухти. За оцінками окупаційної адміністрації українського міста, площа пожежі - 1000 кв....",REVIEW_LOCATION_AMBIGUOUS,REVIEW_DISPUTED_CRIMEA,FALSE,CRIMEA_SEVASTOPOL,CRIMEA_TEXT,EVENT_FORM_UNRESOLVED,NO_DECISIVE_EVENT_FORM_CUE,,P4_CRIMEA,TRUE,,UNIQUE_EXACT_REPORT_LEVEL,62143,NO_EXACT_REPORT_DUPLICATE,PENDING
232724,20220430,1,1210208,nv,https://nv.ua/ukr/ukraine/events/v-okupovanomu-dzhankoji-buv-atakovaniy-viyskoviy-aeroport-30-kvitnya-novini-rosiji-50414432.html,STRATEGIC_AIRBASE,аеродром,атак|пожеж|ракет,709334,Dzhankoi,Crimea,Dzhankois'kyi,34.392872,45.713348,REVIEW,REVIEW_DISPUTED_CRIMEA,,,,a_ukr_init_b,,a_ukr_b,0,a_rus_init_b,,a_rus_b,0,,,В окупованому Джанкої внаслідок ракетної атаки спалахнула пожежа на військовому аеродромі — росЗМІ,REVIEW_LOCATION_AMBIGUOUS,REVIEW_DISPUTED_CRIMEA,FALSE,CRIMEA_SEVASTOPOL,CRIMEA_TEXT,EVENT_FORM_UNRESOLVED,NO_DECISIVE_EVENT_FORM_CUE,,P4_CRIMEA,TRUE,,UNIQUE_EXACT_REPORT_LEVEL,232724,NO_EXACT_REPORT_DUPLICATE,PENDING
235898,20220430,9,153612|153613,ntv,https://www.ntv.ru/novosti/2703782/|https://www.ntv.ru/video/click2110424/,FUEL_STORAGE_TERMINAL,нефтебаз,поврежд,709717,Donetsk,Donets'k,Donets'ka,37.80285,48.015884,REVIEW,REVIEW_NAME_ONLY_RU_SUPPORT,,,Donetsk,a_ukr_init_b,,a_ukr_b,0,a_rus_init_b,,a_rus_b,0,ВСУ,,"Власти ДНР: нефтебаза в Донецке повреждена в результате обстрела со стороны ВСУ 16+ — Специальная военная операция России || Власти ДНР: нефтебаза в Донецке повреждена в результате обстрела со стороны ВСУ — Специальная военная операция России Власти ДНР сообщили, что сегодня утром ВСУ дважды обстреляли Донецк из тяжелых орудий.",REVIEW_LOCATION_AMBIGUOUS,REVIEW_NAME_ONLY_RU_SUPPORT,FALSE,UKRAINE_OCCUPIED_OTHER,OCCUPIED_UA_TEXT,EVENT_FORM_UNRESOLVED,NO_DECISIVE_EVENT_FORM_CUE,,P5_OCCUPIED_UA_OTHER,TRUE,,UNIQUE_EXACT_REPORT_LEVEL,235898,NO_EXACT_REPORT_DUPLICATE,PENDING
62151,20220430,1,174894,nv,https://nv.ua/ukr/world/countries/sevastopol-novini-pislya-vibuhu-na-naftobazi-viyskovi-rf-pochali-pisati-raporti-na-vidpustki-50321132.html,FUEL_STORAGE_TERMINAL,нафтобаз,вибух,694423,Sevastopol,Sevastopol',Lenins'kyi,33.5229142,44.6010512,REVIEW,REVIEW_DISPUTED_CRIMEA,,,,a_ukr_init_b,,a_ukr_b,0,a_rus_init_b,,a_rus_b,1,,,«Гарячий курортний сезон». Після вибухів на нафтобазі в Севастополі російські військові почали писати рапорти на відпустку — Генштаб,REVIEW_LOCATION_AMBIGUOUS,REVIEW_DISPUTED_CRIMEA,FALSE,CRIMEA_SEVASTOPOL,CRIMEA_TEXT,EVENT_FORM_UNRESOLVED,NO_DECISIVE_EVENT_FORM_CUE,,P4_CRIMEA,TRUE,,UNIQUE_EXACT_REPORT_LEVEL,62151,NO_EXACT_REPORT_DUPLICATE,PENDING
62152,20220501,2,175119,nv,https://nv.ua/ukr/ukraine/events/pozhezha-v-krimu-korabli-okupantiv-mayzhe-ne-zahodyat-do-buhtiv-sevastopolya-novini-ukrajini-50321474.html,FUEL_STORAGE_TERMINAL,нафтобаз,пожеж,694423,Sevastopol,Sevastopol',Lenins'kyi,33.5229142,44.6010512,REVIEW,REVIEW_DISPUTED_CRIMEA,,,,a_ukr_init_b,,a_ukr_b,0,a_rus_init_b,,a_rus_b,0,,,Кораблі окупантів майже не заходять до бухти Севастополя після пожежі на нафтобазі — Гуменюк,REVIEW_LOCATION_AMBIGUOUS,REVIEW_DISPUTED_CRIMEA,FALSE,CRIMEA_SEVASTOPOL,CRIMEA_TEXT,EVENT_FORM_UNRESOLVED,NO_DECISIVE_EVENT_FORM_CUE,,P4_CRIMEA,TRUE,,UNIQUE_EXACT_REPORT_LEVEL,62152,NO_EXACT_REPORT_DUPLICATE,PENDING
232725,20220502,3,1215208|1215229|1215261,militarnyy|nv,https://mil.in.ua/uk/news/z-yavylysya-suputnykovi-znimky-z-naslidkamy-novogo-udaru-po-aerodromu-v-krymu/|https://nv.ua/ukr/ukraine/events/dzhankoy-pislya-udaru-atacms-po-aerodromu-znikli-dva-rosiyski-radari-50415214.html|https://nv.ua/ukr/ukraine/events/udar-po-aerodromu-u-dzhankoji-30-kvitnya-z-yavilisya-suputnikovi-znimki-z-naslidkami-udariv-atacms-50415068.html,STRATEGIC_AIRBASE,аеродром,Удар|атак|ракет|удар,709334,Dzhankoi,Crimea,Dzhankois'kyi,34.392872,45.713348,REVIEW,REVIEW_DISPUTED_CRIMEA,,,,a_ukr_init_b,,a_ukr_b,0,a_rus_init_b,,a_rus_b,0,,,"З’явилися супутникові знімки з наслідками нового удару по аеродрому в Криму. З'явилися супутникові знімки військового аеродрому у Джанкої з наслідками нового ракетного удару.  Відповідні світлини опублікував проєкт журналі... || Удар ракетами ATACMS по аеродрому в Джанкої: ЗМІ показали перші супутникові знімки з наслідками атаки || Удар ATACMS по аеродрому в Джанкої: два російські радари зникли з позицій — супутникові знімки",REVIEW_LOCATION_AMBIGUOUS,REVIEW_DISPUTED_CRIMEA,FALSE,CRIMEA_SEVASTOPOL,CRIMEA_TEXT,FOLLOWUP_OR_AFTERMATH,FOLLOWUP_CUE_NO_FRESH_VERB,,P4_CRIMEA,TRUE,,UNIQUE_EXACT_REPORT_LEVEL,232725,NO_EXACT_REPORT_DUPLICATE,PENDING
52764,20220502,14,1215207,militarnyy,https://mil.in.ua/uk/news/z-yavylysya-suputnykovi-znimky-z-naslidkamy-novogo-udaru-po-aerodromu-v-krymu/,STRATEGIC_AIRBASE,аеродром,ракет|удар,693805,Simferopol,Crimea,Simferopol's'ka,34.0994127132379,44.9536335,REVIEW,REVIEW_DISPUTED_CRIMEA,,,,a_ukr_init_b,,a_ukr_b,0,a_rus_init_b,,a_rus_b,0,,,"З’явилися супутникові знімки з наслідками нового удару по аеродрому в Криму. З'явилися супутникові знімки військового аеродрому у Джанкої з наслідками нового ракетного удару.  Відповідні світлини опублікував проєкт журналі...",REVIEW_LOCATION_AMBIGUOUS,REVIEW_DISPUTED_CRIMEA,FALSE,CRIMEA_SEVASTOPOL,CRIMEA_TEXT,FOLLOWUP_OR_AFTERMATH,FOLLOWUP_CUE_NO_FRESH_VERB,,P4_CRIMEA,TRUE,,UNIQUE_EXACT_REPORT_LEVEL,52764,NO_EXACT_REPORT_DUPLICATE,PENDING
62153,20220502,1,175290,nv,https://nv.ua/ukr/ukraine/events/sevastopol-naftobaza-suputnikovi-foto-naslidkiv-pozhezhi-shemi-novini-ukrajini-50321737.html,FUEL_STORAGE_TERMINAL,нафтобаз,вибух,694423,Sevastopol,Sevastopol',Lenins'kyi,33.5229142,44.6010512,REVIEW,REVIEW_DISPUTED_CRIMEA,,,,a_ukr_init_b,,a_ukr_b,0,a_rus_init_b,,a_rus_b,0,,,Наслідки вибуху на нафтобазі в Севастополі показали на супутникових знімках,REVIEW_LOCATION_AMBIGUOUS,REVIEW_DISPUTED_CRIMEA,FALSE,CRIMEA_SEVASTOPOL,CRIMEA_TEXT,FOLLOWUP_OR_AFTERMATH,FOLLOWUP_CUE_NO_FRESH_VERB,,P4_CRIMEA,TRUE,,UNIQUE_EXACT_REPORT_LEVEL,62153,NO_EXACT_REPORT_DUPLICATE,PENDING
62154,20220502,1,175171,nv,https://nv.ua/ukr/ukraine/events/vibuhi-v-krimu-v-ok-pivden-prokomentuvali-pozhezhu-na-naftobazi-u-sevastopoli-novini-ukrajini-50321534.html,FUEL_STORAGE_TERMINAL,нафтобаз,пожеж,694423,Sevastopol,Sevastopol',Lenins'kyi,33.5229142,44.6010512,REVIEW,REVIEW_DISPUTED_CRIMEA,,,,a_ukr_init_b,,a_ukr_b,0,a_rus_init_b,,a_rus_b,0,,,"В ОК Південь оцінили, наскільки значною проблемою для РФ є пожежа на нафтобазі в окупованому Севастополі",REVIEW_LOCATION_AMBIGUOUS,REVIEW_DISPUTED_CRIMEA,FALSE,CRIMEA_SEVASTOPOL,CRIMEA_TEXT,EVENT_FORM_UNRESOLVED,NO_DECISIVE_EVENT_FORM_CUE,,P4_CRIMEA,TRUE,,UNIQUE_EXACT_REPORT_LEVEL,62154,NO_EXACT_REPORT_DUPLICATE,PENDING
123724,20220504,1,1626123,meduza,https://t.me/anna_news/31001,DEFENSE_INDUSTRY,военных на завод,Удар,701822,Mariupol,Donets'k,Mariupol's'ka,37.54144,47.096703,REVIEW,REVIEW_NAME_ONLY_RU_SUPPORT,,,Mariupol,a_ukr_init_b,,a_ukr_b,0,a_rus_init_b,,a_rus_b,1,украин,,"Удары по позициям украинских военных на заводе """"""""Азовсталь"""""""" в Мариуполе. .",REVIEW_LOCATION_AMBIGUOUS,REVIEW_NAME_ONLY_RU_SUPPORT,FALSE,UKRAINE_OCCUPIED_OTHER,OCCUPIED_UA_TEXT,EVENT_FORM_UNRESOLVED,NO_DECISIVE_EVENT_FORM_CUE,,P5_OCCUPIED_UA_OTHER,TRUE,,UNIQUE_EXACT_REPORT_LEVEL,123724,NO_EXACT_REPORT_DUPLICATE,PENDING
235943,20220504,1,1660891,pravdaua,https://www.pravda.com.ua/news/2022/05/4/7343902/,ENERGY_GRID_SUPPORT,підстанц,ракет,709717,Donetsk,Donets'k,Donets'ka,37.80285,48.015884,REVIEW,REVIEW_NAME_ONLY_RU_SUPPORT,,,Donetsk,a_ukr_init_b,,a_ukr_b,0,a_rus_init_b,,a_rus_b,1,Україн,,"Регіони: ракети по 8 областях і підстанціях залізниць, обстріли Миколаєва й Сумщини. Ввечері 3 травня російська армія випустила ракети по 8 областях України, вночі були обстріли Сумської області та Миколаєва, вранці у Донецькій області вдруге поспіль обстріляли Авдіївський коксохімічний завод, Донбас і Херсонщина – під постійними обстрілами.",REVIEW_LOCATION_AMBIGUOUS,REVIEW_NAME_ONLY_RU_SUPPORT,FALSE,UKRAINE_OCCUPIED_OTHER,OCCUPIED_UA_TEXT,EVENT_FORM_UNRESOLVED,NO_DECISIVE_EVENT_FORM_CUE,EXACT2022-0010,P5_OCCUPIED_UA_OTHER,TRUE,EXACT2022-0010,CANONICAL,235943,EXACT_SOURCE_URL_AND_REPRESENTATIVE_TEXT,PENDING
305024,20220504,1,1626125,meduza,https://twitter.com/YWNReporter/status/1523360073241800704,AMMUNITION_ARSENAL,складу боеприпас,Удар,806536,Male Vesele,Kharkiv,Kharkivs'kyi,36.532811,50.152503,REVIEW,REVIEW_COORDINATE_NEAR_RU,11.303,806589,Sereda,a_ukr_init_b,,a_ukr_b,0,a_rus_init_b,,a_rus_b,0,,,"Удары по российским позициям в десяти километрах от границы, в районе поселка Затишное (Харьковская область). Вероятно, произошло попадание по складу боеприпасов.",REVIEW_LOCATION_AMBIGUOUS,REVIEW_COORDINATE_NEAR_RU,FALSE,UNKNOWN,NO_DECISIVE_SCOPE_TEXT,EVENT_FORM_UNRESOLVED,NO_DECISIVE_EVENT_FORM_CUE,,P6_SCOPE_UNKNOWN,TRUE,,UNIQUE_EXACT_REPORT_LEVEL,305024,NO_EXACT_REPORT_DUPLICATE,PENDING
62157,20220505,3,175778,nv,https://nv.ua/ukr/world/geopolitics/pozhezhi-na-naftobazi-pid-tamannyu-ta-v-sevastopoli-opublikovani-suputnikovi-znimki-50322427.html,FUEL_STORAGE_TERMINAL,нафтобаз,пожеж,694423,Sevastopol,Sevastopol',Lenins'kyi,33.5229142,44.6010512,REVIEW,REVIEW_DISPUTED_CRIMEA,,,,a_ukr_init_b,,a_ukr_b,0,a_rus_init_b,,a_rus_b,0,,,З’явилися супутникові знімки наслідків масштабних пожеж на нафтобазі біля Тамані та в Севастополі,REVIEW_LOCATION_AMBIGUOUS,REVIEW_DISPUTED_CRIMEA,FALSE,CRIMEA_SEVASTOPOL,CRIMEA_TEXT,FOLLOWUP_OR_AFTERMATH,FOLLOWUP_CUE_NO_FRESH_VERB,,P4_CRIMEA,TRUE,,UNIQUE_EXACT_REPORT_LEVEL,62157,NO_EXACT_REPORT_DUPLICATE,PENDING
236006,20220510,1,1661431,pravdaua,https://www.pravda.com.ua/news/2022/05/10/7345217/,REFINING_PETROCHEM_GAS,НПЗ,знищ|ракет|удар,709717,Donetsk,Donets'k,Donets'ka,37.80285,48.015884,REVIEW,REVIEW_NAME_ONLY_RU_SUPPORT,,,Donetsk,a_ukr_init_b,,a_ukr_b,0,a_rus_init_b,,a_rus_b,1,,,"Регіони: """"приліт"""" у Лисичанський НПЗ, обстріли Первомайського, """"Азовсталь"""" тримається. Ніч на 10 травня була відносно спокійною для Харкова, у Донецькій та Луганській областях тривають важкі бої, у Миколаївській області росіяни обстріляли містечко Первомайське й ще кілька сіл, в Одесі ракетним ударом 9 травня знищено торговий центр.",REVIEW_LOCATION_AMBIGUOUS,REVIEW_NAME_ONLY_RU_SUPPORT,FALSE,UKRAINE_OCCUPIED_OTHER,OCCUPIED_UA_TEXT,EVENT_FORM_UNRESOLVED,NO_DECISIVE_EVENT_FORM_CUE,EXACT2022-0012,P5_OCCUPIED_UA_OTHER,TRUE,EXACT2022-0012,CANONICAL,236006,EXACT_SOURCE_URL_AND_REPRESENTATIVE_TEXT,PENDING
81915,20220512,1,1699532,unian,https://www.unian.ua/war/kremenchuk-stali-vidomi-detali-ataki-na-npz-na-poltavshchini-novini-vtorgnennya-rosiji-v-ukrajinu-11823921.html,REFINING_PETROCHEM_GAS,НПЗ,Ракет|атак,696643,Poltava,Poltava,Poltavs'ka,34.551245,49.589531,REVIEW,REVIEW_NAME_ONLY_RU_SUPPORT,,,Poltava,a_ukr_init_b,,a_ukr_b,0,a_rus_init_b,,a_rus_b,0,,,Ракетний обстріл Полтавщини: стали відомі деталі атаки на НПЗ,REVIEW_LOCATION_AMBIGUOUS,REVIEW_NAME_ONLY_RU_SUPPORT,FALSE,UNKNOWN,NO_DECISIVE_SCOPE_TEXT,EVENT_FORM_UNRESOLVED,NO_DECISIVE_EVENT_FORM_CUE,,P6_SCOPE_UNKNOWN,TRUE,,UNIQUE_EXACT_REPORT_LEVEL,81915,NO_EXACT_REPORT_DUPLICATE,PENDING
81918,20220512,1,14893,24tvua,https://24tv.ua/bilshist-raket-vluchili-naftopererobniy-zavod-golova-poltavskoyi_n1978420,REFINING_PETROCHEM_GAS,нафтоперероб,ракет,696643,Poltava,Poltava,Poltavs'ka,34.551245,49.589531,REVIEW,REVIEW_NAME_ONLY_RU_SUPPORT,,,Poltava,a_ukr_init_b,,a_ukr_b,0,a_rus_init_b,,a_rus_b,0,,,"Більшість ракет влучили в нафтопереробний завод, – голова Полтавської ОВА",REVIEW_LOCATION_AMBIGUOUS,REVIEW_NAME_ONLY_RU_SUPPORT,FALSE,UNKNOWN,NO_DECISIVE_SCOPE_TEXT,FRESH_ATTACK_WORDING,FRESH_ATTACK_CUE,,P6_SCOPE_UNKNOWN,TRUE,,UNIQUE_EXACT_REPORT_LEVEL,81918,NO_EXACT_REPORT_DUPLICATE,PENDING
81919,20220512,1,323967,espreso,https://espreso.tv/rosiyani-zavdali-raketnikh-udariv-po-poltavshchini-4-z-nikh-po-nepratsyuyuchomu-kremenchutskomu-npz,REFINING_PETROCHEM_GAS,НПЗ,ракет|удар,696643,Poltava,Poltava,Poltavs'ka,34.551245,49.589531,REVIEW,REVIEW_NAME_ONLY_RU_SUPPORT,,,Poltava,a_ukr_init_b,,a_ukr_b,0,a_rus_init_b,,a_rus_b,1,,,"Росіяни завдали по Полтавщині близько 12 ракетних ударів, 4 з них – по непрацюючому Кременчуцькому НПЗ",REVIEW_LOCATION_AMBIGUOUS,REVIEW_NAME_ONLY_RU_SUPPORT,FALSE,UNKNOWN,NO_DECISIVE_SCOPE_TEXT,EVENT_FORM_UNRESOLVED,NO_DECISIVE_EVENT_FORM_CUE,,P6_SCOPE_UNKNOWN,TRUE,,UNIQUE_EXACT_REPORT_LEVEL,81919,NO_EXACT_REPORT_DUPLICATE,PENDING
81921,20220513,2,154192,ntv,https://www.ntv.ru/novosti/2705567/,DEFENSE_INDUSTRY|REFINING_PETROCHEM_GAS,военная операция России В Полтавской области высокоточным оружием уничтожены производственные мощности нефтеперерабатывающего завод|нефтеперерабат,удар|уничтож,696643,Poltava,Poltava,Poltavs'ka,34.551245,49.589531,REVIEW,REVIEW_NAME_ONLY_RU_SUPPORT,,,Poltava,a_ukr_init_b,,a_ukr_b,0,a_rus_init_b,,a_rus_b,0,ВСУ,,МО РФ: российская армия нанесла удар по заводу и резервуарам с топливом для ВСУ под Полтавой — Специальная военная операция России В Полтавской области высокоточным оружием уничтожены производственные мощности нефтеперерабатывающего завода и резервуары с топливом для ВСУ. Об этом сообщил официальный представитель Минобороны РФ Игорь Конашенков.,REVIEW_LOCATION_AMBIGUOUS,REVIEW_NAME_ONLY_RU_SUPPORT,FALSE,UNKNOWN,NO_DECISIVE_SCOPE_TEXT,EVENT_FORM_UNRESOLVED,NO_DECISIVE_EVENT_FORM_CUE,,P6_SCOPE_UNKNOWN,TRUE,,UNIQUE_EXACT_REPORT_LEVEL,81921,NO_EXACT_REPORT_DUPLICATE,PENDING
81923,20220513,1,65023,liveuamap,https://t.me/DMYTROLUNIN/1869,REFINING_PETROCHEM_GAS,НПЗ,вибух|ракет|удар,696643,Poltava,Poltava,Poltavs'ka,34.551245,49.589531,REVIEW,REVIEW_NAME_ONLY_RU_SUPPORT,,,Poltava,a_ukr_init_b,,a_ukr_b,0,a_rus_init_b,,a_rus_b,0,,,"4 ракетні удари по Кременчуцькому НПЗ, також вибухи в Полтавському районі - голова ОДА",REVIEW_LOCATION_AMBIGUOUS,REVIEW_NAME_ONLY_RU_SUPPORT,FALSE,UNKNOWN,NO_DECISIVE_SCOPE_TEXT,EVENT_FORM_UNRESOLVED,NO_DECISIVE_EVENT_FORM_CUE,EXACT2022-0013,P6_SCOPE_UNKNOWN,TRUE,EXACT2022-0013,CANONICAL,81923,EXACT_SOURCE_URL_AND_REPRESENTATIVE_TEXT,PENDING
81924,20220513,1,65017,liveuamap,https://t.me/truexanewsua/46520,REFINING_PETROCHEM_GAS,НПЗ,ракет|удар,696643,Poltava,Poltava,Poltavs'ka,34.551245,49.589531,REVIEW,REVIEW_NAME_ONLY_RU_SUPPORT,,,Poltava,a_ukr_init_b,,a_ukr_b,0,a_rus_init_b,,a_rus_b,0,,,Більше російських ракетних ударів по Кременчуцькому НПЗ та критично важливих об'єктах у Полтавській області,REVIEW_LOCATION_AMBIGUOUS,REVIEW_NAME_ONLY_RU_SUPPORT,FALSE,UNKNOWN,NO_DECISIVE_SCOPE_TEXT,EVENT_FORM_UNRESOLVED,NO_DECISIVE_EVENT_FORM_CUE,EXACT2022-0014,P6_SCOPE_UNKNOWN,TRUE,EXACT2022-0014,CANONICAL,81924,EXACT_SOURCE_URL_AND_REPRESENTATIVE_TEXT,PENDING
52878,20220515,8,1247934,militarnyy,https://mil.in.ua/uk/news/z-yavylysya-foto-naslidkiv-udaru-po-belbeku/,STRATEGIC_AIRBASE,авіабаз,удар,693805,Simferopol,Crimea,Simferopol's'ka,34.0994127132379,44.9536335,REVIEW,REVIEW_DISPUTED_CRIMEA,,,,a_ukr_init_b,,a_ukr_b,0,a_rus_init_b,,a_rus_b,0,,,"З’явилися фото наслідків удару по Бельбеку. З'явилися фото ймовірних наслідків ураження авіабази Бельбек у тимчасово окупованому Криму.  Відповідні фото оприлюднив оглядач Special Kherson C...",REVIEW_LOCATION_AMBIGUOUS,REVIEW_DISPUTED_CRIMEA,FALSE,CRIMEA_SEVASTOPOL,CRIMEA_TEXT,FOLLOWUP_OR_AFTERMATH,FOLLOWUP_CUE_NO_FRESH_VERB,,P4_CRIMEA,TRUE,,UNIQUE_EXACT_REPORT_LEVEL,52878,NO_EXACT_REPORT_DUPLICATE,PENDING
52879,20220515,1,1247941,nv,https://nv.ua/ukr/ukraine/events/aerodrom-belbek-u-krimu-suputniki-zafiksuvali-pozhezhi-pislya-ataki-15-travnya-50418414.html,STRATEGIC_AIRBASE,аеродром,Вибух|атак|пожеж,693805,Simferopol,Crimea,Simferopol's'ka,34.0994127132379,44.9536335,REVIEW,REVIEW_DISPUTED_CRIMEA,,,,a_ukr_init_b,,a_ukr_b,0,a_rus_init_b,,a_rus_b,0,,,Вибухи в Криму: на аеродромі Бельбек почалися пожежі після нічної атаки ATACMS,REVIEW_LOCATION_AMBIGUOUS,REVIEW_DISPUTED_CRIMEA,FALSE,CRIMEA_SEVASTOPOL,CRIMEA_TEXT,EVENT_FORM_UNRESOLVED,NO_DECISIVE_EVENT_FORM_CUE,,P4_CRIMEA,TRUE,,UNIQUE_EXACT_REPORT_LEVEL,52879,NO_EXACT_REPORT_DUPLICATE,PENDING
52880,20220515,2,1247959,nv,https://nv.ua/ukr/ukraine/events/krim-15-travnya-raketi-atacms-mogli-pociliti-u-vinishchuvachi-mig-31-zmi-50418496.html,STRATEGIC_AIRBASE,аеродром,атак,693805,Simferopol,Crimea,Simferopol's'ka,34.0994127132379,44.9536335,REVIEW,REVIEW_DISPUTED_CRIMEA,,,,a_ukr_init_b,,a_ukr_b,0,a_rus_init_b,,a_rus_b,0,Сили оборон,,Нічна атака на аеродром Бельбек у Криму: Сили оборони могли поцілити у МіГ-31 — Defence Express,REVIEW_LOCATION_AMBIGUOUS,REVIEW_DISPUTED_CRIMEA,FALSE,CRIMEA_SEVASTOPOL,CRIMEA_TEXT,EVENT_FORM_UNRESOLVED,NO_DECISIVE_EVENT_FORM_CUE,,P4_CRIMEA,TRUE,,UNIQUE_EXACT_REPORT_LEVEL,52880,NO_EXACT_REPORT_DUPLICATE,PENDING
52882,20220515,1,1247931,militarnyy,https://mil.in.ua/uk/news/zbrojni-syly-ukrayiny-atakuvaly-aviabazu-belbek-u-krymu/,STRATEGIC_AIRBASE,авіабаз,атак|ракет,693805,Simferopol,Crimea,Simferopol's'ka,34.0994127132379,44.9536335,REVIEW,REVIEW_DISPUTED_CRIMEA,,,,a_ukr_init_b,,a_ukr_b,0,a_rus_init_b,,a_rus_b,0,Збройн|Україн,,"Збройні Сили України атакували авіабазу Бельбек у Криму. У ніч на 15 травня Збройні Сили України атакували балістичними ракетами ATACMS авіабазу Бельбек у тимчасово окупованому Криму.  Про це повідомляє...",REVIEW_LOCATION_AMBIGUOUS,REVIEW_DISPUTED_CRIMEA,FALSE,CRIMEA_SEVASTOPOL,CRIMEA_TEXT,FRESH_ATTACK_WORDING,FRESH_ATTACK_CUE,,P4_CRIMEA,TRUE,,UNIQUE_EXACT_REPORT_LEVEL,52882,NO_EXACT_REPORT_DUPLICATE,PENDING
52887,20220516,9,1250632|1250645|1250714,militarnyy|nv,https://mil.in.ua/uk/news/zsu-nanesly-raketni-udary-po-vijskovym-aerodromam-v-krymu/|https://nv.ua/ukr/ukraine/events/ataka-na-aviabazu-belbek-ukrajinski-sili-urazili-rosiyski-mig-31-foto-50419129.html|https://nv.ua/ukr/ukraine/events/u-krimu-15-travnya-bulo-poshkodzheno-golovniy-artileriyskiy-sklad-aerodromu-belbek-atesh-50418784.html,STRATEGIC_AIRBASE,авіабаз|аеродром,атак|пошкодж|ракет|удар,693805,Simferopol,Crimea,Simferopol's'ka,34.0994127132379,44.9536335,REVIEW,REVIEW_DISPUTED_CRIMEA,,,,a_ukr_init_b,,a_ukr_b,0,a_rus_init_b,,a_rus_b,0,ЗСУ,,"ЗСУ завдали ракетних ударів по військових аеродромах у Криму. У ніч з 15 на 16 травня російські військові авіабази Бельбек та Гвардійське були атаковані балістичними ракетами. Про це повідомляють місцеві меді... || Унаслідок атаки на Крим було пошкоджено артилерійський склад аеродрому Бельбек — АТЕШ || З’явились супутникові знімки атаки на військовий аеродром Бельбек в окупованому Криму — фото",REVIEW_LOCATION_AMBIGUOUS,REVIEW_DISPUTED_CRIMEA,FALSE,CRIMEA_SEVASTOPOL,CRIMEA_TEXT,FOLLOWUP_OR_AFTERMATH,FOLLOWUP_CUE_NO_FRESH_VERB,,P4_CRIMEA,TRUE,,UNIQUE_EXACT_REPORT_LEVEL,52887,NO_EXACT_REPORT_DUPLICATE,PENDING
52897,20220517,1,1253273,nv,https://nv.ua/ukr/world/countries/u-rosiji-zayavili-pro-ataku-bilsh-nizh-100-bpla-na-krim-i-regioni-rf-50419160.html,REFINING_PETROCHEM_GAS,НПЗ,Атак|дрон,693805,Simferopol,Crimea,Simferopol's'ka,34.0994127132379,44.9536335,REVIEW,REVIEW_DISPUTED_CRIMEA,,,,a_ukr_init_b,,a_ukr_b,0,a_rus_init_b,,a_rus_b,0,,,"Атаки на НПЗ і Крим: у РФ заявили, що «збили» понад 100 БПЛА і шість морських дронів",REVIEW_LOCATION_AMBIGUOUS,REVIEW_DISPUTED_CRIMEA,FALSE,CRIMEA_SEVASTOPOL,CRIMEA_TEXT,EVENT_FORM_UNRESOLVED,NO_DECISIVE_EVENT_FORM_CUE,,P4_CRIMEA,TRUE,,UNIQUE_EXACT_REPORT_LEVEL,52897,NO_EXACT_REPORT_DUPLICATE,PENDING
62183,20220517,3,1253263,militarnyy,https://mil.in.ua/uk/news/vnochi-na-sevastopol-bula-zdijsnena-masova-ataka-droniv/,ENERGY_GRID_SUPPORT,підстанц,атак|дрон,694423,Sevastopol,Sevastopol',Lenins'kyi,33.5229142,44.6010512,REVIEW,REVIEW_DISPUTED_CRIMEA,,,,a_ukr_init_b,,a_ukr_b,0,a_rus_init_b,,a_rus_b,0,,,"Вночі на Севастополь була здійснена масова атака дронів. Уночі на Севастополь була здійснена масова атака дронів, уламки яких пошкодили підстанції.  Про це повідомляють росЗМІ.  Внаслідок масової атак...",REVIEW_LOCATION_AMBIGUOUS,REVIEW_DISPUTED_CRIMEA,FALSE,CRIMEA_SEVASTOPOL,CRIMEA_TEXT,EVENT_FORM_UNRESOLVED,NO_DECISIVE_EVENT_FORM_CUE,,P4_CRIMEA,TRUE,,UNIQUE_EXACT_REPORT_LEVEL,62183,NO_EXACT_REPORT_DUPLICATE,PENDING
85815,20220517,1,65523,liveuamap,https://t.me/hueviykharkov/60325,AMMUNITION_ARSENAL,склади російських боєприпас,знищ,697503,Peski,Kharkiv,Iziums'kyi,37.24713,49.18774,REVIEW,REVIEW_NAME_ONLY_RU_SUPPORT,,,Peski,a_ukr_init_b,,a_ukr_b,0,a_rus_init_b,,a_rus_b,0,Збройн|Україн,,Збройні сили України знищили склади російських боєприпасів поблизу Ізюма та на Херсонщині,REVIEW_LOCATION_AMBIGUOUS,REVIEW_NAME_ONLY_RU_SUPPORT,FALSE,UKRAINE_OCCUPIED_OTHER,OCCUPIED_UA_TEXT,EVENT_FORM_UNRESOLVED,NO_DECISIVE_EVENT_FORM_CUE,EXACT2022-0015,P5_OCCUPIED_UA_OTHER,TRUE,EXACT2022-0015,CANONICAL,85815,EXACT_SOURCE_URL_AND_REPRESENTATIVE_TEXT,PENDING
195926,20220518,1,1640614,liga,https://news.liga.net/politics/news/pod-hersonom-u-pyatihatki-i-stepanovki-unichtojeny-dva-vrajeskih-sklada-boepripasov-ok-yug,AMMUNITION_ARSENAL,склада боеприпас,уничтож,706448,Kherson,Kherson,Khersons'ka,32.614962,46.640319,REVIEW,REVIEW_NAME_ONLY_RU_SUPPORT,,,Kherson,a_ukr_init_b,,a_ukr_b,0,a_rus_init_b,,a_rus_b,0,,,"Под Херсоном, у Пятихаток и Степановки уничтожены два вражеских склада боеприпасов – ОК Юг",REVIEW_LOCATION_AMBIGUOUS,REVIEW_NAME_ONLY_RU_SUPPORT,FALSE,UKRAINE_OCCUPIED_OTHER,OCCUPIED_UA_TEXT,EVENT_FORM_UNRESOLVED,NO_DECISIVE_EVENT_FORM_CUE,,P5_OCCUPIED_UA_OTHER,TRUE,,UNIQUE_EXACT_REPORT_LEVEL,195926,NO_EXACT_REPORT_DUPLICATE,PENDING
195929,20220518,1,1753411,liveuamap,https://t.me/UkraineNow/11817,STRATEGIC_AIRBASE,аеродром,удар,706448,Kherson,Kherson,Khersons'ka,32.614962,46.640319,REVIEW,REVIEW_NAME_ONLY_RU_SUPPORT,,,Kherson,a_ukr_init_b,,a_ukr_b,1,a_rus_init_b,,a_rus_b,0,Україн,,"Українська авіація та артилерія завдали 100 ударів по позиціях Росії в Херсонській області, в тому числі по аеродромі Чорнобаївка",REVIEW_LOCATION_AMBIGUOUS,REVIEW_NAME_ONLY_RU_SUPPORT,FALSE,UKRAINE_OCCUPIED_OTHER,OCCUPIED_UA_TEXT,EVENT_FORM_UNRESOLVED,NO_DECISIVE_EVENT_FORM_CUE,,P5_OCCUPIED_UA_OTHER,TRUE,,UNIQUE_EXACT_REPORT_LEVEL,195929,NO_EXACT_REPORT_DUPLICATE,PENDING
52908,20220518,19,1273035,nv,https://nv.ua/ukr/ukraine/events/ataka-na-aerodrom-belbek-u-krimu-britanska-rozvidka-nazvala-naslidki-dlya-rosiji-50419533.html,STRATEGIC_AIRBASE,авіабаз,удар,693805,Simferopol,Crimea,Simferopol's'ka,34.0994127132379,44.9536335,REVIEW,REVIEW_DISPUTED_CRIMEA,,,,a_ukr_init_b,,a_ukr_b,0,a_rus_init_b,,a_rus_b,0,,,Британська розвідка розповіла про наслідки удару по авіабазі Бельбек у Криму,REVIEW_LOCATION_AMBIGUOUS,REVIEW_DISPUTED_CRIMEA,FALSE,CRIMEA_SEVASTOPOL,CRIMEA_TEXT,FOLLOWUP_OR_AFTERMATH,FOLLOWUP_CUE_NO_FRESH_VERB,,P4_CRIMEA,TRUE,,UNIQUE_EXACT_REPORT_LEVEL,52908,NO_EXACT_REPORT_DUPLICATE,PENDING
42528,20220519,1,1662103,pravdaua,https://www.pravda.com.ua/news/2022/05/19/7347132/,ENERGY_GRID_SUPPORT,підстанц,пошкодж,692194,Sumy,Sumy,Sums'ka,34.802764,50.91198,REVIEW,REVIEW_NAME_ONLY_RU_SUPPORT,,,Sumy,a_ukr_init_b,,a_ukr_b,0,a_rus_init_b,,a_rus_b,0,,,"Регіони: на Луганщині пошкодили останню підстанцію, в Авдіївці – залізничну інфраструктуру. Сумська, Харківська, Дніпропетровська, Херсонська, Миколаївська області продовжують зазнавати обстрілів, у Луганській та Донецькій областях вогонь не припиняється, Луганщина залишилася без світла, в Авдіївці пошкоджено залізничну інфраструктуру.",REVIEW_LOCATION_AMBIGUOUS,REVIEW_NAME_ONLY_RU_SUPPORT,FALSE,UKRAINE_OCCUPIED_OTHER,OCCUPIED_UA_TEXT,EVENT_FORM_UNRESOLVED,NO_DECISIVE_EVENT_FORM_CUE,EXACT2022-0016,P5_OCCUPIED_UA_OTHER,TRUE,EXACT2022-0016,CANONICAL,42528,EXACT_SOURCE_URL_AND_REPRESENTATIVE_TEXT,PENDING
52990,20220526,8,1292714,militarnyy,https://mil.in.ua/uk/news/z-yavylys-suputnykovi-znimky-naslidkiv-udaru-po-punktu-zv-yazku-v-krymu/,MILITARY_COMMS_SPACE,"супутникові знімки наслідків удару по пункту зв’язку в Криму . У мережі з'явились супутникові знімки, які демонструють наслідки удару по пункту зв",удар,693805,Simferopol,Crimea,Simferopol's'ka,34.0994127132379,44.9536335,REVIEW,REVIEW_DISPUTED_CRIMEA,,,,a_ukr_init_b,,a_ukr_b,0,a_rus_init_b,,a_rus_b,0,,,"З’явились супутникові знімки наслідків удару по пункту зв’язку в Криму . У мережі з'явились супутникові знімки, які демонструють наслідки удару по пункту зв'язку ФСБ РФ поблизу села Семидвір'я під Алуштою  Про це повід...",REVIEW_LOCATION_AMBIGUOUS,REVIEW_DISPUTED_CRIMEA,FALSE,CRIMEA_SEVASTOPOL,CRIMEA_TEXT,FOLLOWUP_OR_AFTERMATH,FOLLOWUP_CUE_NO_FRESH_VERB,,P4_CRIMEA,TRUE,,UNIQUE_EXACT_REPORT_LEVEL,52990,NO_EXACT_REPORT_DUPLICATE,PENDING
236180,20220529,1,1700781,unian,https://www.unian.ua/war/v-okupovanomu-donecku-vibuhnuv-sklad-boyepripasiv-rosiyskih-viysk-foto-video-novini-vtorgnennya-rosiji-v-ukrajinu-11845950.html,AMMUNITION_ARSENAL,склад боєприпас,вибух,709717,Donetsk,Donets'k,Donets'ka,37.80285,48.015884,REVIEW,REVIEW_NAME_ONLY_RU_SUPPORT,,,Donetsk,a_ukr_init_b,,a_ukr_b,0,a_rus_init_b,,a_rus_b,0,,,"В окупованому Донецьку вибухнув склад боєприпасів російських військ (фото, відео)",REVIEW_LOCATION_AMBIGUOUS,REVIEW_NAME_ONLY_RU_SUPPORT,FALSE,UKRAINE_OCCUPIED_OTHER,OCCUPIED_UA_TEXT,EVENT_FORM_UNRESOLVED,NO_DECISIVE_EVENT_FORM_CUE,,P5_OCCUPIED_UA_OTHER,TRUE,,UNIQUE_EXACT_REPORT_LEVEL,236180,NO_EXACT_REPORT_DUPLICATE,PENDING
53027,20220530,1,1303734,nv,https://nv.ua/ukr/ukraine/events/krim-rosiyani-vidnovlyuyut-nediyuchi-aerodromi-dlya-perekidannya-svoyeji-aviaciji-50423260.html,STRATEGIC_AIRBASE,аеродром,атак,693805,Simferopol,Crimea,Simferopol's'ka,34.0994127132379,44.9536335,REVIEW,REVIEW_DISPUTED_CRIMEA,,,,a_ukr_init_b,,a_ukr_b,0,a_rus_init_b,,a_rus_b,0,україн,,"Росіяни відновлюють у Криму недіючі аеродроми, щоб «сховати» там свою авіацію від українських атак — партизани",REVIEW_LOCATION_AMBIGUOUS,REVIEW_DISPUTED_CRIMEA,FALSE,CRIMEA_SEVASTOPOL,CRIMEA_TEXT,EVENT_FORM_UNRESOLVED,NO_DECISIVE_EVENT_FORM_CUE,,P4_CRIMEA,TRUE,,UNIQUE_EXACT_REPORT_LEVEL,53027,NO_EXACT_REPORT_DUPLICATE,PENDING
53087,20220607,18,1324286,nv,https://nv.ua/ukr/world/countries/p-yat-bpla-atakuvali-transformatornu-pidstanciyu-u-krasnodarskomu-kraji-7-chervnya-novini-rosiji-50425262.html,ENERGY_GRID_SUPPORT,підстанц,атак,693805,Simferopol,Crimea,Simferopol's'ka,34.0994127132379,44.9536335,REVIEW,REVIEW_DISPUTED_CRIMEA,,,,a_ukr_init_b,,a_ukr_b,0,a_rus_init_b,,a_rus_b,0,,Краснодар,"У Краснодарському краї БПЛА атакували електропідстанцію, яка живить Крим — росЗМІ",REVIEW_LOCATION_AMBIGUOUS,REVIEW_DISPUTED_CRIMEA,FALSE,CONFLICT_OR_COMPOSITE,CRIMEA_AND_RUSSIA_TEXT,FRESH_ATTACK_WORDING,FRESH_ATTACK_CUE,,P3_SCOPE_CONFLICT_COMPOSITE,TRUE,,UNIQUE_EXACT_REPORT_LEVEL,53087,NO_EXACT_REPORT_DUPLICATE,PENDING
196171,20220608,1,1756238,liveuamap,https://t.me/lumsrc/1710,AMMUNITION_ARSENAL,арсенал,удар,706448,Kherson,Kherson,Khersons'ka,32.614962,46.640319,REVIEW,REVIEW_NAME_ONLY_RU_SUPPORT,,,Kherson,a_ukr_init_b,,a_ukr_b,1,a_rus_init_b,,a_rus_b,0,ЗСУ|Україн,,"Українські гелікоптери завдали авіаударів по зборах російських військ у Херсонській області, а військові літаки – по арсеналах боєприпасів у Миколаївській області, – йдеться у ранковому звіті Генштабу ЗСУ.",REVIEW_LOCATION_AMBIGUOUS,REVIEW_NAME_ONLY_RU_SUPPORT,FALSE,UKRAINE_OCCUPIED_OTHER,OCCUPIED_UA_TEXT,EVENT_FORM_UNRESOLVED,NO_DECISIVE_EVENT_FORM_CUE,EXACT2022-0017,P5_OCCUPIED_UA_OTHER,TRUE,EXACT2022-0017,CANONICAL,196171,EXACT_SOURCE_URL_AND_REPRESENTATIVE_TEXT,PENDING
188763,20220610,1,1626651,meduza,https://t.me/rybar/33914,AMMUNITION_ARSENAL,склад боеприпас,Пожар|взрыв,705598,Klyuchevaya,Kherson,Beryslavs'kyi,33.355403,46.748696,REVIEW,REVIEW_NAME_ONLY_RU_SUPPORT,,,Klyuchevaya,a_ukr_init_b,,a_ukr_b,0,a_rus_init_b,,a_rus_b,0,,,"Пожар и взрыв в Новой Каховке. По словам местных жителей, поражен российский склад боеприпасов.",REVIEW_LOCATION_AMBIGUOUS,REVIEW_NAME_ONLY_RU_SUPPORT,FALSE,UNKNOWN,NO_DECISIVE_SCOPE_TEXT,EVENT_FORM_UNRESOLVED,NO_DECISIVE_EVENT_FORM_CUE,,P6_SCOPE_UNKNOWN,TRUE,,UNIQUE_EXACT_REPORT_LEVEL,188763,NO_EXACT_REPORT_DUPLICATE,PENDING
306768,20220610,1,1626579,meduza,https://twitter.com/GirkinGirkin/status/1537484323007483905,AMMUNITION_ARSENAL,склад боеприпас,ракет,809888,Kul'va,Luhans'k,Antratsytivs'kyi,38.944256,48.158547,REVIEW,REVIEW_COORDINATE_NEAR_RU,18.109,709709,Donetskiy Kryazh,a_ukr_init_b,,a_ukr_b,0,a_rus_init_b,,a_rus_b,1,,твер,"В поселке Хрустальном ракетой поражено промышленное здание, которое, как утверждается, использовалось как российский склад боеприпасов.",REVIEW_LOCATION_AMBIGUOUS,REVIEW_COORDINATE_NEAR_RU,FALSE,RUSSIA_PROPER,RUSSIAN_PLACE_TEXT,EVENT_FORM_UNRESOLVED,NO_DECISIVE_EVENT_FORM_CUE,,P2_RUSSIA_FROM_AMBIGUOUS,TRUE,,UNIQUE_EXACT_REPORT_LEVEL,306768,NO_EXACT_REPORT_DUPLICATE,PENDING
256059,20220614,2,256147,ria,https://ria.ru/20220614/kalibr-1795145056.html,AMMUNITION_ARSENAL,арсенал,Ракет|уничтож,710735,Chernihiv,Chernihiv,Chernihivs'ka,31.298652,51.491007,REVIEW,REVIEW_COORDINATE_NEAR_RU,16.908,491522,Snov,a_ukr_init_b,,a_ukr_b,0,a_rus_init_b,,a_rus_b,0,украин,,"Ракеты """"""""""""""""Калибр"""""""""""""""" уничтожили арсенал украинских войск в Черниговской области",REVIEW_LOCATION_AMBIGUOUS,REVIEW_COORDINATE_NEAR_RU,FALSE,UNKNOWN,NO_DECISIVE_SCOPE_TEXT,EVENT_FORM_UNRESOLVED,NO_DECISIVE_EVENT_FORM_CUE,,P6_SCOPE_UNKNOWN,TRUE,,UNIQUE_EXACT_REPORT_LEVEL,256059,NO_EXACT_REPORT_DUPLICATE,PENDING
170948,20220616,1,2278308,24tvua,https://24tv.ua/hrustalnomu-luganshhini-zirvavsya-sklad-boyepripasiv-rosiyan_n2027027,AMMUNITION_ARSENAL,склад боєприпас,вибух,704202,Krasnyi Luch,Luhans'k,Briankivs'ka,38.91989,48.13515,REVIEW,REVIEW_COORDINATE_NEAR_RU,16.164,709709,Donetskiy Kryazh,a_ukr_init_b,,a_ukr_b,0,a_rus_init_b,,a_rus_b,0,,,У Хрустальному на Луганщині вибухнув склад боєприпасів росіян,REVIEW_LOCATION_AMBIGUOUS,REVIEW_COORDINATE_NEAR_RU,FALSE,UNKNOWN,NO_DECISIVE_SCOPE_TEXT,EVENT_FORM_UNRESOLVED,NO_DECISIVE_EVENT_FORM_CUE,,P6_SCOPE_UNKNOWN,TRUE,,UNIQUE_EXACT_REPORT_LEVEL,170948,NO_EXACT_REPORT_DUPLICATE,PENDING
306769,20220617,1,70142,liveuamap,https://twitter.com/666_mancer/status/1537515805407121413,AMMUNITION_ARSENAL,складі боєприпас,вибух,809888,Kul'va,Luhans'k,Antratsytivs'kyi,38.94137,48.15799,REVIEW,REVIEW_COORDINATE_NEAR_RU,18.100,709709,Donetskiy Kryazh,a_ukr_init_b,,a_ukr_b,0,a_rus_init_b,,a_rus_b,1,,,Відео: сьогодні вибух на складі боєприпасів у Хрустальному на Луганщині,REVIEW_LOCATION_AMBIGUOUS,REVIEW_COORDINATE_NEAR_RU,FALSE,UNKNOWN,NO_DECISIVE_SCOPE_TEXT,EVENT_FORM_UNRESOLVED,NO_DECISIVE_EVENT_FORM_CUE,EXACT2022-0018,P6_SCOPE_UNKNOWN,TRUE,EXACT2022-0018,CANONICAL,306769,EXACT_SOURCE_URL_AND_REPRESENTATIVE_TEXT,PENDING
306781,20220617,1,70177,liveuamap,https://twitter.com/GirkinGirkin/status/1537465724762980353,AMMUNITION_ARSENAL,склад боєприпас,вибух,810123,Shirokiy,Luhans'k,Antratsytivs'kyi,38.99323,48.25668,REVIEW,REVIEW_NAME_ONLY_RU_SUPPORT,,,Shirokiy,a_ukr_init_b,,a_ukr_b,0,a_rus_init_b,,a_rus_b,0,,,"Повідомляється, що поблизу Хрустального на Луганщині вибухнув склад боєприпасів",REVIEW_LOCATION_AMBIGUOUS,REVIEW_NAME_ONLY_RU_SUPPORT,FALSE,UNKNOWN,NO_DECISIVE_SCOPE_TEXT,EVENT_FORM_UNRESOLVED,NO_DECISIVE_EVENT_FORM_CUE,EXACT2022-0019,P6_SCOPE_UNKNOWN,TRUE,EXACT2022-0019,CANONICAL,306781,EXACT_SOURCE_URL_AND_REPRESENTATIVE_TEXT,PENDING
102404,20220618,1,37828,interfaxua,https://interfax.com.ua/news/general/840115.html,FUEL_STORAGE_TERMINAL,нафтобаз,ракет,699445,Novomoskovsk,Dnipropetrovs'k,Novomoskovs'kyi,35.2588714,48.6379626,REVIEW,REVIEW_NAME_ONLY_RU_SUPPORT,,,Novomoskovsk,a_ukr_init_b,,a_ukr_b,0,a_rus_init_b,,a_rus_b,0,,,"У результаті ворожого ракетного обстрілу Новомосковського району на Дніпропетровщині зруйновано нафтобазу, постраждали троє людей",REVIEW_LOCATION_AMBIGUOUS,REVIEW_NAME_ONLY_RU_SUPPORT,FALSE,UNKNOWN,NO_DECISIVE_SCOPE_TEXT,EVENT_FORM_UNRESOLVED,NO_DECISIVE_EVENT_FORM_CUE,,P6_SCOPE_UNKNOWN,TRUE,,UNIQUE_EXACT_REPORT_LEVEL,102404,NO_EXACT_REPORT_DUPLICATE,PENDING
236402,20220618,1,1757551,liveuamap,https://twitter.com/alex_bezfam/status/1537780937802633216,AMMUNITION_ARSENAL,склад боєприпас,вибух,709717,Donetsk,Donets'k,Donets'ka,37.80285,48.015884,REVIEW,REVIEW_NAME_ONLY_RU_SUPPORT,,,Donetsk,a_ukr_init_b,,a_ukr_b,0,a_rus_init_b,,a_rus_b,0,,,У Донецьку вибухнув склад боєприпасів,REVIEW_LOCATION_AMBIGUOUS,REVIEW_NAME_ONLY_RU_SUPPORT,FALSE,UKRAINE_OCCUPIED_OTHER,OCCUPIED_UA_TEXT,EVENT_FORM_UNRESOLVED,NO_DECISIVE_EVENT_FORM_CUE,EXACT2022-0020,P5_OCCUPIED_UA_OTHER,TRUE,EXACT2022-0020,CANONICAL,236402,EXACT_SOURCE_URL_AND_REPRESENTATIVE_TEXT,PENDING
81965,20220618,2,182001,nv,https://nv.ua/ukr/ukraine/events/viyna-rf-proti-ukrajini-okupanti-vdarili-raketami-kremenchuckomu-npz-i-tec-novini-ukrajini-50250716.html,REFINING_PETROCHEM_GAS,нафтоперероб,Удар|атак|ракет,696643,Poltava,Poltava,Poltavs'ka,34.551245,49.589531,REVIEW,REVIEW_NAME_ONLY_RU_SUPPORT,,,Poltava,a_ukr_init_b,,a_ukr_b,0,a_rus_init_b,,a_rus_b,0,,,Удар по Полтавщині: РФ атакувала Кременчуцький нафтопереробний завод і ТЕЦ вісьмома ракетами,REVIEW_LOCATION_AMBIGUOUS,REVIEW_NAME_ONLY_RU_SUPPORT,FALSE,UNKNOWN,NO_DECISIVE_SCOPE_TEXT,EVENT_FORM_UNRESOLVED,NO_DECISIVE_EVENT_FORM_CUE,,P6_SCOPE_UNKNOWN,TRUE,,UNIQUE_EXACT_REPORT_LEVEL,81965,NO_EXACT_REPORT_DUPLICATE,PENDING
81966,20220618,1,182016,nv,https://nv.ua/ukr/ukraine/events/kremenchucki-npz-i-tec-dovedetsya-vidbudovuvati-nanovo-novini-ukrajini-50250729.html,REFINING_PETROCHEM_GAS,НПЗ,Удар|ракет,696643,Poltava,Poltava,Poltavs'ka,34.551245,49.589531,REVIEW,REVIEW_NAME_ONLY_RU_SUPPORT,,,Poltava,a_ukr_init_b,,a_ukr_b,0,a_rus_init_b,,a_rus_b,0,,,Удари окупантів по Кременчуку. Уражені російськими ракетами НПЗ і ТЕЦ відновленню не підлягають — голова Полтавської ОВА,REVIEW_LOCATION_AMBIGUOUS,REVIEW_NAME_ONLY_RU_SUPPORT,FALSE,UNKNOWN,NO_DECISIVE_SCOPE_TEXT,EVENT_FORM_UNRESOLVED,NO_DECISIVE_EVENT_FORM_CUE,,P6_SCOPE_UNKNOWN,TRUE,,UNIQUE_EXACT_REPORT_LEVEL,81966,NO_EXACT_REPORT_DUPLICATE,PENDING
81967,20220618,1,182018,nv,https://nv.ua/ukr/ukraine/events/kremenchucki-npz-i-tec-dovedetsya-vidbudovuvati-nanovo-novini-ukrajini-50250729.html,REFINING_PETROCHEM_GAS,НПЗ,Удар|ракет,696643,Poltava,Poltava,Poltavs'ka,34.551245,49.589531,REVIEW,REVIEW_NAME_ONLY_RU_SUPPORT,,,Poltava,a_ukr_init_b,,a_ukr_b,0,a_rus_init_b,,a_rus_b,1,,,Удари окупантів по Кременчуку. Уражені російськими ракетами НПЗ і ТЕЦ відновленню не підлягають — глава Полтавської ОВА,REVIEW_LOCATION_AMBIGUOUS,REVIEW_NAME_ONLY_RU_SUPPORT,FALSE,UNKNOWN,NO_DECISIVE_SCOPE_TEXT,EVENT_FORM_UNRESOLVED,NO_DECISIVE_EVENT_FORM_CUE,,P6_SCOPE_UNKNOWN,TRUE,,UNIQUE_EXACT_REPORT_LEVEL,81967,NO_EXACT_REPORT_DUPLICATE,PENDING
102406,20220619,1,37839,interfaxua,https://interfax.com.ua/news/general/840164.html,FUEL_STORAGE_TERMINAL,нафтобаз,вибух,699445,Novomoskovsk,Dnipropetrovs'k,Novomoskovs'kyi,35.2588714,48.6379626,REVIEW,REVIEW_NAME_ONLY_RU_SUPPORT,,,Novomoskovsk,a_ukr_init_b,,a_ukr_b,1,a_rus_init_b,,a_rus_b,0,,,"Внаслідок обстрілу нафтобази в Новомосковському районі вибухнув резервуар із паливом, постраждали 13 осіб",REVIEW_LOCATION_AMBIGUOUS,REVIEW_NAME_ONLY_RU_SUPPORT,FALSE,UNKNOWN,NO_DECISIVE_SCOPE_TEXT,EVENT_FORM_UNRESOLVED,NO_DECISIVE_EVENT_FORM_CUE,,P6_SCOPE_UNKNOWN,TRUE,,UNIQUE_EXACT_REPORT_LEVEL,102406,NO_EXACT_REPORT_DUPLICATE,PENDING
220387,20220619,1,70575,liveuamap,https://t.me/hyevuy_dnepr/29162,REFINING_PETROCHEM_GAS,НПЗ,ракет|удар,706920,Kamyshi,Poltava,Kremenchuts'kyi,33.45955,49.17182,REVIEW,REVIEW_NAME_ONLY_RU_SUPPORT,,,Kamyshi,a_ukr_init_b,,a_ukr_b,0,a_rus_init_b,,a_rus_b,0,,,Нова хвиля ракетних ударів по Кременчуцькому НПЗ – керівник області,REVIEW_LOCATION_AMBIGUOUS,REVIEW_NAME_ONLY_RU_SUPPORT,FALSE,UNKNOWN,NO_DECISIVE_SCOPE_TEXT,EVENT_FORM_UNRESOLVED,NO_DECISIVE_EVENT_FORM_CUE,EXACT2022-0021,P6_SCOPE_UNKNOWN,TRUE,EXACT2022-0021,CANONICAL,220387,EXACT_SOURCE_URL_AND_REPRESENTATIVE_TEXT,PENDING
102407,20220620,1,37880,interfaxua,https://interfax.com.ua/news/general/840371.html,FUEL_STORAGE_TERMINAL,нафтобаз,Ракет|пожеж|удар,699445,Novomoskovsk,Dnipropetrovs'k,Novomoskovs'kyi,35.2588714,48.6379626,REVIEW,REVIEW_NAME_ONLY_RU_SUPPORT,,,Novomoskovsk,a_ukr_init_b,,a_ukr_b,0,a_rus_init_b,,a_rus_b,0,,,"Ракетний удар по нафтобазі в Новомосковському районі забрав життя трьох людей, рятувальники продовжують гасити пожежу",REVIEW_LOCATION_AMBIGUOUS,REVIEW_NAME_ONLY_RU_SUPPORT,FALSE,UNKNOWN,NO_DECISIVE_SCOPE_TEXT,EVENT_FORM_UNRESOLVED,NO_DECISIVE_EVENT_FORM_CUE,,P6_SCOPE_UNKNOWN,TRUE,,UNIQUE_EXACT_REPORT_LEVEL,102407,NO_EXACT_REPORT_DUPLICATE,PENDING
236431,20220620,1,1702032,unian,https://www.unian.ua/war/v-okupovanomu-donecku-gorit-sklad-boyepripasiv-chutno-vibuhi-foto-video-novini-vtorgnennya-rosiji-v-ukrajinu-11872761.html,AMMUNITION_ARSENAL,склад боєприпас,вибух,709717,Donetsk,Donets'k,Donets'ka,37.80285,48.015884,REVIEW,REVIEW_NAME_ONLY_RU_SUPPORT,,,Donetsk,a_ukr_init_b,,a_ukr_b,0,a_rus_init_b,,a_rus_b,0,,,"В окупованому Донецьку горить склад боєприпасів, чутно вибухи (фото, відео)",REVIEW_LOCATION_AMBIGUOUS,REVIEW_NAME_ONLY_RU_SUPPORT,FALSE,UKRAINE_OCCUPIED_OTHER,OCCUPIED_UA_TEXT,EVENT_FORM_UNRESOLVED,NO_DECISIVE_EVENT_FORM_CUE,,P5_OCCUPIED_UA_OTHER,TRUE,,UNIQUE_EXACT_REPORT_LEVEL,236431,NO_EXACT_REPORT_DUPLICATE,PENDING
236437,20220620,2,18980,24tvua,https://24tv.ua/vibuhi-lunayut-odin-za-odnim-donetsku-gorit-sklad-boyepripasami_n2041487,AMMUNITION_ARSENAL,склад з боєприпас,Вибух,709717,Donetsk,Donets'k,Donets'ka,37.80285,48.015884,REVIEW,REVIEW_NAME_ONLY_RU_SUPPORT,,,Donetsk,a_ukr_init_b,,a_ukr_b,0,a_rus_init_b,,a_rus_b,0,,,Вибухи лунають один за одним: у Донецьку горить склад з боєприпасами окупантів,REVIEW_LOCATION_AMBIGUOUS,REVIEW_NAME_ONLY_RU_SUPPORT,FALSE,UKRAINE_OCCUPIED_OTHER,OCCUPIED_UA_TEXT,EVENT_FORM_UNRESOLVED,NO_DECISIVE_EVENT_FORM_CUE,,P5_OCCUPIED_UA_OTHER,TRUE,,UNIQUE_EXACT_REPORT_LEVEL,236437,NO_EXACT_REPORT_DUPLICATE,PENDING
87927,20220620,1,182186,nv,https://nv.ua/ukr/ukraine/events/rikove-yak-viglyadaye-20-chervnya-znishcheniy-bilya-genicheska-sklad-bk-rosiyan-suputnikovi-foto-50333064.html,AMMUNITION_ARSENAL,складу з боєприпас,Удар|знищ,697957,Rykove,Kherson,Heniches'kyi,34.752522,46.330759,REVIEW,REVIEW_DISPUTED_CRIMEA,,,,a_ukr_init_b,,a_ukr_b,0,a_rus_init_b,,a_rus_b,0,,,Удар по БК. Який вигляд має Рикове після знищення складу з боєприпасами росіян — супутникові фото,REVIEW_LOCATION_AMBIGUOUS,REVIEW_DISPUTED_CRIMEA,FALSE,UNKNOWN,NO_DECISIVE_SCOPE_TEXT,FOLLOWUP_OR_AFTERMATH,FOLLOWUP_CUE_NO_FRESH_VERB,,P6_SCOPE_UNKNOWN,TRUE,,UNIQUE_EXACT_REPORT_LEVEL,87927,NO_EXACT_REPORT_DUPLICATE,PENDING
236451,20220621,1,1758007,liveuamap,https://twitter.com/hochu_dodomu/status/1538842471114981377,AMMUNITION_ARSENAL,арсенал,вибух,709717,Donetsk,Donets'k,Donets'ka,37.80285,48.015884,REVIEW,REVIEW_NAME_ONLY_RU_SUPPORT,,,Donetsk,a_ukr_init_b,,a_ukr_b,0,a_rus_init_b,,a_rus_b,0,,,На Азотному в Донецьку вибухнув військовий арсенал,REVIEW_LOCATION_AMBIGUOUS,REVIEW_NAME_ONLY_RU_SUPPORT,FALSE,UKRAINE_OCCUPIED_OTHER,OCCUPIED_UA_TEXT,EVENT_FORM_UNRESOLVED,NO_DECISIVE_EVENT_FORM_CUE,,P5_OCCUPIED_UA_OTHER,TRUE,,UNIQUE_EXACT_REPORT_LEVEL,236451,NO_EXACT_REPORT_DUPLICATE,PENDING
53220,20220621,1,1358215,nv,https://nv.ua/ukr/world/countries/eysk-ilskiy-npz-krasnodar-sevastopol-video-ataki-droniv-21-chervnya-2024-novini-rosiji-50428951.html,REFINING_PETROCHEM_GAS,НПЗ,Пожеж|атак|дрон,693805,Simferopol,Crimea,Simferopol's'ka,34.0994127132379,44.9536335,REVIEW,REVIEW_DISPUTED_CRIMEA,,,,a_ukr_init_b,,a_ukr_b,0,a_rus_init_b,,a_rus_b,0,,у Росії,Пожежі на Ільському НПЗ і в Єйську. У Міноборони РФ заявили про нічну атаку понад 100 дронів по цілях у Росії та окупованому Криму — головне,REVIEW_LOCATION_AMBIGUOUS,REVIEW_DISPUTED_CRIMEA,FALSE,CONFLICT_OR_COMPOSITE,CRIMEA_AND_RUSSIA_TEXT,EVENT_FORM_UNRESOLVED,NO_DECISIVE_EVENT_FORM_CUE,,P3_SCOPE_CONFLICT_COMPOSITE,TRUE,,UNIQUE_EXACT_REPORT_LEVEL,53220,NO_EXACT_REPORT_DUPLICATE,PENDING
196390,20220622,1,182481,nv,https://nv.ua/ukr/ukraine/events/zsu-znishchili-arsenal-zs-rf-u-hersonskiy-oblasti-video-novini-ukrajini-50251518.html,AMMUNITION_ARSENAL,арсенал,знищ,706448,Kherson,Kherson,Khersons'ka,32.614962,46.640319,REVIEW,REVIEW_NAME_ONLY_RU_SUPPORT,,,Kherson,a_ukr_init_b,,a_ukr_b,0,a_rus_init_b,,a_rus_b,0,,,У соцмережах повідомили про знищення арсеналу РФ у Херсонській області — відео,REVIEW_LOCATION_AMBIGUOUS,REVIEW_NAME_ONLY_RU_SUPPORT,FALSE,UKRAINE_OCCUPIED_OTHER,OCCUPIED_UA_TEXT,EVENT_FORM_UNRESOLVED,NO_DECISIVE_EVENT_FORM_CUE,,P5_OCCUPIED_UA_OTHER,TRUE,,UNIQUE_EXACT_REPORT_LEVEL,196390,NO_EXACT_REPORT_DUPLICATE,PENDING
51609,20220622,1,182569,nv,https://nv.ua/ukr/ukraine/events/u-skadovsku-chutno-vibuhi-pershi-podrobici-50251715.html,PORT_EXPORT_LOGISTICS,порт,вибух,693709,Skadovsk,,,32.908792,46.11287,REVIEW,REVIEW_DISPUTED_CRIMEA,,,,a_ukr_init_b,,a_ukr_b,0,a_rus_init_b,,a_rus_b,0,,,"У Скадовську прогриміли вибухи, є влучення в морський порт",REVIEW_LOCATION_AMBIGUOUS,REVIEW_DISPUTED_CRIMEA,FALSE,UNKNOWN,NO_DECISIVE_SCOPE_TEXT,FRESH_ATTACK_WORDING,FRESH_ATTACK_CUE,,P6_SCOPE_UNKNOWN,TRUE,,UNIQUE_EXACT_REPORT_LEVEL,51609,NO_EXACT_REPORT_DUPLICATE,PENDING
102413,20220623,1,37982,interfaxua,https://interfax.com.ua/news/general/841019.html,FUEL_STORAGE_TERMINAL,нафтобаз,пожеж,699445,Novomoskovsk,Dnipropetrovs'k,Novomoskovs'kyi,35.2588714,48.6379626,REVIEW,REVIEW_NAME_ONLY_RU_SUPPORT,,,Novomoskovsk,a_ukr_init_b,,a_ukr_b,0,a_rus_init_b,,a_rus_b,1,,,Рятувальники загасили пожежу на нафтобазі у Новомосковському районі - голова ОВА,REVIEW_LOCATION_AMBIGUOUS,REVIEW_NAME_ONLY_RU_SUPPORT,FALSE,UNKNOWN,NO_DECISIVE_SCOPE_TEXT,EVENT_FORM_UNRESOLVED,NO_DECISIVE_EVENT_FORM_CUE,,P6_SCOPE_UNKNOWN,TRUE,,UNIQUE_EXACT_REPORT_LEVEL,102413,NO_EXACT_REPORT_DUPLICATE,PENDING
165184,20220623,1,71212,liveuamap,https://twitter.com/hochu_dodomu/status/1539502671601745922,AMMUNITION_ARSENAL,склад з боєприпас,вибух,703614,Kurilovka,Kherson,Bilozers'kyi,32.43301,46.74268,REVIEW,REVIEW_NAME_ONLY_RU_SUPPORT,,,Kurilovka,a_ukr_init_b,,a_ukr_b,0,a_rus_init_b,,a_rus_b,0,,,Між Киселівкою та Чорнобаївкою Херсонської області вибухнув склад з боєприпасами,REVIEW_LOCATION_AMBIGUOUS,REVIEW_NAME_ONLY_RU_SUPPORT,FALSE,UKRAINE_OCCUPIED_OTHER,OCCUPIED_UA_TEXT,EVENT_FORM_UNRESOLVED,NO_DECISIVE_EVENT_FORM_CUE,EXACT2022-0022,P5_OCCUPIED_UA_OTHER,TRUE,EXACT2022-0022,CANONICAL,165184,EXACT_SOURCE_URL_AND_REPRESENTATIVE_TEXT,PENDING
221478,20220623,1,182614,nv,https://nv.ua/ukr/ukraine/events/rosiya-atakuye-raketami-rf-vipustila-raketi-z-litakiv-tu-95ms-novini-ukrajini-50333902.html,STRATEGIC_AIRBASE,аеродром,атак|пошкодж|ракет,707153,Kalinovka,Khmel'nyts'kyy,Khmel'nyts'kyi,26.92966,49.507388,REVIEW,REVIEW_NAME_ONLY_RU_SUPPORT,,,Kalinovka,a_ukr_init_b,,a_ukr_b,0,a_rus_init_b,,a_rus_b,1,,,"Нічна атака РФ. Ціллю був військовий аеродром на Хмельниччині, усі 13 ракет збила ППО, пошкоджено приватні будинки — головне",REVIEW_LOCATION_AMBIGUOUS,REVIEW_NAME_ONLY_RU_SUPPORT,FALSE,UNKNOWN,NO_DECISIVE_SCOPE_TEXT,EVENT_FORM_UNRESOLVED,NO_DECISIVE_EVENT_FORM_CUE,,P6_SCOPE_UNKNOWN,TRUE,,UNIQUE_EXACT_REPORT_LEVEL,221478,NO_EXACT_REPORT_DUPLICATE,PENDING
196496,20220629,1,38237,interfaxua,https://interfax.com.ua/news/general/842410.html,AMMUNITION_ARSENAL,склади боєприпас,знищ|удар,706448,Kherson,Kherson,Khersons'ka,32.614962,46.640319,REVIEW,REVIEW_NAME_ONLY_RU_SUPPORT,,,Kherson,a_ukr_init_b,,a_ukr_b,0,a_rus_init_b,,a_rus_b,0,Україн,,"Українські військові завдали удару по російських окупантах на кордоні Миколаївської та Херсонської областей, знищено 22 загарбників і два склади боєприпасів",REVIEW_LOCATION_AMBIGUOUS,REVIEW_NAME_ONLY_RU_SUPPORT,FALSE,UKRAINE_OCCUPIED_OTHER,OCCUPIED_UA_TEXT,EVENT_FORM_UNRESOLVED,NO_DECISIVE_EVENT_FORM_CUE,,P5_OCCUPIED_UA_OTHER,TRUE,,UNIQUE_EXACT_REPORT_LEVEL,196496,NO_EXACT_REPORT_DUPLICATE,PENDING
196501,20220629,1,1626802,meduza,https://t.me/hueviyherson/21326,STRATEGIC_AIRBASE,аэродром,пожар|удар,706448,Kherson,Kherson,Khersons'ka,32.614962,46.640319,REVIEW,REVIEW_NAME_ONLY_RU_SUPPORT,,,Kherson,a_ukr_init_b,,a_ukr_b,0,a_rus_init_b,,a_rus_b,0,украин,твер,"Как утверждается, пожар (вероятно, после украинских ударов) на аэродроме Чернобаевка под Херсоном. Украинские силы уже много раз наносили удары по аэродрому.",REVIEW_LOCATION_AMBIGUOUS,REVIEW_NAME_ONLY_RU_SUPPORT,FALSE,CONFLICT_OR_COMPOSITE,OCCUPIED_UA_AND_RUSSIA_TEXT,EVENT_FORM_UNRESOLVED,NO_DECISIVE_EVENT_FORM_CUE,EXACT2022-0023,P3_SCOPE_CONFLICT_COMPOSITE,TRUE,EXACT2022-0023,CANONICAL,196501,EXACT_SOURCE_URL_AND_REPRESENTATIVE_TEXT,PENDING
236555,20220702,1,1759529,liveuamap,https://t.me/lumsrc/2006,REFINING_PETROCHEM_GAS,НПЗ,удар,709717,Donetsk,Donets'k,Donets'ka,37.80285,48.015884,REVIEW,REVIEW_NAME_ONLY_RU_SUPPORT,,,Donetsk,a_ukr_init_b,,a_ukr_b,0,a_rus_init_b,,a_rus_b,1,ЗСУ,,"На Донецькому напрямку російські війська намагаються блокувати Лисичанськ і захопити трасу Лисичанськ-Бахмут. Російська артилерія обстріляла Лисичанськ, Верхньокам'янку та Сіверськ. Російська авіація завдала авіаудару поблизу Вовчоярівки. Тривають штурми Верхньокам'янки та Лисичанського НПЗ, – йдеться у ранковому звіті Генштабу ЗСУ.",REVIEW_LOCATION_AMBIGUOUS,REVIEW_NAME_ONLY_RU_SUPPORT,FALSE,UKRAINE_OCCUPIED_OTHER,OCCUPIED_UA_TEXT,EVENT_FORM_UNRESOLVED,NO_DECISIVE_EVENT_FORM_CUE,EXACT2022-0024,P5_OCCUPIED_UA_OTHER,TRUE,EXACT2022-0024,CANONICAL,236555,EXACT_SOURCE_URL_AND_REPRESENTATIVE_TEXT,PENDING
329159,20220702,1,1626825,meduza,https://t.me/msgazdiev/970?single,AMMUNITION_ARSENAL,"склад селитры, украинские военные уверены, что уничтожили склад боеприпас",уничтож,9115547,Druzhba,Luhans'k,Popasnians'kyi,38.297586,48.643014,REVIEW,REVIEW_NAME_ONLY_RU_SUPPORT,,,Druzhba,a_ukr_init_b,,a_ukr_b,1,a_rus_init_b,,a_rus_b,0,украин,,"Большая воронка в поселке Дружба рядом с Попасной. Власти ЛНР сообщают, что украинский снаряд попал в склад селитры, украинские военные уверены, что уничтожили склад боеприпасов.",REVIEW_LOCATION_AMBIGUOUS,REVIEW_NAME_ONLY_RU_SUPPORT,FALSE,UNKNOWN,NO_DECISIVE_SCOPE_TEXT,EVENT_FORM_UNRESOLVED,NO_DECISIVE_EVENT_FORM_CUE,,P6_SCOPE_UNKNOWN,TRUE,,UNIQUE_EXACT_REPORT_LEVEL,329159,NO_EXACT_REPORT_DUPLICATE,PENDING
53324,20220702,4,1384669,nv,https://nv.ua/ukr/ukraine/events/znishcheni-propagandoyu-litaki-zsu-urazili-sklad-boyepripasiv-u-krimu-oleshchuk-pislya-udaru-rf-po-mirgorodu-50431720.html,AMMUNITION_ARSENAL,склад боєприпас,Знищ|удар,693805,Simferopol,Crimea,Simferopol's'ka,34.0994127132379,44.9536335,REVIEW,REVIEW_DISPUTED_CRIMEA,,,,a_ukr_init_b,,a_ukr_b,0,a_rus_init_b,,a_rus_b,0,ЗСУ,,«Знищені» пропагандою літаки ЗСУ уразили склад боєприпасів у Криму — Олещук після удару РФ по Миргороду — відео,REVIEW_LOCATION_AMBIGUOUS,REVIEW_DISPUTED_CRIMEA,FALSE,CRIMEA_SEVASTOPOL,CRIMEA_TEXT,FRESH_WITH_FOLLOWUP_WORDING,FRESH_AND_FOLLOWUP_CUES,,P4_CRIMEA,TRUE,,UNIQUE_EXACT_REPORT_LEVEL,53324,NO_EXACT_REPORT_DUPLICATE,PENDING
236570,20220704,1,313878,nv,https://nv.ua/ukr/ukraine/events/video-bilya-donecka-progrimiv-potuzhniy-vibuh-povidomlyayut-pro-pozhezhu-na-naftobazi-novini-ukrajini-50336564.html,FUEL_STORAGE_TERMINAL,нафтобаз,вибух|пожеж,709717,Donetsk,Donets'k,Donets'ka,37.80285,48.015884,REVIEW,REVIEW_NAME_ONLY_RU_SUPPORT,,,Donetsk,a_ukr_init_b,,a_ukr_b,0,a_rus_init_b,,a_rus_b,0,,,"Біля Донецька прогримів потужний вибух, пабліки повідомляють про пожежу на нафтобазі - відео",REVIEW_LOCATION_AMBIGUOUS,REVIEW_NAME_ONLY_RU_SUPPORT,FALSE,UKRAINE_OCCUPIED_OTHER,OCCUPIED_UA_TEXT,EVENT_FORM_UNRESOLVED,NO_DECISIVE_EVENT_FORM_CUE,,P5_OCCUPIED_UA_OTHER,TRUE,,UNIQUE_EXACT_REPORT_LEVEL,236570,NO_EXACT_REPORT_DUPLICATE,PENDING
236578,20220705,30,183749,nv,https://nv.ua/ukr/ukraine/events/z-yavilosya-video-zi-znishchenim-skladom-zs-rf-u-donecku-novini-ukrajini-50254426.html,AMMUNITION_ARSENAL,арсенал,знищ,709717,Donetsk,Donets'k,Donets'ka,37.80285,48.015884,REVIEW,REVIEW_NAME_ONLY_RU_SUPPORT,,,Donetsk,a_ukr_init_b,,a_ukr_b,0,a_rus_init_b,,a_rus_b,0,,,"Очевидці показали, що залишилося від арсеналу РФ, знищеного в окупованому Донецьку — відео",REVIEW_LOCATION_AMBIGUOUS,REVIEW_NAME_ONLY_RU_SUPPORT,FALSE,UKRAINE_OCCUPIED_OTHER,OCCUPIED_UA_TEXT,EVENT_FORM_UNRESOLVED,NO_DECISIVE_EVENT_FORM_CUE,,P5_OCCUPIED_UA_OTHER,TRUE,,UNIQUE_EXACT_REPORT_LEVEL,236578,NO_EXACT_REPORT_DUPLICATE,PENDING
236583,20220705,3,1665141|1759877|1759879,liveuamap|pravdaua,https://twitter.com/CaucasianRebel/status/1544011958332129282|https://twitter.com/GirkinGirkin/status/1543998583925604353|https://www.pravda.com.ua/news/2022/07/5/7356436/,AMMUNITION_ARSENAL,склад боєприпас|складах з боєприпас|складі боєприпас,Вибух|вибух,709717,Donetsk,Donets'k,Donets'ka,37.80285,48.015884,REVIEW,REVIEW_NAME_ONLY_RU_SUPPORT,,,Donetsk,a_ukr_init_b,,a_ukr_b,0,a_rus_init_b,,a_rus_b,0,,,В окупованому Донецьку вибухнув склад боєприпасів. || Вибухи на складах з боєприпасами на Донецькому вокзалі || Вибух на іншому складі боєприпасів у Донецьку,REVIEW_LOCATION_AMBIGUOUS,REVIEW_NAME_ONLY_RU_SUPPORT,FALSE,UKRAINE_OCCUPIED_OTHER,OCCUPIED_UA_TEXT,EVENT_FORM_UNRESOLVED,NO_DECISIVE_EVENT_FORM_CUE,,P5_OCCUPIED_UA_OTHER,TRUE,,UNIQUE_EXACT_REPORT_LEVEL,236583,NO_EXACT_REPORT_DUPLICATE,PENDING
236587,20220705,3,326509,espreso,https://espreso.tv/khtos-ne-tam-virishiv-zapaliti-tsigarku-v-donetsku-prolunali-vibukhi-gorit-sklad-boepripasiv,AMMUNITION_ARSENAL,склад боєприпас,вибух,709717,Donetsk,Donets'k,Donets'ka,37.80285,48.015884,REVIEW,REVIEW_NAME_ONLY_RU_SUPPORT,,,Donetsk,a_ukr_init_b,,a_ukr_b,0,a_rus_init_b,,a_rus_b,0,,,"""""Хтось не там вирішив запалити цигарку"""": в Донецьку пролунали вибухи, горить склад боєприпасів",REVIEW_LOCATION_AMBIGUOUS,REVIEW_NAME_ONLY_RU_SUPPORT,FALSE,UKRAINE_OCCUPIED_OTHER,OCCUPIED_UA_TEXT,EVENT_FORM_UNRESOLVED,NO_DECISIVE_EVENT_FORM_CUE,,P5_OCCUPIED_UA_OTHER,TRUE,,UNIQUE_EXACT_REPORT_LEVEL,236587,NO_EXACT_REPORT_DUPLICATE,PENDING
49762,20220705,1,73122,liveuamap,https://twitter.com/olehbatkovych/status/1543840403551559682,AMMUNITION_ARSENAL,склад з боєприпас,вибух,693381,Snizhne,Donets'k,Snizhnens'ka,38.77118,48.02865,REVIEW,REVIEW_COORDINATE_NEAR_RU,17.316,709709,Donetskiy Kryazh,a_ukr_init_b,,a_ukr_b,0,a_rus_init_b,,a_rus_b,0,,,У Сніжному вибухнув склад з боєприпасами,REVIEW_LOCATION_AMBIGUOUS,REVIEW_COORDINATE_NEAR_RU,FALSE,UNKNOWN,NO_DECISIVE_SCOPE_TEXT,EVENT_FORM_UNRESOLVED,NO_DECISIVE_EVENT_FORM_CUE,,P6_SCOPE_UNKNOWN,TRUE,,UNIQUE_EXACT_REPORT_LEVEL,49762,NO_EXACT_REPORT_DUPLICATE,PENDING
53351,20220705,1,1703021,unian,https://www.unian.ua/war/na-teritoriyu-viyskovogo-aerodromu-v-okupovanomu-krimu-pribula-chergova-partiya-raket-novini-vtorgnennya-rosiji-v-ukrajinu-11891196.html,STRATEGIC_AIRBASE,аеродром,ракет,693805,Simferopol,Crimea,Simferopol's'ka,34.0994127132379,44.9536335,REVIEW,REVIEW_DISPUTED_CRIMEA,,,,a_ukr_init_b,,a_ukr_b,0,a_rus_init_b,,a_rus_b,0,,,До військового аеродрому в Криму прибула чергова партія ракет – військовий експерт,REVIEW_LOCATION_AMBIGUOUS,REVIEW_DISPUTED_CRIMEA,FALSE,CRIMEA_SEVASTOPOL,CRIMEA_TEXT,EVENT_FORM_UNRESOLVED,NO_DECISIVE_EVENT_FORM_CUE,,P4_CRIMEA,TRUE,,UNIQUE_EXACT_REPORT_LEVEL,53351,NO_EXACT_REPORT_DUPLICATE,PENDING
84851,20220705,1,1626890,meduza,https://t.me/rybar/35393,AMMUNITION_ARSENAL,складу боеприпас,удар,697302,Petrovskiy,Donets'k,Donets'ka,37.645046,47.930239,REVIEW,REVIEW_NAME_ONLY_RU_SUPPORT,,,Petrovskiy,a_ukr_init_b,,a_ukr_b,0,a_rus_init_b,,a_rus_b,0,Украин,,Украинские формирования нанесли удар по складу боеприпасов на заводе ДЗТО в Петровском районе Донецка..,REVIEW_LOCATION_AMBIGUOUS,REVIEW_NAME_ONLY_RU_SUPPORT,FALSE,UKRAINE_OCCUPIED_OTHER,OCCUPIED_UA_TEXT,EVENT_FORM_UNRESOLVED,NO_DECISIVE_EVENT_FORM_CUE,,P5_OCCUPIED_UA_OTHER,TRUE,,UNIQUE_EXACT_REPORT_LEVEL,84851,NO_EXACT_REPORT_DUPLICATE,PENDING
196584,20220706,1,326582,espreso,https://espreso.tv/partizani-znishchili-vorozhiy-sklad-boepripasiv-u-khersoni-i-zapisali-poslannya-okupantam-tsaplienko,AMMUNITION_ARSENAL,склад боєприпас,знищ,706448,Kherson,Kherson,Khersons'ka,32.614962,46.640319,REVIEW,REVIEW_NAME_ONLY_RU_SUPPORT,,,Kherson,a_ukr_init_b,,a_ukr_b,1,a_rus_init_b,,a_rus_b,0,,,Партизани знищили ворожий склад боєприпасів у Херсоні і записали послання окупантам,REVIEW_LOCATION_AMBIGUOUS,REVIEW_NAME_ONLY_RU_SUPPORT,FALSE,UKRAINE_OCCUPIED_OTHER,OCCUPIED_UA_TEXT,EVENT_FORM_UNRESOLVED,NO_DECISIVE_EVENT_FORM_CUE,,P5_OCCUPIED_UA_OTHER,TRUE,,UNIQUE_EXACT_REPORT_LEVEL,196584,NO_EXACT_REPORT_DUPLICATE,PENDING
196586,20220706,2,20673,24tvua,https://24tv.ua/viyna-ukrayini-partizani-hersoni-znishhili-sklad-boyepripasiv_n2075081,AMMUNITION_ARSENAL,склад боєприпас,знищ,706448,Kherson,Kherson,Khersons'ka,32.614962,46.640319,REVIEW,REVIEW_NAME_ONLY_RU_SUPPORT,,,Kherson,a_ukr_init_b,,a_ukr_b,0,a_rus_init_b,,a_rus_b,1,,,Партизани знищили ворожий склад боєприпасів біля вокзалу Херсона і записали окупантам послання,REVIEW_LOCATION_AMBIGUOUS,REVIEW_NAME_ONLY_RU_SUPPORT,FALSE,UKRAINE_OCCUPIED_OTHER,OCCUPIED_UA_TEXT,EVENT_FORM_UNRESOLVED,NO_DECISIVE_EVENT_FORM_CUE,,P5_OCCUPIED_UA_OTHER,TRUE,,UNIQUE_EXACT_REPORT_LEVEL,196586,NO_EXACT_REPORT_DUPLICATE,PENDING
236594,20220706,3,1760032|1760127|1760129,liveuamap,https://twitter.com/CaucasianRebel/status/1544011958332129282|https://twitter.com/GirkinGirkin/status/1543998583925604353|https://twitter.com/den_kazansky/status/1544313516554854400,AMMUNITION_ARSENAL,складах з боєприпас|складу з боєприпас|складі боєприпас,Вибух|вибух,709717,Donetsk,Donets'k,Donets'ka,37.80285,48.015884,REVIEW,REVIEW_NAME_ONLY_RU_SUPPORT,,,Donetsk,a_ukr_init_b,,a_ukr_b,0,a_rus_init_b,,a_rus_b,0,,,Боєприпаси валяються на вулицях Донецька після вибуху складу з боєприпасами в Камаз-центрі || Вибухи на складах з боєприпасами на Донецькому вокзалі || Вибух на іншому складі боєприпасів у Донецьку,REVIEW_LOCATION_AMBIGUOUS,REVIEW_NAME_ONLY_RU_SUPPORT,FALSE,UKRAINE_OCCUPIED_OTHER,OCCUPIED_UA_TEXT,EVENT_FORM_UNRESOLVED,NO_DECISIVE_EVENT_FORM_CUE,,P5_OCCUPIED_UA_OTHER,TRUE,,UNIQUE_EXACT_REPORT_LEVEL,236594,NO_EXACT_REPORT_DUPLICATE,PENDING
236609,20220706,1,1665182,pravdaua,https://www.pravda.com.ua/news/2022/07/6/7356709/,FUEL_STORAGE_TERMINAL,нафтобаз,пожеж,709717,Donetsk,Donets'k,Donets'ka,37.80285,48.015884,REVIEW,REVIEW_NAME_ONLY_RU_SUPPORT,,,Donetsk,a_ukr_init_b,,a_ukr_b,0,a_rus_init_b,,a_rus_b,1,,,РосЗМІ заявили про пожежу на нафтобазі в окупованому Донецьку.,REVIEW_LOCATION_AMBIGUOUS,REVIEW_NAME_ONLY_RU_SUPPORT,FALSE,UKRAINE_OCCUPIED_OTHER,OCCUPIED_UA_TEXT,EVENT_FORM_UNRESOLVED,NO_DECISIVE_EVENT_FORM_CUE,,P5_OCCUPIED_UA_OTHER,TRUE,,UNIQUE_EXACT_REPORT_LEVEL,236609,NO_EXACT_REPORT_DUPLICATE,PENDING
298705,20220706,3,73188,liveuamap,https://twitter.com/den_kazansky/status/1544313516554854400,AMMUNITION_ARSENAL,складу з боєприпас,вибух,803770,Vetka,Donets'k,Donets'ka,37.75752,48.03488,REVIEW,REVIEW_NAME_ONLY_RU_SUPPORT,,,Vetka,a_ukr_init_b,,a_ukr_b,0,a_rus_init_b,,a_rus_b,1,,,Боєприпаси валяються на вулицях Донецька після вибуху складу з боєприпасами в Камаз-центрі,REVIEW_LOCATION_AMBIGUOUS,REVIEW_NAME_ONLY_RU_SUPPORT,FALSE,UKRAINE_OCCUPIED_OTHER,OCCUPIED_UA_TEXT,EVENT_FORM_UNRESOLVED,NO_DECISIVE_EVENT_FORM_CUE,EXACT2022-0025,P5_OCCUPIED_UA_OTHER,TRUE,EXACT2022-0025,CANONICAL,298705,EXACT_SOURCE_URL_AND_REPRESENTATIVE_TEXT,PENDING
196589,20220707,1,1641742,liga,https://news.liga.net/politics/news/v-nikolaevskoy-oblasti-unichtojeny-tri-sklada-boepripasov-rf-v-hersone-odin-s-goryuchim,AMMUNITION_ARSENAL,склада боеприпас,уничтож,706448,Kherson,Kherson,Khersons'ka,32.614962,46.640319,REVIEW,REVIEW_NAME_ONLY_RU_SUPPORT,,,Kherson,a_ukr_init_b,,a_ukr_b,0,a_rus_init_b,,a_rus_b,0,,,"В Николаевской области уничтожены три склада боеприпасов РФ, в Херсоне – один с горючим",REVIEW_LOCATION_AMBIGUOUS,REVIEW_NAME_ONLY_RU_SUPPORT,FALSE,UKRAINE_OCCUPIED_OTHER,OCCUPIED_UA_TEXT,EVENT_FORM_UNRESOLVED,NO_DECISIVE_EVENT_FORM_CUE,,P5_OCCUPIED_UA_OTHER,TRUE,,UNIQUE_EXACT_REPORT_LEVEL,196589,NO_EXACT_REPORT_DUPLICATE,PENDING
236612,20220707,11,258151,ria,https://ria.ru/20220707/donetsk-1801055677.html,FUEL_STORAGE_TERMINAL,нефтебаз,атак,709717,Donetsk,Donets'k,Donets'ka,37.80285,48.015884,REVIEW,REVIEW_NAME_ONLY_RU_SUPPORT,,,Donetsk,a_ukr_init_b,,a_ukr_b,0,a_rus_init_b,,a_rus_b,0,Украин,,Украинские войска вновь атаковали нефтебазу в Донецке,REVIEW_LOCATION_AMBIGUOUS,REVIEW_NAME_ONLY_RU_SUPPORT,FALSE,UKRAINE_OCCUPIED_OTHER,OCCUPIED_UA_TEXT,FRESH_ATTACK_WORDING,FRESH_ATTACK_CUE,,P5_OCCUPIED_UA_OTHER,TRUE,,UNIQUE_EXACT_REPORT_LEVEL,236612,NO_EXACT_REPORT_DUPLICATE,PENDING
236613,20220707,1,1760164,liveuamap,https://t.me/chanel24/46053,FUEL_STORAGE_TERMINAL,нафтобаз,Пожеж,709717,Donetsk,Donets'k,Donets'ka,37.80285,48.015884,REVIEW,REVIEW_NAME_ONLY_RU_SUPPORT,,,Donetsk,a_ukr_init_b,,a_ukr_b,0,a_rus_init_b,,a_rus_b,0,,,Пожежа на нафтобазі в Донецьку,REVIEW_LOCATION_AMBIGUOUS,REVIEW_NAME_ONLY_RU_SUPPORT,FALSE,UKRAINE_OCCUPIED_OTHER,OCCUPIED_UA_TEXT,EVENT_FORM_UNRESOLVED,NO_DECISIVE_EVENT_FORM_CUE,EXACT2022-0026,P5_OCCUPIED_UA_OTHER,TRUE,EXACT2022-0026,CANONICAL,236613,EXACT_SOURCE_URL_AND_REPRESENTATIVE_TEXT,PENDING
236626,20220708,1,183937,nv,https://nv.ua/ukr/ukraine/events/vibuhi-u-donecku-ta-shahtarsku-7-lipnya-novini-ukrajini-50255036.html,AMMUNITION_ARSENAL,склад боєприпас,вибух,709717,Donetsk,Donets'k,Donets'ka,37.80285,48.015884,REVIEW,REVIEW_NAME_ONLY_RU_SUPPORT,,,Donetsk,a_ukr_init_b,,a_ukr_b,0,a_rus_init_b,,a_rus_b,0,,,"В окупованих Донецьку та Шахтарську погриміли вибухи, склад боєприпасів горить кілька годин",REVIEW_LOCATION_AMBIGUOUS,REVIEW_NAME_ONLY_RU_SUPPORT,FALSE,UKRAINE_OCCUPIED_OTHER,OCCUPIED_UA_TEXT,EVENT_FORM_UNRESOLVED,NO_DECISIVE_EVENT_FORM_CUE,,P5_OCCUPIED_UA_OTHER,TRUE,,UNIQUE_EXACT_REPORT_LEVEL,236626,NO_EXACT_REPORT_DUPLICATE,PENDING
236631,20220708,1,183938,nv,https://nv.ua/ukr/ukraine/events/vibuhi-u-donecku-ta-shahtarsku-7-lipnya-novini-ukrajini-50255036.html,AMMUNITION_ARSENAL,склад боєприпас,вибух,709717,Donetsk,Donets'k,Donets'ka,37.80285,48.015884,REVIEW,REVIEW_NAME_ONLY_RU_SUPPORT,,,Donetsk,a_ukr_init_b,,a_ukr_b,0,a_rus_init_b,,a_rus_b,0,,,"В окупованих Донецьку та Шахтарську пролунали вибухи, склад боєприпасів горить кілька годин",REVIEW_LOCATION_AMBIGUOUS,REVIEW_NAME_ONLY_RU_SUPPORT,FALSE,UKRAINE_OCCUPIED_OTHER,OCCUPIED_UA_TEXT,EVENT_FORM_UNRESOLVED,NO_DECISIVE_EVENT_FORM_CUE,,P5_OCCUPIED_UA_OTHER,TRUE,,UNIQUE_EXACT_REPORT_LEVEL,236631,NO_EXACT_REPORT_DUPLICATE,PENDING
196624,20220709,2,184007,nv,https://nv.ua/ukr/ukraine/events/herson-u-chornobajivci-pozhezha-i-detonuyut-boyepripasi-rosiyan-50255310.html,AMMUNITION_ARSENAL,склади окупантів із боєприпас,вибух,706448,Kherson,Kherson,Khersons'ka,32.614962,46.640319,REVIEW,REVIEW_NAME_ONLY_RU_SUPPORT,,,Kherson,a_ukr_init_b,,a_ukr_b,0,a_rus_init_b,,a_rus_b,0,,,У Херсоні чують вибухи. Біля міста горять склади окупантів із боєприпасами,REVIEW_LOCATION_AMBIGUOUS,REVIEW_NAME_ONLY_RU_SUPPORT,FALSE,UKRAINE_OCCUPIED_OTHER,OCCUPIED_UA_TEXT,EVENT_FORM_UNRESOLVED,NO_DECISIVE_EVENT_FORM_CUE,,P5_OCCUPIED_UA_OTHER,TRUE,,UNIQUE_EXACT_REPORT_LEVEL,196624,NO_EXACT_REPORT_DUPLICATE,PENDING
196627,20220709,1,20846,24tvua,https://24tv.ua/hersoni-chutno-potuzhni-vibuhi-ymovirno-detonuyut-rosiyski-skladi_n2087160,AMMUNITION_ARSENAL,склади боєприпас,вибух,706448,Kherson,Kherson,Khersons'ka,32.614962,46.640319,REVIEW,REVIEW_NAME_ONLY_RU_SUPPORT,,,Kherson,a_ukr_init_b,,a_ukr_b,0,a_rus_init_b,,a_rus_b,0,,,"У Херсоні чутно потужні вибухи: ймовірно, детонують російські склади боєприпасів, – ЗМІ",REVIEW_LOCATION_AMBIGUOUS,REVIEW_NAME_ONLY_RU_SUPPORT,FALSE,UKRAINE_OCCUPIED_OTHER,OCCUPIED_UA_TEXT,EVENT_FORM_UNRESOLVED,NO_DECISIVE_EVENT_FORM_CUE,,P5_OCCUPIED_UA_OTHER,TRUE,,UNIQUE_EXACT_REPORT_LEVEL,196627,NO_EXACT_REPORT_DUPLICATE,PENDING
196628,20220709,1,1641775,liga,https://news.liga.net/all/video/herson-u-okkupantov-goryat-i-vzryvayutsya-sklady-boepripasov-rabotaet-pvo-vraga-video,AMMUNITION_ARSENAL,склады боеприпас,взрыв,706448,Kherson,Kherson,Khersons'ka,32.614962,46.640319,REVIEW,REVIEW_NAME_ONLY_RU_SUPPORT,,,Kherson,a_ukr_init_b,,a_ukr_b,0,a_rus_init_b,,a_rus_b,0,,,"Херсон. У оккупантов горят и взрываются склады боеприпасов, работает ПВО врага: видео",REVIEW_LOCATION_AMBIGUOUS,REVIEW_NAME_ONLY_RU_SUPPORT,FALSE,UKRAINE_OCCUPIED_OTHER,OCCUPIED_UA_TEXT,EVENT_FORM_UNRESOLVED,NO_DECISIVE_EVENT_FORM_CUE,,P5_OCCUPIED_UA_OTHER,TRUE,,UNIQUE_EXACT_REPORT_LEVEL,196628,NO_EXACT_REPORT_DUPLICATE,PENDING
193154,20220710,2,73772,liveuamap,https://twitter.com/babaikit/status/1545649107305467907,AMMUNITION_ARSENAL,складах боєприпас,вибух,706448,Kherson,Kherson,Khersons'ka,32.60708,46.65651,REVIEW,REVIEW_NAME_ONLY_RU_SUPPORT,,,Kherson,a_ukr_init_b,,a_ukr_b,0,a_rus_init_b,,a_rus_b,0,,,У Херсоні стався вибух на військових складах боєприпасів,REVIEW_LOCATION_AMBIGUOUS,REVIEW_NAME_ONLY_RU_SUPPORT,FALSE,UKRAINE_OCCUPIED_OTHER,OCCUPIED_UA_TEXT,EVENT_FORM_UNRESOLVED,NO_DECISIVE_EVENT_FORM_CUE,EXACT2022-0027,P5_OCCUPIED_UA_OTHER,TRUE,EXACT2022-0027,CANONICAL,193154,EXACT_SOURCE_URL_AND_REPRESENTATIVE_TEXT,PENDING
196632,20220710,7,38671,interfaxua,https://interfax.com.ua/news/general/845051.html,AMMUNITION_ARSENAL,склади з боєприпас,знищ,706448,Kherson,Kherson,Khersons'ka,32.614962,46.640319,REVIEW,REVIEW_NAME_ONLY_RU_SUPPORT,,,Kherson,a_ukr_init_b,,a_ukr_b,0,a_rus_init_b,,a_rus_b,0,Україн,,Українські військові знищили пункт управління росгвардії поблизу Херсона та чотири склади з боєприпасами,REVIEW_LOCATION_AMBIGUOUS,REVIEW_NAME_ONLY_RU_SUPPORT,FALSE,UKRAINE_OCCUPIED_OTHER,OCCUPIED_UA_TEXT,EVENT_FORM_UNRESOLVED,NO_DECISIVE_EVENT_FORM_CUE,,P5_OCCUPIED_UA_OTHER,TRUE,,UNIQUE_EXACT_REPORT_LEVEL,196632,NO_EXACT_REPORT_DUPLICATE,PENDING
196679,20220712,3,1703411|1760715,liveuamap|unian,https://twitter.com/XEPCOH_UA/status/1546581235132252160|https://www.unian.ua/war/udar-zsu-po-skladu-v-noviy-kahovci-rosiyski-boyepripasi-vse-shche-detonuyut-novini-vtorgnennya-rosiji-v-ukrajinu-11899908.html,AMMUNITION_ARSENAL,склад з боєприпас|складі боєприпас,Вибух|вибух,706448,Kherson,Kherson,Khersons'ka,32.614962,46.640319,REVIEW,REVIEW_NAME_ONLY_RU_SUPPORT,,,Kherson,a_ukr_init_b,,a_ukr_b,0,a_rus_init_b,,a_rus_b,0,,,У Новій Каховці досі вибухає російський склад з боєприпасами - голова Херсонської ОВА || Вибухи на складі боєприпасів у Новій Каховці Херсонської області,REVIEW_LOCATION_AMBIGUOUS,REVIEW_NAME_ONLY_RU_SUPPORT,FALSE,UKRAINE_OCCUPIED_OTHER,OCCUPIED_UA_TEXT,EVENT_FORM_UNRESOLVED,NO_DECISIVE_EVENT_FORM_CUE,,P5_OCCUPIED_UA_OTHER,TRUE,,UNIQUE_EXACT_REPORT_LEVEL,196679,NO_EXACT_REPORT_DUPLICATE,PENDING
196680,20220712,1,1760727,liveuamap,https://twitter.com/UKRINFORM/status/1546510969505030144,STRATEGIC_AIRBASE,аеродром,вибух,706448,Kherson,Kherson,Khersons'ka,32.614962,46.640319,REVIEW,REVIEW_NAME_ONLY_RU_SUPPORT,,,Kherson,a_ukr_init_b,,a_ukr_b,0,a_rus_init_b,,a_rus_b,0,,,Біля аеродрому Херсон пролунали вибухи,REVIEW_LOCATION_AMBIGUOUS,REVIEW_NAME_ONLY_RU_SUPPORT,FALSE,UKRAINE_OCCUPIED_OTHER,OCCUPIED_UA_TEXT,EVENT_FORM_UNRESOLVED,NO_DECISIVE_EVENT_FORM_CUE,EXACT2022-0028,P5_OCCUPIED_UA_OTHER,TRUE,EXACT2022-0028,CANONICAL,196680,EXACT_SOURCE_URL_AND_REPRESENTATIVE_TEXT,PENDING
196688,20220712,1,1665500,pravdaua,https://www.pravda.com.ua/news/2022/07/12/7357745/,AMMUNITION_ARSENAL,складів у Новій Каховці ЗСУ завдали удару по Чарівному на Херсонщині. Після ураження складів із боєприпасами у Новій Каховці 11 липня було завдано удару по російському склад боєприпас,удар,706448,Kherson,Kherson,Khersons'ka,32.614962,46.640319,REVIEW,REVIEW_NAME_ONLY_RU_SUPPORT,,,Kherson,a_ukr_init_b,,a_ukr_b,1,a_rus_init_b,,a_rus_b,0,ЗСУ,,Після ураження складів у Новій Каховці ЗСУ завдали удару по Чарівному на Херсонщині. Після ураження складів із боєприпасами у Новій Каховці 11 липня було завдано удару по російському склад боєприпасів в Чарівному Херсонської області.,REVIEW_LOCATION_AMBIGUOUS,REVIEW_NAME_ONLY_RU_SUPPORT,FALSE,UKRAINE_OCCUPIED_OTHER,OCCUPIED_UA_TEXT,EVENT_FORM_UNRESOLVED,NO_DECISIVE_EVENT_FORM_CUE,,P5_OCCUPIED_UA_OTHER,TRUE,,UNIQUE_EXACT_REPORT_LEVEL,196688,NO_EXACT_REPORT_DUPLICATE,PENDING
37837,20220712,1,1760734,liveuamap,https://twitter.com/_tredecim_/status/1546485871515500546,AMMUNITION_ARSENAL,складі боєприпас,вибух,691469,Tokmak,Zaporizhzhya,Tokmats'kyi,35.709191,47.255103,REVIEW,REVIEW_NAME_ONLY_RU_SUPPORT,,,Tokmak,a_ukr_init_b,,a_ukr_b,0,a_rus_init_b,,a_rus_b,0,,,У Токмаку сьогодні стався вибух на складі боєприпасів,REVIEW_LOCATION_AMBIGUOUS,REVIEW_NAME_ONLY_RU_SUPPORT,FALSE,UNKNOWN,NO_DECISIVE_SCOPE_TEXT,EVENT_FORM_UNRESOLVED,NO_DECISIVE_EVENT_FORM_CUE,EXACT2022-0029,P6_SCOPE_UNKNOWN,TRUE,EXACT2022-0029,CANONICAL,37837,EXACT_SOURCE_URL_AND_REPRESENTATIVE_TEXT,PENDING
196693,20220713,1,1761003,liveuamap,https://twitter.com/XEPCOH_UA/status/1546581235132252160,AMMUNITION_ARSENAL,складі боєприпас,Вибух,706448,Kherson,Kherson,Khersons'ka,32.614962,46.640319,REVIEW,REVIEW_NAME_ONLY_RU_SUPPORT,,,Kherson,a_ukr_init_b,,a_ukr_b,0,a_rus_init_b,,a_rus_b,0,,,Вибухи на складі боєприпасів у Новій Каховці Херсонської області,REVIEW_LOCATION_AMBIGUOUS,REVIEW_NAME_ONLY_RU_SUPPORT,FALSE,UKRAINE_OCCUPIED_OTHER,OCCUPIED_UA_TEXT,EVENT_FORM_UNRESOLVED,NO_DECISIVE_EVENT_FORM_CUE,,P5_OCCUPIED_UA_OTHER,TRUE,,UNIQUE_EXACT_REPORT_LEVEL,196693,NO_EXACT_REPORT_DUPLICATE,PENDING
196715,20220714,1,326917,espreso,https://espreso.tv/poblizu-khersona-zsu-znishchili-vorozhiy-sklad-boepripasiv-okupanti-tikayut-v-panitsi-upravlinnya-strategichnikh-komunikatsiy,AMMUNITION_ARSENAL,склад боєприпас,знищ,706448,Kherson,Kherson,Khersons'ka,32.614962,46.640319,REVIEW,REVIEW_NAME_ONLY_RU_SUPPORT,,,Kherson,a_ukr_init_b,,a_ukr_b,1,a_rus_init_b,,a_rus_b,0,ЗСУ,,"Поблизу Херсона ЗСУ знищили ворожий склад боєприпасів, окупанти тікають в паніці",REVIEW_LOCATION_AMBIGUOUS,REVIEW_NAME_ONLY_RU_SUPPORT,FALSE,UKRAINE_OCCUPIED_OTHER,OCCUPIED_UA_TEXT,EVENT_FORM_UNRESOLVED,NO_DECISIVE_EVENT_FORM_CUE,,P5_OCCUPIED_UA_OTHER,TRUE,,UNIQUE_EXACT_REPORT_LEVEL,196715,NO_EXACT_REPORT_DUPLICATE,PENDING
53452,20220717,1,327077,espreso,https://espreso.tv/ukraina-z-himars-mozhe-znishchuvati-aerodromi-ta-zaliznitsyu-v-krimu-ekspert-defense-express-kirichevskiy,STRATEGIC_AIRBASE,аеродром,знищ,693805,Simferopol,Crimea,Simferopol's'ka,34.0994127132379,44.9536335,REVIEW,REVIEW_DISPUTED_CRIMEA,,,,a_ukr_init_b,,a_ukr_b,1,a_rus_init_b,,a_rus_b,0,Україн,,Україна з HIMARS може знищувати аеродроми та залізницю в Криму,REVIEW_LOCATION_AMBIGUOUS,REVIEW_DISPUTED_CRIMEA,FALSE,CRIMEA_SEVASTOPOL,CRIMEA_TEXT,EVENT_FORM_UNRESOLVED,NO_DECISIVE_EVENT_FORM_CUE,,P4_CRIMEA,TRUE,,UNIQUE_EXACT_REPORT_LEVEL,53452,NO_EXACT_REPORT_DUPLICATE,PENDING
196776,20220719,1,1761944,liveuamap,https://t.me/Novoeizdanie/18653,AMMUNITION_ARSENAL,склад боєприпас,вибух|ракет,706448,Kherson,Kherson,Khersons'ka,32.614962,46.640319,REVIEW,REVIEW_NAME_ONLY_RU_SUPPORT,,,Kherson,a_ukr_init_b,,a_ukr_b,0,a_rus_init_b,,a_rus_b,0,,,У Новій Каховці Херсонської області під час ракетного обстрілу вибухнув склад боєприпасів,REVIEW_LOCATION_AMBIGUOUS,REVIEW_NAME_ONLY_RU_SUPPORT,FALSE,UKRAINE_OCCUPIED_OTHER,OCCUPIED_UA_TEXT,EVENT_FORM_UNRESOLVED,NO_DECISIVE_EVENT_FORM_CUE,,P5_OCCUPIED_UA_OTHER,TRUE,,UNIQUE_EXACT_REPORT_LEVEL,196776,NO_EXACT_REPORT_DUPLICATE,PENDING
196786,20220719,2,1761940,liveuamap,https://t.me/Tsaplienko/11834,AMMUNITION_ARSENAL,склади з боєприпас,ракет|удар,706448,Kherson,Kherson,Khersons'ka,32.614962,46.640319,REVIEW,REVIEW_NAME_ONLY_RU_SUPPORT,,,Kherson,a_ukr_init_b,,a_ukr_b,0,a_rus_init_b,,a_rus_b,1,,,Під час ракетного удару по селищу Райське Херсонської області були вражені склади з боєприпасами,REVIEW_LOCATION_AMBIGUOUS,REVIEW_NAME_ONLY_RU_SUPPORT,FALSE,UKRAINE_OCCUPIED_OTHER,OCCUPIED_UA_TEXT,EVENT_FORM_UNRESOLVED,NO_DECISIVE_EVENT_FORM_CUE,,P5_OCCUPIED_UA_OTHER,TRUE,,UNIQUE_EXACT_REPORT_LEVEL,196786,NO_EXACT_REPORT_DUPLICATE,PENDING
44971,20220719,1,343432,militarnyy,https://mil.in.ua/uk/news/u-krymu-vybuhnuv-sklad-boyeprypasiv-1/,AMMUNITION_ARSENAL,склад боєприпасів. У Криму детонує російський склад з боєприпас,вибух,692714,Stary Krym,Crimea,Kirovs'kyi,35.114345,45.031534,REVIEW,REVIEW_DISPUTED_CRIMEA,,,,a_ukr_init_b,,a_ukr_b,0,a_rus_init_b,,a_rus_b,1,,,"У Криму вибухнув склад боєприпасів. У Криму детонує російський склад з боєприпасами на Старокримському полігоні. Про це повідомляють російські медіа. Близько 4 ранку, 19 липня, ...",REVIEW_LOCATION_AMBIGUOUS,REVIEW_DISPUTED_CRIMEA,FALSE,CRIMEA_SEVASTOPOL,CRIMEA_TEXT,EVENT_FORM_UNRESOLVED,NO_DECISIVE_EVENT_FORM_CUE,EXACT2022-0030,P4_CRIMEA,TRUE,EXACT2022-0030,CANONICAL,44971,EXACT_SOURCE_URL_AND_REPRESENTATIVE_TEXT,PENDING
53481,20220719,3,343941,nv,https://nv.ua/ukr/ukraine/events/krim-vibuhi-na-poligoni-v-kirovskomu-rayoni-shcho-vidbuvayetsya-ekspert-novini-ukrajini-50340067.html,AMMUNITION_ARSENAL,складі боєприпас,пожеж,693805,Simferopol,Crimea,Simferopol's'ka,34.0994127132379,44.9536335,REVIEW,REVIEW_DISPUTED_CRIMEA,,,,a_ukr_init_b,,a_ukr_b,0,a_rus_init_b,,a_rus_b,0,,,«Впливатиме на бойові дії». Військовий експерт — про пожежу на складі боєприпасів у Криму,REVIEW_LOCATION_AMBIGUOUS,REVIEW_DISPUTED_CRIMEA,FALSE,CRIMEA_SEVASTOPOL,CRIMEA_TEXT,EVENT_FORM_UNRESOLVED,NO_DECISIVE_EVENT_FORM_CUE,,P4_CRIMEA,TRUE,,UNIQUE_EXACT_REPORT_LEVEL,53481,NO_EXACT_REPORT_DUPLICATE,PENDING
53495,20220720,1,344402,nv,https://nv.ua/ukr/ukraine/events/pozhezha-v-krimu-na-poligoni-yak-viglyadaye-znishcheniy-sklad-boyepripasiv-suputnikovi-foto-50340354.html,AMMUNITION_ARSENAL,складі боєприпас,Пожеж|вибух,693805,Simferopol,Crimea,Simferopol's'ka,34.0994127132379,44.9536335,REVIEW,REVIEW_DISPUTED_CRIMEA,,,,a_ukr_init_b,,a_ukr_b,0,a_rus_init_b,,a_rus_b,0,,,Пожежа на полігоні в Криму. З’явилися супутникові фото наслідків вибухів на складі боєприпасів росіян,REVIEW_LOCATION_AMBIGUOUS,REVIEW_DISPUTED_CRIMEA,FALSE,CRIMEA_SEVASTOPOL,CRIMEA_TEXT,FOLLOWUP_OR_AFTERMATH,FOLLOWUP_CUE_NO_FRESH_VERB,,P4_CRIMEA,TRUE,,UNIQUE_EXACT_REPORT_LEVEL,53495,NO_EXACT_REPORT_DUPLICATE,PENDING
125082,20220721,2,344880|345281,nv,https://nv.ua/ukr/ukraine/events/u-mariupoli-partizani-znishchili-sklad-boyepripasiv-rosiyan-50340840.html,AMMUNITION_ARSENAL,склад боєприпас,знищ,701822,Mariupol,Donets'k,Mariupol's'ka,37.54144,47.096703,REVIEW,REVIEW_NAME_ONLY_RU_SUPPORT,,,Mariupol,a_ukr_init_b,,a_ukr_b,0,a_rus_init_b,,a_rus_b,1,,,Партизани знищили склад боєприпасів росіян у Маріуполі - радник мера || Партизани знищили склад боєприпасів росіян у Маріуполі — радник мера,REVIEW_LOCATION_AMBIGUOUS,REVIEW_NAME_ONLY_RU_SUPPORT,FALSE,UKRAINE_OCCUPIED_OTHER,OCCUPIED_UA_TEXT,EVENT_FORM_UNRESOLVED,NO_DECISIVE_EVENT_FORM_CUE,,P5_OCCUPIED_UA_OTHER,TRUE,,UNIQUE_EXACT_REPORT_LEVEL,125082,NO_EXACT_REPORT_DUPLICATE,PENDING
196824,20220721,1,1703914,unian,https://www.unian.ua/war/zsu-znishchili-komandniy-punkt-rf-i-shist-skladiv-boyepripasiv-v-hersonskiy-oblasti-novini-vtorgnennya-rosiji-v-ukrajinu-11910972.html,AMMUNITION_ARSENAL,складів боєприпас,знищ,706448,Kherson,Kherson,Khersons'ka,32.614962,46.640319,REVIEW,REVIEW_NAME_ONLY_RU_SUPPORT,,,Kherson,a_ukr_init_b,,a_ukr_b,1,a_rus_init_b,,a_rus_b,0,ЗСУ,,ЗСУ знищили командний пункт росіян і шість складів боєприпасів в Херсонській області,REVIEW_LOCATION_AMBIGUOUS,REVIEW_NAME_ONLY_RU_SUPPORT,FALSE,UKRAINE_OCCUPIED_OTHER,OCCUPIED_UA_TEXT,EVENT_FORM_UNRESOLVED,NO_DECISIVE_EVENT_FORM_CUE,,P5_OCCUPIED_UA_OTHER,TRUE,,UNIQUE_EXACT_REPORT_LEVEL,196824,NO_EXACT_REPORT_DUPLICATE,PENDING
51638,20220721,1,1762145,liveuamap,https://twitter.com/Illya_Ayzin/status/1549842669614014467,AMMUNITION_ARSENAL,складах боєприпас,Вибух,693709,Skadovsk,,,32.908792,46.11287,REVIEW,REVIEW_DISPUTED_CRIMEA,,,,a_ukr_init_b,,a_ukr_b,0,a_rus_init_b,,a_rus_b,0,,,Вибухи на складах боєприпасів у Скадовську,REVIEW_LOCATION_AMBIGUOUS,REVIEW_DISPUTED_CRIMEA,FALSE,UNKNOWN,NO_DECISIVE_SCOPE_TEXT,EVENT_FORM_UNRESOLVED,NO_DECISIVE_EVENT_FORM_CUE,EXACT2022-0031,P6_SCOPE_UNKNOWN,TRUE,EXACT2022-0031,CANONICAL,51638,EXACT_SOURCE_URL_AND_REPRESENTATIVE_TEXT,PENDING
53510,20220721,1,344860,nv,https://nv.ua/ukr/world/geopolitics/u-krimu-bezpilotniki-namagalisya-atakuvati-viyskoviy-aerodrom-shcho-vidomo-novini-krimu-50340689.html,STRATEGIC_AIRBASE,аеродром,Безпілот|атак,693805,Simferopol,Crimea,Simferopol's'ka,34.0994127132379,44.9536335,REVIEW,REVIEW_DISPUTED_CRIMEA,,,,a_ukr_init_b,,a_ukr_b,0,a_rus_init_b,,a_rus_b,1,,,Безпілотники намагалися атакувати військовий аеродром в окупованому Криму — росЗМІ,REVIEW_LOCATION_AMBIGUOUS,REVIEW_DISPUTED_CRIMEA,FALSE,CRIMEA_SEVASTOPOL,CRIMEA_TEXT,EVENT_FORM_UNRESOLVED,NO_DECISIVE_EVENT_FORM_CUE,,P4_CRIMEA,TRUE,,UNIQUE_EXACT_REPORT_LEVEL,53510,NO_EXACT_REPORT_DUPLICATE,PENDING
53514,20220722,1,345291,nv,https://nv.ua/ukr/ukraine/events/vibuhi-v-krimu-na-skladi-boyepripasiv-v-oktyabrskomu-pozhezha-foto-video-onlayn-novini-krimu-50340907.html,AMMUNITION_ARSENAL,склад боєприпас,Удар,693805,Simferopol,Crimea,Simferopol's'ka,34.0994127132379,44.9536335,REVIEW,REVIEW_DISPUTED_CRIMEA,,,,a_ukr_init_b,,a_ukr_b,0,a_rus_init_b,,a_rus_b,0,,,"Удар по логістиці РФ в Криму. В Октябрському детонує склад боєприпасів, оголошено евакуацію, рух Кримською залізницею зупинено",REVIEW_LOCATION_AMBIGUOUS,REVIEW_DISPUTED_CRIMEA,FALSE,CRIMEA_SEVASTOPOL,CRIMEA_TEXT,EVENT_FORM_UNRESOLVED,NO_DECISIVE_EVENT_FORM_CUE,,P4_CRIMEA,TRUE,,UNIQUE_EXACT_REPORT_LEVEL,53514,NO_EXACT_REPORT_DUPLICATE,PENDING
53517,20220722,2,345290|345296,nv,https://nv.ua/ukr/ukraine/events/bavovna-v-krimu-marionetka-kremlya-aksonov-pidtverdiv-vluchannya-po-skladu-bk-ruh-zalizniceyu-prizupineniy-50340913.html|https://nv.ua/ukr/ukraine/events/situaciya-v-krimu-detonaciya-boyepripasiv-trivaye-meshkanciv-oktyabrskogo-vidselyayut-za-10-13-km-50340942.html,AMMUNITION_ARSENAL,складах боєприпас|складу боєприпас,Вибух,693805,Simferopol,Crimea,Simferopol's'ka,34.0994127132379,44.9536335,REVIEW,REVIEW_DISPUTED_CRIMEA,,,,a_ukr_init_b,,a_ukr_b,0,a_rus_init_b,,a_rus_b,0,,твер,"Вибухи в Криму: маріонетка Кремля Аксьонов підтвердив влучання по складу боєприпасів, рух залізницею призупинений || Вибухи в Криму: мешканців Октябрського через детонацію на складах боєприпасів відселяють за 10−13 км — Чубаров",REVIEW_LOCATION_AMBIGUOUS,REVIEW_DISPUTED_CRIMEA,FALSE,CONFLICT_OR_COMPOSITE,CRIMEA_AND_RUSSIA_TEXT,FRESH_ATTACK_WORDING,FRESH_ATTACK_CUE,,P3_SCOPE_CONFLICT_COMPOSITE,TRUE,,UNIQUE_EXACT_REPORT_LEVEL,53517,NO_EXACT_REPORT_DUPLICATE,PENDING
53518,20220722,1,345287,nv,https://nv.ua/ukr/ukraine/events/vibuhi-v-krimu-na-krimskomu-mostu-pripineno-ruh-avtotransportu-50340896.html,FUEL_STORAGE_TERMINAL,нафтобаз,вибух|пожеж,693805,Simferopol,Crimea,Simferopol's'ka,34.0994127132379,44.9536335,REVIEW,REVIEW_DISPUTED_CRIMEA,,,,a_ukr_init_b,,a_ukr_b,0,a_rus_init_b,,a_rus_b,0,,,"«Бавовна» і пожежа в Криму. У соцмережах повідомляють про вибухи біля нафтобази і залізниці в Октябрському, рух Кримським мостом зупинено",REVIEW_LOCATION_AMBIGUOUS,REVIEW_DISPUTED_CRIMEA,FALSE,CRIMEA_SEVASTOPOL,CRIMEA_TEXT,EVENT_FORM_UNRESOLVED,NO_DECISIVE_EVENT_FORM_CUE,,P4_CRIMEA,TRUE,,UNIQUE_EXACT_REPORT_LEVEL,53518,NO_EXACT_REPORT_DUPLICATE,PENDING
53520,20220722,3,345293|345297|345303,nv,https://nv.ua/ukr/ukraine/events/vibuhi-v-krimu-na-skladi-boyepripasiv-v-oktyabrskomu-22-lipnya-foto-video-onlayn-novini-krimu-50340907.html|https://nv.ua/ukr/ukraine/events/vibuhi-v-krimu-na-skladi-boyepripasiv-v-oktyabrskomu-pozhezha-foto-video-onlayn-novini-krimu-50340907.html,AMMUNITION_ARSENAL|FUEL_STORAGE_TERMINAL,нафтобаз|склад боєприпас|складу боєприпас,Вибух|знищ|удар,693805,Simferopol,Crimea,Simferopol's'ka,34.0994127132379,44.9536335,REVIEW,REVIEW_DISPUTED_CRIMEA,,,,a_ukr_init_b,,a_ukr_b,1,a_rus_init_b,,a_rus_b,0,ЗСУ,твер,"Вибухи в Криму. ЗСУ підтвердили удар по складу боєприпасів і нафтобазі в Октябрському, оголошено евакуацію, рух залізницею зупинено — онлайн || Вибухи в Криму. ЗСУ знищили склад боєприпасів і нафтобазу в Октябрському, мешканців евакуювали, рух залізницею зупинено — головне || Вибухи в Криму. ЗСУ знищили склад боєприпасів і нафтобазу в Октябрському, мешканців евакуювали, рух залізницею призупиняли — головне",REVIEW_LOCATION_AMBIGUOUS,REVIEW_DISPUTED_CRIMEA,FALSE,CONFLICT_OR_COMPOSITE,CRIMEA_AND_RUSSIA_TEXT,EVENT_FORM_UNRESOLVED,NO_DECISIVE_EVENT_FORM_CUE,,P3_SCOPE_CONFLICT_COMPOSITE,TRUE,,UNIQUE_EXACT_REPORT_LEVEL,53520,NO_EXACT_REPORT_DUPLICATE,PENDING
53521,20220722,1,345292,nv,https://nv.ua/ukr/ukraine/events/u-zsu-pidtverdili-uspishne-znishchennya-naftobazi-ta-skladiv-armiji-rf-v-okupovanomu-krimu-50340922.html,FUEL_STORAGE_TERMINAL,нафтобаз,знищ,693805,Simferopol,Crimea,Simferopol's'ka,34.0994127132379,44.9536335,REVIEW,REVIEW_DISPUTED_CRIMEA,,,,a_ukr_init_b,,a_ukr_b,1,a_rus_init_b,,a_rus_b,0,ЗСУ,твер,У ЗСУ підтвердили успішне знищення нафтобази та складів армії РФ в окупованому Криму,REVIEW_LOCATION_AMBIGUOUS,REVIEW_DISPUTED_CRIMEA,FALSE,CONFLICT_OR_COMPOSITE,CRIMEA_AND_RUSSIA_TEXT,EVENT_FORM_UNRESOLVED,NO_DECISIVE_EVENT_FORM_CUE,,P3_SCOPE_CONFLICT_COMPOSITE,TRUE,,UNIQUE_EXACT_REPORT_LEVEL,53521,NO_EXACT_REPORT_DUPLICATE,PENDING
53536,20220724,3,346105,militarnyy,https://mil.in.ua/uk/news/u-krymu-stalysya-vybuhy-na-skladi-boyeprypasiv/,AMMUNITION_ARSENAL,складі боєприпасів . В Джанкойському районі окупованого Криму на російському складі боєприпас,вибух,693805,Simferopol,Crimea,Simferopol's'ka,34.0994127132379,44.9536335,REVIEW,REVIEW_DISPUTED_CRIMEA,,,,a_ukr_init_b,,a_ukr_b,0,a_rus_init_b,,a_rus_b,0,,,"У Криму сталися вибухи на складі боєприпасів . В Джанкойському районі окупованого Криму на російському складі боєприпасів, вранці у понеділок, пролунали вибухи. Про вибухи повідомляють очевид...",REVIEW_LOCATION_AMBIGUOUS,REVIEW_DISPUTED_CRIMEA,FALSE,CRIMEA_SEVASTOPOL,CRIMEA_TEXT,EVENT_FORM_UNRESOLVED,NO_DECISIVE_EVENT_FORM_CUE,EXACT2022-0032,P4_CRIMEA,TRUE,EXACT2022-0032,CANONICAL,53536,EXACT_SOURCE_URL_AND_REPRESENTATIVE_TEXT,PENDING
53542,20220724,1,346139,nv,https://nv.ua/ukr/ukraine/events/vibuhi-bilya-dzhankoya-24-lipnya-raketi-oniks-znishchili-na-skladi-bk-partizani-50341236.html,AMMUNITION_ARSENAL,складі боєприпас,Вибух|знищ|ракет,693805,Simferopol,Crimea,Simferopol's'ka,34.0994127132379,44.9536335,REVIEW,REVIEW_DISPUTED_CRIMEA,,,,a_ukr_init_b,,a_ukr_b,0,a_rus_init_b,,a_rus_b,1,,,Вибухи біля Джанкоя. На складі боєприпасів росіян могли знищити партію ракет Онікс — Кримські партизани,REVIEW_LOCATION_AMBIGUOUS,REVIEW_DISPUTED_CRIMEA,FALSE,CRIMEA_SEVASTOPOL,CRIMEA_TEXT,EVENT_FORM_UNRESOLVED,NO_DECISIVE_EVENT_FORM_CUE,,P4_CRIMEA,TRUE,,UNIQUE_EXACT_REPORT_LEVEL,53542,NO_EXACT_REPORT_DUPLICATE,PENDING
221549,20220726,1,347164,nv,https://nv.ua/ukr/ukraine/events/prichini-trivogi-zsu-vden-zbili-dva-kalibri-i-poperedzhayut-pro-novi-puski-raket-novini-ukrajini-50341871.html,STRATEGIC_AIRBASE,аеродром,атак|ракет,707153,Kalinovka,Khmel'nyts'kyy,Khmel'nyts'kyi,26.92966,49.507388,REVIEW,REVIEW_NAME_ONLY_RU_SUPPORT,,,Kalinovka,a_ukr_init_b,,a_ukr_b,0,a_rus_init_b,,a_rus_b,0,,,"РФ направила атаку на Хмельницьку область, де розташований аеродром, ППО збила 36 крилатих ракет — головне",REVIEW_LOCATION_AMBIGUOUS,REVIEW_NAME_ONLY_RU_SUPPORT,FALSE,UNKNOWN,NO_DECISIVE_SCOPE_TEXT,EVENT_FORM_UNRESOLVED,NO_DECISIVE_EVENT_FORM_CUE,,P6_SCOPE_UNKNOWN,TRUE,,UNIQUE_EXACT_REPORT_LEVEL,221549,NO_EXACT_REPORT_DUPLICATE,PENDING
236769,20220726,27,185073|259543|259573,nv|ria,https://nv.ua/ukr/ukraine/events/u-donecku-spalahnula-silna-pozhezha-na-naftobazi-video-novini-ukrajini-50258861.html|https://ria.ru/20220726/himars-1805026992.html|https://ria.ru/20220726/pozhar-1804934960.html,FUEL_STORAGE_TERMINAL,нафтобаз|нефтебаз,Пожар|пожеж|удар,709717,Donetsk,Donets'k,Donets'ka,37.80285,48.015884,REVIEW,REVIEW_NAME_ONLY_RU_SUPPORT,,,Donetsk,a_ukr_init_b,,a_ukr_b,0,a_rus_init_b,,a_rus_b,0,ВСУ,,В окупованому Донецьку сталася сильна пожежа на нафтобазі — відео || Пожар на нефтебазе в Донецке локализовали || ВСУ нанесли удар по нефтебазе в Донецке из HIMARS,REVIEW_LOCATION_AMBIGUOUS,REVIEW_NAME_ONLY_RU_SUPPORT,FALSE,UKRAINE_OCCUPIED_OTHER,OCCUPIED_UA_TEXT,EVENT_FORM_UNRESOLVED,NO_DECISIVE_EVENT_FORM_CUE,,P5_OCCUPIED_UA_OTHER,TRUE,,UNIQUE_EXACT_REPORT_LEVEL,236769,NO_EXACT_REPORT_DUPLICATE,PENDING
236771,20220726,2,1642100,liga,https://news.liga.net/politics/video/v-okkupirovannom-donetske-posle-silnyh-vzryvov-zagorelas-neftebaza-video,FUEL_STORAGE_TERMINAL,нефтебаз,взрыв,709717,Donetsk,Donets'k,Donets'ka,37.80285,48.015884,REVIEW,REVIEW_NAME_ONLY_RU_SUPPORT,,,Donetsk,a_ukr_init_b,,a_ukr_b,0,a_rus_init_b,,a_rus_b,0,,орел,В оккупированном Донецке после сильных взрывов загорелась нефтебаза — видео,REVIEW_LOCATION_AMBIGUOUS,REVIEW_NAME_ONLY_RU_SUPPORT,FALSE,CONFLICT_OR_COMPOSITE,OCCUPIED_UA_AND_RUSSIA_TEXT,EVENT_FORM_UNRESOLVED,NO_DECISIVE_EVENT_FORM_CUE,,P3_SCOPE_CONFLICT_COMPOSITE,TRUE,,UNIQUE_EXACT_REPORT_LEVEL,236771,NO_EXACT_REPORT_DUPLICATE,PENDING
236774,20220726,1,145667,militarnyy,https://mil.in.ua/uk/news/v-okupovanomu-donetsku-zagorilas-naftobaza/,FUEL_STORAGE_TERMINAL,нафтобаз,вибух|пожеж,709717,Donetsk,Donets'k,Donets'ka,37.80285,48.015884,REVIEW,REVIEW_NAME_ONLY_RU_SUPPORT,,,Donetsk,a_ukr_init_b,,a_ukr_b,0,a_rus_init_b,,a_rus_b,0,,,"В окупованому Донецьку загорілась нафтобаза. У тимчасово окупованому росіянами Донецьку вночі сталися вибухи, після чого почалася сильна пожежа. Відео пожежі публікують очевидці у соцмережа...",REVIEW_LOCATION_AMBIGUOUS,REVIEW_NAME_ONLY_RU_SUPPORT,FALSE,UKRAINE_OCCUPIED_OTHER,OCCUPIED_UA_TEXT,EVENT_FORM_UNRESOLVED,NO_DECISIVE_EVENT_FORM_CUE,,P5_OCCUPIED_UA_OTHER,TRUE,,UNIQUE_EXACT_REPORT_LEVEL,236774,NO_EXACT_REPORT_DUPLICATE,PENDING
236775,20220726,2,22337,24tvua,https://24tv.ua/donetsku-gorit-naftobaza-26-lipnya-2022-divitsya-video_n2106079,FUEL_STORAGE_TERMINAL,нафтобаз,вибух|пожеж,709717,Donetsk,Donets'k,Donets'ka,37.80285,48.015884,REVIEW,REVIEW_NAME_ONLY_RU_SUPPORT,,,Donetsk,a_ukr_init_b,,a_ukr_b,0,a_rus_init_b,,a_rus_b,0,,,У Донецьку почалася велика пожежа на нафтобазі після вибуху,REVIEW_LOCATION_AMBIGUOUS,REVIEW_NAME_ONLY_RU_SUPPORT,FALSE,UKRAINE_OCCUPIED_OTHER,OCCUPIED_UA_TEXT,EVENT_FORM_UNRESOLVED,NO_DECISIVE_EVENT_FORM_CUE,,P5_OCCUPIED_UA_OTHER,TRUE,,UNIQUE_EXACT_REPORT_LEVEL,236775,NO_EXACT_REPORT_DUPLICATE,PENDING
236776,20220726,1,259595,ria,https://ria.ru/20220726/obstrel-1805124551.html,FUEL_STORAGE_TERMINAL,нефтебаз,ракет,709717,Donetsk,Donets'k,Donets'ka,37.80285,48.015884,REVIEW,REVIEW_NAME_ONLY_RU_SUPPORT,,,Donetsk,a_ukr_init_b,,a_ukr_b,0,a_rus_init_b,,a_rus_b,0,ВСУ,,ВСУ выпустили по нефтебазе в Донецке три ракеты HIMARS,REVIEW_LOCATION_AMBIGUOUS,REVIEW_NAME_ONLY_RU_SUPPORT,FALSE,UKRAINE_OCCUPIED_OTHER,OCCUPIED_UA_TEXT,EVENT_FORM_UNRESOLVED,NO_DECISIVE_EVENT_FORM_CUE,,P5_OCCUPIED_UA_OTHER,TRUE,,UNIQUE_EXACT_REPORT_LEVEL,236776,NO_EXACT_REPORT_DUPLICATE,PENDING
236778,20220726,2,156821,ntv,https://www.ntv.ru/novosti/2716467/,FUEL_STORAGE_TERMINAL,нефтебаз,пожар,709717,Donetsk,Donets'k,Donets'ka,37.80285,48.015884,REVIEW,REVIEW_NAME_ONLY_RU_SUPPORT,,,Donetsk,a_ukr_init_b,,a_ukr_b,1,a_rus_init_b,,a_rus_b,0,ВСУ|Украин,,ВСУ обстреляли нефтебазу в Донецке — Специальная военная операция России Крупный пожар начался на нефтебазе в Донецке после обстрелов со стороны Украины.,REVIEW_LOCATION_AMBIGUOUS,REVIEW_NAME_ONLY_RU_SUPPORT,FALSE,UKRAINE_OCCUPIED_OTHER,OCCUPIED_UA_TEXT,EVENT_FORM_UNRESOLVED,NO_DECISIVE_EVENT_FORM_CUE,EXACT2022-0033,P5_OCCUPIED_UA_OTHER,TRUE,EXACT2022-0033,CANONICAL,236778,EXACT_SOURCE_URL_AND_REPRESENTATIVE_TEXT,PENDING
53549,20220726,15,1441217|1443478|1443487,militarnyy|nv,https://mil.in.ua/uk/news/u-krymu-urazyly-vijskovyj-aerodrom-saky/|https://nv.ua/ukr/ukraine/events/krim-gorit-aerodrom-saki-novini-krimu-50437643.html,STRATEGIC_AIRBASE,аеродром,вибух|пожеж,693805,Simferopol,Crimea,Simferopol's'ka,34.0994127132379,44.9536335,REVIEW,REVIEW_DISPUTED_CRIMEA,,,,a_ukr_init_b,,a_ukr_b,0,a_rus_init_b,,a_rus_b,0,,,"На аеродромі Саки в Криму прогриміли вибухи, детонують боєприпаси — ЗМІ || У Криму уразили військовий аеродром «Саки». У тимчасово окупованому Криму вночі сталися вибухи і пожежа в районі російського військового аеродрому «Саки» біля селища Новофедорівка.  Очевидц... || В районі аеродрому Саки в Криму прогриміли вибухи, детонують боєприпаси — соцмережі",REVIEW_LOCATION_AMBIGUOUS,REVIEW_DISPUTED_CRIMEA,FALSE,CRIMEA_SEVASTOPOL,CRIMEA_TEXT,FRESH_ATTACK_WORDING,FRESH_ATTACK_CUE,,P4_CRIMEA,TRUE,,UNIQUE_EXACT_REPORT_LEVEL,53549,NO_EXACT_REPORT_DUPLICATE,PENDING
53551,20220726,3,1443493,nv,https://nv.ua/ukr/ukraine/events/krim-raketi-atacms-vluchili-v-aerodrom-saki-poraneno-viyskovih-rf-zmi-50437674.html,STRATEGIC_AIRBASE,аеродром,Знищ|атак|ракет,693805,Simferopol,Crimea,Simferopol's'ka,34.0994127132379,44.9536335,REVIEW,REVIEW_DISPUTED_CRIMEA,,,,a_ukr_init_b,,a_ukr_b,0,a_rus_init_b,,a_rus_b,0,Сили оборон,,"Сили оборони атакували ракетами ATACMS аеродром Саки в Криму. Знищено російську РЛС, поранено двох окупантів — росЗМІ",REVIEW_LOCATION_AMBIGUOUS,REVIEW_DISPUTED_CRIMEA,FALSE,CRIMEA_SEVASTOPOL,CRIMEA_TEXT,FRESH_ATTACK_WORDING,FRESH_ATTACK_CUE,,P4_CRIMEA,TRUE,,UNIQUE_EXACT_REPORT_LEVEL,53551,NO_EXACT_REPORT_DUPLICATE,PENDING
53552,20220726,1,1443501,nv,https://nv.ua/ukr/ukraine/events/genshtab-zsu-pidtverdiv-urazhennya-aerodromu-saki-u-krimu-50437757.html,STRATEGIC_AIRBASE,аеродром,удар,693805,Simferopol,Crimea,Simferopol's'ka,34.0994127132379,44.9536335,REVIEW,REVIEW_DISPUTED_CRIMEA,,,,a_ukr_init_b,,a_ukr_b,0,a_rus_init_b,,a_rus_b,0,ЗСУ,твер,«Сучасна» російська ППО не змогла захистити об'єкт. Генштаб ЗСУ підтвердив удар по аеродрому Саки у Криму,REVIEW_LOCATION_AMBIGUOUS,REVIEW_DISPUTED_CRIMEA,FALSE,CONFLICT_OR_COMPOSITE,CRIMEA_AND_RUSSIA_TEXT,EVENT_FORM_UNRESOLVED,NO_DECISIVE_EVENT_FORM_CUE,,P3_SCOPE_CONFLICT_COMPOSITE,TRUE,,UNIQUE_EXACT_REPORT_LEVEL,53552,NO_EXACT_REPORT_DUPLICATE,PENDING
53555,20220726,1,347131,nv,https://nv.ua/ukr/ukraine/events/krim-yak-viglyadaye-aerodrom-u-veselomu-pislya-vibuhiv-suputnikovi-foto-50341741.html,STRATEGIC_AIRBASE,аеродром,Вибух,693805,Simferopol,Crimea,Simferopol's'ka,34.0994127132379,44.9536335,REVIEW,REVIEW_DISPUTED_CRIMEA,,,,a_ukr_init_b,,a_ukr_b,0,a_rus_init_b,,a_rus_b,0,,,Вибухи у Веселому. Який зараз має вигляд аеродром в окупованому Криму — супутникові фото,REVIEW_LOCATION_AMBIGUOUS,REVIEW_DISPUTED_CRIMEA,FALSE,CRIMEA_SEVASTOPOL,CRIMEA_TEXT,FOLLOWUP_OR_AFTERMATH,FOLLOWUP_CUE_NO_FRESH_VERB,,P4_CRIMEA,TRUE,,UNIQUE_EXACT_REPORT_LEVEL,53555,NO_EXACT_REPORT_DUPLICATE,PENDING
196952,20220727,3,1704289,unian,https://www.unian.ua/war/vojini-zsu-znishchili-sklad-boyepripasiv-ta-ponad-50-rosiyan-poblizu-hersona-ok-pivden-novini-vtorgnennya-rosiji-v-ukrajinu-11919144.html,AMMUNITION_ARSENAL,склад боєприпас,знищ,706448,Kherson,Kherson,Khersons'ka,32.614962,46.640319,REVIEW,REVIEW_NAME_ONLY_RU_SUPPORT,,,Kherson,a_ukr_init_b,,a_ukr_b,1,a_rus_init_b,,a_rus_b,0,ЗСУ,,"ЗСУ знищили склад боєприпасів та понад 50 росіян поблизу Херсона – ОК """"Південь""""",REVIEW_LOCATION_AMBIGUOUS,REVIEW_NAME_ONLY_RU_SUPPORT,FALSE,UKRAINE_OCCUPIED_OTHER,OCCUPIED_UA_TEXT,EVENT_FORM_UNRESOLVED,NO_DECISIVE_EVENT_FORM_CUE,,P5_OCCUPIED_UA_OTHER,TRUE,,UNIQUE_EXACT_REPORT_LEVEL,196952,NO_EXACT_REPORT_DUPLICATE,PENDING
107265,20220729,3,145717,militarnyy,https://mil.in.ua/uk/news/na-okupovanij-chastyni-zaporizkoyi-oblasti-vybuhnuv-sklad-boyeprypasiv/,AMMUNITION_ARSENAL,склад боєприпасів. На тимчасово окупованій частині Запорізької області вибухнув склад боєприпас,вибух,700051,Nikopol,Dnipropetrovs'k,Nikopol's'ka,34.394812,47.567463,REVIEW,REVIEW_NAME_ONLY_RU_SUPPORT,,,Nikopol,a_ukr_init_b,,a_ukr_b,0,a_rus_init_b,,a_rus_b,0,,,На окупованій частині Запорізької області вибухнув склад боєприпасів. На тимчасово окупованій частині Запорізької області вибухнув склад боєприпасів. Йдеться про територію навпроти Нікополя на іншому березі Дніпра....,REVIEW_LOCATION_AMBIGUOUS,REVIEW_NAME_ONLY_RU_SUPPORT,FALSE,UNKNOWN,NO_DECISIVE_SCOPE_TEXT,EVENT_FORM_UNRESOLVED,NO_DECISIVE_EVENT_FORM_CUE,,P6_SCOPE_UNKNOWN,TRUE,,UNIQUE_EXACT_REPORT_LEVEL,107265,NO_EXACT_REPORT_DUPLICATE,PENDING
196993,20220729,3,185295,nv,https://nv.ua/ukr/ukraine/events/v-hersonskiy-oblasti-za-dobu-znishchili-chotiri-skladi-okupantiv-novini-ukrajini-50259657.html,AMMUNITION_ARSENAL,склади боєприпас,знищ,706448,Kherson,Kherson,Khersons'ka,32.614962,46.640319,REVIEW,REVIEW_NAME_ONLY_RU_SUPPORT,,,Kherson,a_ukr_init_b,,a_ukr_b,0,a_rus_init_b,,a_rus_b,0,ЗСУ,,ЗСУ знищили чотири ворожих склади боєприпасів в Херсонській області,REVIEW_LOCATION_AMBIGUOUS,REVIEW_NAME_ONLY_RU_SUPPORT,FALSE,UKRAINE_OCCUPIED_OTHER,OCCUPIED_UA_TEXT,EVENT_FORM_UNRESOLVED,NO_DECISIVE_EVENT_FORM_CUE,,P5_OCCUPIED_UA_OTHER,TRUE,,UNIQUE_EXACT_REPORT_LEVEL,196993,NO_EXACT_REPORT_DUPLICATE,PENDING
53579,20220729,4,1450776,nv,https://nv.ua/ukr/ukraine/events/udar-po-sakah-u-krimu-z-yavivsya-suputnikoviy-znimok-naslidkiv-ataki-zsu-50438369.html,STRATEGIC_AIRBASE,аеродром,удар,693805,Simferopol,Crimea,Simferopol's'ka,34.0994127132379,44.9536335,REVIEW,REVIEW_DISPUTED_CRIMEA,,,,a_ukr_init_b,,a_ukr_b,0,a_rus_init_b,,a_rus_b,0,ЗСУ,,З’явився супутниковий знімок наслідків удару ЗСУ по аеродрому Саки в окупованому Криму,REVIEW_LOCATION_AMBIGUOUS,REVIEW_DISPUTED_CRIMEA,FALSE,CRIMEA_SEVASTOPOL,CRIMEA_TEXT,FOLLOWUP_OR_AFTERMATH,FOLLOWUP_CUE_NO_FRESH_VERB,,P4_CRIMEA,TRUE,,UNIQUE_EXACT_REPORT_LEVEL,53579,NO_EXACT_REPORT_DUPLICATE,PENDING
53581,20220729,2,348187|348202,militarnyy|nv,https://mil.in.ua/uk/news/poblyzu-sevastopolya-vybuhnuv-rosijskyj-sklad-boyeprypasiv-gur/|https://nv.ua/ukr/ukraine/events/v-kazachiy-buhti-u-krimu-vibuhnuv-sklad-boyepripasiv-video-novini-ukrajini-50342499.html,AMMUNITION_ARSENAL,склад боєприпас|склад боєприпасів – ГУР. Російський склад боєприпас,вибух,693805,Simferopol,Crimea,Simferopol's'ka,34.0994127132379,44.9536335,REVIEW,REVIEW_DISPUTED_CRIMEA,,,,a_ukr_init_b,,a_ukr_b,0,a_rus_init_b,,a_rus_b,0,,,"Поблизу Севастополя вибухнув російський склад боєприпасів – ГУР. Російський склад боєприпасів вибухнув у Козачій бухті поблизу Севастополя в тимчасово окупованому Криму. Це сталося пізно ввечері у п'ятницю, 28... || В Казачій бухті в окупованому Криму вночі вибухнув склад боєприпасів росіян: у ГУР розповіли подробиці",REVIEW_LOCATION_AMBIGUOUS,REVIEW_DISPUTED_CRIMEA,FALSE,CRIMEA_SEVASTOPOL,CRIMEA_TEXT,EVENT_FORM_UNRESOLVED,NO_DECISIVE_EVENT_FORM_CUE,,P4_CRIMEA,TRUE,,UNIQUE_EXACT_REPORT_LEVEL,53581,NO_EXACT_REPORT_DUPLICATE,PENDING
62305,20220729,2,348185|348203,militarnyy|nv,https://mil.in.ua/uk/news/poblyzu-sevastopolya-vybuhnuv-rosijskyj-sklad-boyeprypasiv-gur/|https://nv.ua/ukr/ukraine/events/v-kozachiy-buhti-u-krimu-vibuhnuv-sklad-boyepripasiv-video-novini-ukrajini-50342499.html,AMMUNITION_ARSENAL,склад боєприпас|склад боєприпасів – ГУР. Російський склад боєприпас,вибух,694423,Sevastopol,Sevastopol',Lenins'kyi,33.5229142,44.6010512,REVIEW,REVIEW_DISPUTED_CRIMEA,,,,a_ukr_init_b,,a_ukr_b,0,a_rus_init_b,,a_rus_b,0,,,"Поблизу Севастополя вибухнув російський склад боєприпасів – ГУР. Російський склад боєприпасів вибухнув у Козачій бухті поблизу Севастополя в тимчасово окупованому Криму. Це сталося пізно ввечері у п'ятницю, 28... || У Козачій бухті під Севастополем уночі вибухнув склад боєприпасів росіян: у ГУР розповіли подробиці",REVIEW_LOCATION_AMBIGUOUS,REVIEW_DISPUTED_CRIMEA,FALSE,CRIMEA_SEVASTOPOL,CRIMEA_TEXT,EVENT_FORM_UNRESOLVED,NO_DECISIVE_EVENT_FORM_CUE,,P4_CRIMEA,TRUE,,UNIQUE_EXACT_REPORT_LEVEL,62305,NO_EXACT_REPORT_DUPLICATE,PENDING
53594,20220730,2,1453143,militarnyy,https://mil.in.ua/uk/news/u-krymu-stalys-pozhezhi-na-4-elektropidstantsiyah-kerch-ta-peredmistya-znestrumylo/,ENERGY_GRID_SUPPORT,підстанц,пожеж,693805,Simferopol,Crimea,Simferopol's'ka,34.0994127132379,44.9536335,REVIEW,REVIEW_DISPUTED_CRIMEA,,,,a_ukr_init_b,,a_ukr_b,0,a_rus_init_b,,a_rus_b,1,,,"У Криму стались пожежі на 4 електропідстанціях: Керч та передмістя знеструмило. В окупованому Криму через пожежу на енергооб'єктах без електрики залишилось понад 50 тисяч споживачів.   Зазначається, що пожежа сталась на енерг...",REVIEW_LOCATION_AMBIGUOUS,REVIEW_DISPUTED_CRIMEA,FALSE,CRIMEA_SEVASTOPOL,CRIMEA_TEXT,EVENT_FORM_UNRESOLVED,NO_DECISIVE_EVENT_FORM_CUE,,P4_CRIMEA,TRUE,,UNIQUE_EXACT_REPORT_LEVEL,53594,NO_EXACT_REPORT_DUPLICATE,PENDING
51659,20220802,1,22947,24tvua,https://24tv.ua/zsu-znishhili-sklad-rosiyan-skadovsku-31-lipnya-mer-rozpoviv_n2116135,AMMUNITION_ARSENAL,складу з боєприпас,Удар|знищ,693709,Skadovsk,,,32.908792,46.11287,REVIEW,REVIEW_DISPUTED_CRIMEA,,,,a_ukr_init_b,,a_ukr_b,0,a_rus_init_b,,a_rus_b,0,,,"""""""""""""""""Удар було чутно за 10 кілометрів"""""""""""""""": нові деталі про знищення складу з боєприпасами у Скадовську",REVIEW_LOCATION_AMBIGUOUS,REVIEW_DISPUTED_CRIMEA,FALSE,UNKNOWN,NO_DECISIVE_SCOPE_TEXT,EVENT_FORM_UNRESOLVED,NO_DECISIVE_EVENT_FORM_CUE,,P6_SCOPE_UNKNOWN,TRUE,,UNIQUE_EXACT_REPORT_LEVEL,51659,NO_EXACT_REPORT_DUPLICATE,PENDING
197074,20220803,6,185629,nv,https://nv.ua/ukr/ukraine/events/nastup-na-herson-zsu-znishchili-dva-skladi-boyepripasiv-rf-v-oblasti-novini-ukrajini-50260883.html,AMMUNITION_ARSENAL,склади боєприпас,знищ,706448,Kherson,Kherson,Khersons'ka,32.614962,46.640319,REVIEW,REVIEW_NAME_ONLY_RU_SUPPORT,,,Kherson,a_ukr_init_b,,a_ukr_b,0,a_rus_init_b,,a_rus_b,0,Україн,,Наступ на Херсон. Українські сили знищили два склади боєприпасів РФ в області,REVIEW_LOCATION_AMBIGUOUS,REVIEW_NAME_ONLY_RU_SUPPORT,FALSE,UKRAINE_OCCUPIED_OTHER,OCCUPIED_UA_TEXT,EVENT_FORM_UNRESOLVED,NO_DECISIVE_EVENT_FORM_CUE,,P5_OCCUPIED_UA_OTHER,TRUE,,UNIQUE_EXACT_REPORT_LEVEL,197074,NO_EXACT_REPORT_DUPLICATE,PENDING
236881,20220803,1,327851,espreso,https://espreso.tv/zsu-znishchili-naftobazu-okupantiv-u-makiivtsi-sklad-u-donetsku-ta-bazu-v-chornobaivtsi,FUEL_STORAGE_TERMINAL,нафтобаз,знищ,709717,Donetsk,Donets'k,Donets'ka,37.80285,48.015884,REVIEW,REVIEW_NAME_ONLY_RU_SUPPORT,,,Donetsk,a_ukr_init_b,,a_ukr_b,1,a_rus_init_b,,a_rus_b,0,ЗСУ,,"ЗСУ знищили нафтобазу окупантів у Макіївці, склад у Донецьку та базу в Чорнобаївці",REVIEW_LOCATION_AMBIGUOUS,REVIEW_NAME_ONLY_RU_SUPPORT,FALSE,UKRAINE_OCCUPIED_OTHER,OCCUPIED_UA_TEXT,EVENT_FORM_UNRESOLVED,NO_DECISIVE_EVENT_FORM_CUE,,P5_OCCUPIED_UA_OTHER,TRUE,,UNIQUE_EXACT_REPORT_LEVEL,236881,NO_EXACT_REPORT_DUPLICATE,PENDING
197115,20220805,1,1666844,pravdaua,https://www.pravda.com.ua/news/2022/08/5/7361939/,AMMUNITION_ARSENAL,склад боєприпасів в Херсоні. ЗСУ знищили три склади з боєприпас,знищ,706448,Kherson,Kherson,Khersons'ka,32.614962,46.640319,REVIEW,REVIEW_NAME_ONLY_RU_SUPPORT,,,Kherson,a_ukr_init_b,,a_ukr_b,1,a_rus_init_b,,a_rus_b,0,ЗСУ,,"ЗСУ знищили російський склад боєприпасів в Херсоні. ЗСУ знищили три склади з боєприпасами в Херсоні, Придніпровському та Токарівці.",REVIEW_LOCATION_AMBIGUOUS,REVIEW_NAME_ONLY_RU_SUPPORT,FALSE,UKRAINE_OCCUPIED_OTHER,OCCUPIED_UA_TEXT,EVENT_FORM_UNRESOLVED,NO_DECISIVE_EVENT_FORM_CUE,,P5_OCCUPIED_UA_OTHER,TRUE,,UNIQUE_EXACT_REPORT_LEVEL,197115,NO_EXACT_REPORT_DUPLICATE,PENDING
236905,20220805,32,185721,nv,https://nv.ua/ukr/ukraine/events/viyna-v-ukrajini-u-noviy-kahovci-vibuhi-u-donecku-gorit-vokzal-video-50261257.html,AMMUNITION_ARSENAL,складі з боєприпас,вибух,709717,Donetsk,Donets'k,Donets'ka,37.80285,48.015884,REVIEW,REVIEW_NAME_ONLY_RU_SUPPORT,,,Donetsk,a_ukr_init_b,,a_ukr_b,0,a_rus_init_b,,a_rus_b,0,,,"У Новій Каховці пролунав вибух на складі з боєприпасами військ РФ, у Донецьку горить вокзал — відео",REVIEW_LOCATION_AMBIGUOUS,REVIEW_NAME_ONLY_RU_SUPPORT,FALSE,UKRAINE_OCCUPIED_OTHER,OCCUPIED_UA_TEXT,EVENT_FORM_UNRESOLVED,NO_DECISIVE_EVENT_FORM_CUE,,P5_OCCUPIED_UA_OTHER,TRUE,,UNIQUE_EXACT_REPORT_LEVEL,236905,NO_EXACT_REPORT_DUPLICATE,PENDING
197132,20220806,1,39689,interfaxua,https://interfax.com.ua/news/general/850998.html,AMMUNITION_ARSENAL,склад боєприпас,знищ|удар,706448,Kherson,Kherson,Khersons'ka,32.614962,46.640319,REVIEW,REVIEW_NAME_ONLY_RU_SUPPORT,,,Kherson,a_ukr_init_b,,a_ukr_b,0,a_rus_init_b,,a_rus_b,1,Україн,,"Українські підрозділи завдали ударів на Херсонському та Донецькому напрямках, знищено 30 окупантів і склад боєприпасів",REVIEW_LOCATION_AMBIGUOUS,REVIEW_NAME_ONLY_RU_SUPPORT,FALSE,UKRAINE_OCCUPIED_OTHER,OCCUPIED_UA_TEXT,EVENT_FORM_UNRESOLVED,NO_DECISIVE_EVENT_FORM_CUE,EXACT2022-0034,P5_OCCUPIED_UA_OTHER,TRUE,EXACT2022-0034,CANONICAL,197132,EXACT_SOURCE_URL_AND_REPRESENTATIVE_TEXT,PENDING
221563,20220806,2,374725,nv,https://nv.ua/ukr/ukraine/events/povitryana-trivoga-rosiyani-cilili-po-aerodromu-u-hmelnickiy-oblasti-ye-ruynuvannya-novini-ukrajini-50344198.html,STRATEGIC_AIRBASE,аеродром,атак,707153,Kalinovka,Khmel'nyts'kyy,Khmel'nyts'kyi,26.92966,49.507388,REVIEW,REVIEW_NAME_ONLY_RU_SUPPORT,,,Kalinovka,a_ukr_init_b,,a_ukr_b,0,a_rus_init_b,,a_rus_b,0,,,Цілили по аеродрому Старокостянтинова. Росіяни тричі за добу атакували Хмельницьку область: в ОВА розповіли про наслідки,REVIEW_LOCATION_AMBIGUOUS,REVIEW_NAME_ONLY_RU_SUPPORT,FALSE,UNKNOWN,NO_DECISIVE_SCOPE_TEXT,FRESH_WITH_FOLLOWUP_WORDING,FRESH_AND_FOLLOWUP_CUES,,P6_SCOPE_UNKNOWN,TRUE,,UNIQUE_EXACT_REPORT_LEVEL,221563,NO_EXACT_REPORT_DUPLICATE,PENDING
53662,20220806,1,1469893,nv,https://nv.ua/ukr/ukraine/events/u-krimu-stalasya-pozhezha-v-rayoni-aerodromu-oktyabrskoe-50440738.html,STRATEGIC_AIRBASE,аеродром,пожеж,693805,Simferopol,Crimea,Simferopol's'ka,34.0994127132379,44.9536335,REVIEW,REVIEW_DISPUTED_CRIMEA,,,,a_ukr_init_b,,a_ukr_b,1,a_rus_init_b,,a_rus_b,0,,,У Криму сталася пожежа в районі аеродрому Октябрьское — відео,REVIEW_LOCATION_AMBIGUOUS,REVIEW_DISPUTED_CRIMEA,FALSE,CRIMEA_SEVASTOPOL,CRIMEA_TEXT,EVENT_FORM_UNRESOLVED,NO_DECISIVE_EVENT_FORM_CUE,,P4_CRIMEA,TRUE,,UNIQUE_EXACT_REPORT_LEVEL,53662,NO_EXACT_REPORT_DUPLICATE,PENDING
236936,20220807,1,1704909,unian,https://www.unian.ua/war/na-doneckomu-napryamku-morpihi-znishchili-do-15-okupantiv-i-sklad-z-boyepripasami-novini-vtorgnennya-rosiji-v-ukrajinu-11933001.html,AMMUNITION_ARSENAL,склад з боєприпас,знищ,709717,Donetsk,Donets'k,Donets'ka,37.80285,48.015884,REVIEW,REVIEW_NAME_ONLY_RU_SUPPORT,,,Donetsk,a_ukr_init_b,,a_ukr_b,0,a_rus_init_b,,a_rus_b,0,,,На Донецькому напрямку морпіхи знищили до 15 окупантів і склад з боєприпасами,REVIEW_LOCATION_AMBIGUOUS,REVIEW_NAME_ONLY_RU_SUPPORT,FALSE,UKRAINE_OCCUPIED_OTHER,OCCUPIED_UA_TEXT,EVENT_FORM_UNRESOLVED,NO_DECISIVE_EVENT_FORM_CUE,,P5_OCCUPIED_UA_OTHER,TRUE,,UNIQUE_EXACT_REPORT_LEVEL,236936,NO_EXACT_REPORT_DUPLICATE,PENDING
53668,20220807,2,1477166,militarnyy,https://mil.in.ua/uk/news/u-rajoni-aerodromu-oktyabrske-u-krymu-vybuhnuv-sklad-iz-boyeprypasamy/,AMMUNITION_ARSENAL|STRATEGIC_AIRBASE,"аеродром|склад із боєприпасами. На території тимчасово окупованого Криму, в районі законсервованого аеродрому «Октябрське», вибухнув склад із боєприпас",вибух,693805,Simferopol,Crimea,Simferopol's'ka,34.0994127132379,44.9536335,REVIEW,REVIEW_DISPUTED_CRIMEA,,,,a_ukr_init_b,,a_ukr_b,0,a_rus_init_b,,a_rus_b,0,,,"У районі аеродрому “Октябрське” у Криму вибухнув склад із боєприпасами. На території тимчасово окупованого Криму, в районі законсервованого аеродрому «Октябрське», вибухнув склад із боєприпасами.  Про це інформує моні...",REVIEW_LOCATION_AMBIGUOUS,REVIEW_DISPUTED_CRIMEA,FALSE,CRIMEA_SEVASTOPOL,CRIMEA_TEXT,EVENT_FORM_UNRESOLVED,NO_DECISIVE_EVENT_FORM_CUE,,P4_CRIMEA,TRUE,,UNIQUE_EXACT_REPORT_LEVEL,53668,NO_EXACT_REPORT_DUPLICATE,PENDING
117158,20220808,1,1627150,meduza,https://twitter.com/antiputler_news/status/1557026821572632577,STRATEGIC_AIRBASE,авиабаз,Взрыв|Уничтож|поврежд|пожар,701243,Mikhaylovka,Crimea,Saks'kyi,33.617881,45.12319,REVIEW,REVIEW_DISPUTED_CRIMEA,,,,a_ukr_init_b,,a_ukr_b,1,a_rus_init_b,,a_rus_b,0,ВСУ|Украин,твер,"Взрывы на авиабазе Саки в Новофедоровке в Крыму. Уничтожены и повреждены около десяти самолетов Черноморского флота. Российское командование заявило, что были нарушены правила пожарной безопасности. Украина официально не подтвердила свою причастность к взрывам, но анонимные военные сообщили, что базу взорвали диверсанты ВСУ..",REVIEW_LOCATION_AMBIGUOUS,REVIEW_DISPUTED_CRIMEA,FALSE,CONFLICT_OR_COMPOSITE,CRIMEA_AND_RUSSIA_TEXT,EVENT_FORM_UNRESOLVED,NO_DECISIVE_EVENT_FORM_CUE,,P3_SCOPE_CONFLICT_COMPOSITE,TRUE,,UNIQUE_EXACT_REPORT_LEVEL,117158,NO_EXACT_REPORT_DUPLICATE,PENDING
340584,20220808,2,78474,liveuamap,https://t.me/info_zp/12875,ENERGY_GRID_SUPPORT,підстанц,Пожеж,11110974,Michurina,Zaporizhzhya,Kamians'ko-Dniprovs'kyi,34.58874,47.50166,REVIEW,REVIEW_NAME_ONLY_RU_SUPPORT,,,Michurina,a_ukr_init_b,,a_ukr_b,0,a_rus_init_b,,a_rus_b,0,,,Пожежа на Запорізькій АЕС внаслідок короткого замикання на підстанції. Вогнеборці вже загасили його,REVIEW_LOCATION_AMBIGUOUS,REVIEW_NAME_ONLY_RU_SUPPORT,FALSE,UNKNOWN,NO_DECISIVE_SCOPE_TEXT,EVENT_FORM_UNRESOLVED,NO_DECISIVE_EVENT_FORM_CUE,EXACT2022-0035,P6_SCOPE_UNKNOWN,TRUE,EXACT2022-0035,CANONICAL,340584,EXACT_SOURCE_URL_AND_REPRESENTATIVE_TEXT,PENDING
230771,20220809,1,39764,interfaxua,https://interfax.com.ua/news/general/851430.html,AMMUNITION_ARSENAL,склад боєприпас,знищ,708878,Henichesk,Kherson,Heniches'kyi,34.805935,46.176416,REVIEW,REVIEW_DISPUTED_CRIMEA,,,,a_ukr_init_b,,a_ukr_b,0,a_rus_init_b,,a_rus_b,0,ЗСУ,,ЗСУ знищили російський склад боєприпасів в окупованому Генічеському районі - депутат облради,REVIEW_LOCATION_AMBIGUOUS,REVIEW_DISPUTED_CRIMEA,FALSE,UNKNOWN,NO_DECISIVE_SCOPE_TEXT,EVENT_FORM_UNRESOLVED,NO_DECISIVE_EVENT_FORM_CUE,,P6_SCOPE_UNKNOWN,TRUE,,UNIQUE_EXACT_REPORT_LEVEL,230771,NO_EXACT_REPORT_DUPLICATE,PENDING
230773,20220809,1,1705011,unian,https://www.unian.ua/war/zsu-znishchili-sklad-boyepripasiv-v-okupovanomu-genichesku-naydalshiy-na-hersonshchini-novini-vtorgnennya-rosiji-v-ukrajinu-11935131.html,AMMUNITION_ARSENAL,склад боєприпас,знищ,708878,Henichesk,Kherson,Heniches'kyi,34.805935,46.176416,REVIEW,REVIEW_DISPUTED_CRIMEA,,,,a_ukr_init_b,,a_ukr_b,1,a_rus_init_b,,a_rus_b,0,ЗСУ,,ЗСУ знищили склад боєприпасів в окупованому Генічеську – найвіддаленіший на Херсонщині,REVIEW_LOCATION_AMBIGUOUS,REVIEW_DISPUTED_CRIMEA,FALSE,UKRAINE_OCCUPIED_OTHER,OCCUPIED_UA_TEXT,EVENT_FORM_UNRESOLVED,NO_DECISIVE_EVENT_FORM_CUE,,P5_OCCUPIED_UA_OTHER,TRUE,,UNIQUE_EXACT_REPORT_LEVEL,230773,NO_EXACT_REPORT_DUPLICATE,PENDING
33259,20220809,3,260799,ria,https://ria.ru/20220809/ukraina-1808287888.html,AMMUNITION_ARSENAL,склад боеприпас,уничтож,690688,Uman,Cherkasy,Umans'kyi,30.220629,48.749654,REVIEW,REVIEW_NAME_ONLY_RU_SUPPORT,,,Uman,a_ukr_init_b,,a_ukr_b,0,a_rus_init_b,,a_rus_b,0,,,Российские военные уничтожили под Уманью склад боеприпасов к HIMARS и M777,REVIEW_LOCATION_AMBIGUOUS,REVIEW_NAME_ONLY_RU_SUPPORT,FALSE,UNKNOWN,NO_DECISIVE_SCOPE_TEXT,EVENT_FORM_UNRESOLVED,NO_DECISIVE_EVENT_FORM_CUE,,P6_SCOPE_UNKNOWN,TRUE,,UNIQUE_EXACT_REPORT_LEVEL,33259,NO_EXACT_REPORT_DUPLICATE,PENDING
53678,20220809,8,1642412,liga,https://news.liga.net/politics/news/kim-o-vzryvah-na-aerodrome-rossiyan-v-krymu-nado-zapretit-kurit-na-voennyh-obektah,STRATEGIC_AIRBASE,аэродром,взрыв,693805,Simferopol,Crimea,Simferopol's'ka,34.0994127132379,44.9536335,REVIEW,REVIEW_DISPUTED_CRIMEA,,,,a_ukr_init_b,,a_ukr_b,0,a_rus_init_b,,a_rus_b,0,,,Ким о взрывах на аэродроме россиян в Крыму: Надо запретить курить на военных объектах,REVIEW_LOCATION_AMBIGUOUS,REVIEW_DISPUTED_CRIMEA,FALSE,CRIMEA_SEVASTOPOL,CRIMEA_TEXT,EVENT_FORM_UNRESOLVED,NO_DECISIVE_EVENT_FORM_CUE,,P4_CRIMEA,TRUE,,UNIQUE_EXACT_REPORT_LEVEL,53678,NO_EXACT_REPORT_DUPLICATE,PENDING
53681,20220809,41,145818|185933|185934|185936|185941|185948|185949|185953|185964|185969|185971|39765,interfaxua|militarnyy|nv,https://interfax.com.ua/news/general/851431.html|https://mil.in.ua/uk/news/v-okupovanomu-krymu-na-aerodromi-v-novofedorivtsi-prolunaly-vybuhy/|https://nv.ua/ukr/ukraine/events/novofedorivka-minoboroni-ukrajini-potrolilo-okupantiv-u-krimu-50262085.html|https://nv.ua/ukr/ukraine/events/novofedorivka-svidki-rozpovili-pro-vibuhi-v-krimu-novini-ukrajini-50262054.html|https://nv.ua/ukr/ukraine/events/novofedorivka-u-krimu-ogolosili-pidvishcheniy-riven-nebezpeki-50262112.html|https://nv.ua/ukr/ukraine/events/u-sakskomu-rayoni-krimu-okupanti-ogolosili-evakuaciyu-pislya-vibuhiv-u-novofedorivci-50262065.html|https://nv.ua/ukr/ukraine/events/v-krymu-progremeli-neskolko-vzryvov-smi-50262027.html|https://nv.ua/ukr/ukraine/events/viyna-v-ukrajini-sogodni-vibuhi-v-krimu-novofedorivka-shcho-vidomo-zaraz-novini-ukrajini-50262032.html|https://nv.ua/ukr/ukraine/politics/novofedorivka-arestovich-poyasniv-vibuhi-v-krimu-50262117.html|https://nv.ua/ukr/ukraine/politics/vibuhi-v-novofedorivci-podolyak-zayaviv-shcho-demilitarizaciya-rf-tilki-pochinayetsya-50262086.html|https://nv.ua/ukr/world/geopolitics/novofedorivka-minoboroni-rf-pridumalo-prichinu-vibuhiv-na-viyskovomu-aerodromi-novina-50262055.html,STRATEGIC_AIRBASE,авіабаз|аеродром,Вибух|вибух|пожеж,693805,Simferopol,Crimea,Simferopol's'ka,34.0994127132379,44.9536335,REVIEW,REVIEW_DISPUTED_CRIMEA,,,,a_ukr_init_b,,a_ukr_b,0,a_rus_init_b,,a_rus_b,0,,,На військовому аеродромі в Криму відбулася серія вибухів - ЗМІ || В окупованому Криму на аеродромі в Новофедорівці пролунали вибухи. На території військового аеродрому в Новофедорівці в окупованому Криму пролунали вибухи. Про це повідомляють очевидці та російські ЗМІ. Відео... || Біля аеродрому в окупованому Криму пролунало щонайменше 12 вибухів — очевидці,REVIEW_LOCATION_AMBIGUOUS,REVIEW_DISPUTED_CRIMEA,FALSE,CRIMEA_SEVASTOPOL,CRIMEA_TEXT,EVENT_FORM_UNRESOLVED,NO_DECISIVE_EVENT_FORM_CUE,,P4_CRIMEA,TRUE,,UNIQUE_EXACT_REPORT_LEVEL,53681,NO_EXACT_REPORT_DUPLICATE,PENDING
53687,20220809,8,1642408|1666997|1667008|1667023|1705020|1705032,liga|pravdaua|unian,https://news.liga.net/politics/news/podolyak-o-vzryvah-na-rossiyskoy-aviabaze-v-krymu-vse-tolko-nachinaetsya|https://www.pravda.com.ua/news/2022/08/9/7362527/|https://www.pravda.com.ua/news/2022/08/9/7362554/|https://www.pravda.com.ua/news/2022/08/9/7362575/|https://www.unian.ua/war/minoboroni-potrolilo-rosiyan-komentuyuchi-vibuhi-na-aerodromi-v-krimu-novini-vtorgnennya-rosiji-v-ukrajinu-11935416.html|https://www.unian.ua/war/potuzhni-vibuhi-v-krimu-sogodni-natyak-eks-radnika-ochilnika-mvs-i-reakciya-minoboroni-rosiji-novini-vtorgnennya-rosiji-v-ukrajinu-11935314.html,STRATEGIC_AIRBASE,авиабаз|аеродром,взрыв|вибух|пожеж,693805,Simferopol,Crimea,Simferopol's'ka,34.0994127132379,44.9536335,REVIEW,REVIEW_DISPUTED_CRIMEA,,,,a_ukr_init_b,,a_ukr_b,0,a_rus_init_b,,a_rus_b,0,україн,,"Подоляк о взрывах на российской авиабазе в Крыму: Все только начинается || NYT: За вибухами на аеродромі в Криму стоять українські сили. """"The New York Times"""" із посиланням на """"високопоставленого українського військового"""" пише, що за вибухами на аеродромі в окупованому Криму стоять українські сили, хоча Міноборони України та Міноборони Росії не давали підстав говорити про таку версію. || У РФ пояснили вибухи на аеродромі в Криму """"порушенням пожежної безпеки"""". В якості основної причини вибуху боєприпасів на аеродромі Саки в окупованому Криму в Росії називають порушення вимог пожежної безпеки.",REVIEW_LOCATION_AMBIGUOUS,REVIEW_DISPUTED_CRIMEA,FALSE,CRIMEA_SEVASTOPOL,CRIMEA_TEXT,EVENT_FORM_UNRESOLVED,NO_DECISIVE_EVENT_FORM_CUE,,P4_CRIMEA,TRUE,,UNIQUE_EXACT_REPORT_LEVEL,53687,NO_EXACT_REPORT_DUPLICATE,PENDING
53688,20220809,7,1642410|1666990|1705024|1705036,liga|pravdaua|unian,https://news.liga.net/politics/news/minoborony-prokommentirovalo-vzryv-na-voennom-aerodrome-okkupantov-v-krymu|https://www.pravda.com.ua/news/2022/08/9/7362577/|https://www.unian.ua/politics/mihaylo-podolyak-vislovilisya-pro-potuzhni-vibuhi-na-viyskoviy-aviabazi-v-krimu-novini-ukrajina-11935470.html|https://www.unian.ua/politics/novini-krimu-sogodni-u-kabmini-vislovilisya-pro-potuzhni-vibuhi-novini-ukrajina-11935341.html,STRATEGIC_AIRBASE,авіабаз|аеродром|аэродром,взрыв|вибух,693805,Simferopol,Crimea,Simferopol's'ka,34.0994127132379,44.9536335,REVIEW,REVIEW_DISPUTED_CRIMEA,,,,a_ukr_init_b,,a_ukr_b,0,a_rus_init_b,,a_rus_b,0,Україн,,"Минобороны прокомментировало взрыв на военном аэродроме оккупантов в Крыму || Подоляк про вибухи на військовому аеродромі в Криму: Ми тут до чого?. Радник голови Офісу президента України Михайло Подоляк заявив, що Київ непричетний до вибухів на аеродромі в Новофедорівці в окупованому Росією Криму. || Нагадування про те, чий Крим: у Кабміні висловилися про потужні вибухи на військовому аеродромі",REVIEW_LOCATION_AMBIGUOUS,REVIEW_DISPUTED_CRIMEA,FALSE,CRIMEA_SEVASTOPOL,CRIMEA_TEXT,EVENT_FORM_UNRESOLVED,NO_DECISIVE_EVENT_FORM_CUE,,P4_CRIMEA,TRUE,,UNIQUE_EXACT_REPORT_LEVEL,53688,NO_EXACT_REPORT_DUPLICATE,PENDING
53689,20220809,1,1667011,pravdaua,https://www.pravda.com.ua/news/2022/08/9/7362544/,STRATEGIC_AIRBASE,аеродром,вибух|пожеж,693805,Simferopol,Crimea,Simferopol's'ka,34.0994127132379,44.9536335,REVIEW,REVIEW_DISPUTED_CRIMEA,,,,a_ukr_init_b,,a_ukr_b,0,a_rus_init_b,,a_rus_b,0,Україн,,"Міноборони України відмежувалося від вибухів на аеродромі в Криму. Міністерству оборони України не відома причина вибухів та пожежі на території аеродрому """"Саки"""" поблизу Новофедорівки в окупованому Росією Криму.",REVIEW_LOCATION_AMBIGUOUS,REVIEW_DISPUTED_CRIMEA,FALSE,CRIMEA_SEVASTOPOL,CRIMEA_TEXT,EVENT_FORM_UNRESOLVED,NO_DECISIVE_EVENT_FORM_CUE,,P4_CRIMEA,TRUE,,UNIQUE_EXACT_REPORT_LEVEL,53689,NO_EXACT_REPORT_DUPLICATE,PENDING
53690,20220809,1,1705029,unian,https://www.unian.ua/war/klyuchoviy-aerodrom-aviaciji-rf-shcho-vidomo-pro-bazu-v-krimu-u-yakiy-lunali-vibuhi-novini-vtorgnennya-rosiji-v-ukrajinu-11935386.html,STRATEGIC_AIRBASE,аеродром,вибух,693805,Simferopol,Crimea,Simferopol's'ka,34.0994127132379,44.9536335,REVIEW,REVIEW_DISPUTED_CRIMEA,,,,a_ukr_init_b,,a_ukr_b,0,a_rus_init_b,,a_rus_b,0,,,"Ключовий аеродром авіації РФ: що відомо про базу в Криму, на якій лунали вибухи",REVIEW_LOCATION_AMBIGUOUS,REVIEW_DISPUTED_CRIMEA,FALSE,CRIMEA_SEVASTOPOL,CRIMEA_TEXT,EVENT_FORM_UNRESOLVED,NO_DECISIVE_EVENT_FORM_CUE,,P4_CRIMEA,TRUE,,UNIQUE_EXACT_REPORT_LEVEL,53690,NO_EXACT_REPORT_DUPLICATE,PENDING
53691,20220809,3,1667017|1667027,pravdaua,https://life.pravda.com.ua/society/2022/08/9/249946/|https://www.pravda.com.ua/news/2022/08/9/7362516/,STRATEGIC_AIRBASE,аеродром,вибух,693805,Simferopol,Crimea,Simferopol's'ka,34.0994127132379,44.9536335,REVIEW,REVIEW_DISPUTED_CRIMEA,,,,a_ukr_init_b,,a_ukr_b,0,a_rus_init_b,,a_rus_b,0,україн,,"""""Бавовняна республіка"""": як українці реагують на вибухи у Криму. У тимчасово окупованому росіянами Криму пролунали вибухи на військовому аеродромі у Новофедорівці. || У Криму вибухи на військовому аеродромі.",REVIEW_LOCATION_AMBIGUOUS,REVIEW_DISPUTED_CRIMEA,FALSE,CRIMEA_SEVASTOPOL,CRIMEA_TEXT,EVENT_FORM_UNRESOLVED,NO_DECISIVE_EVENT_FORM_CUE,,P4_CRIMEA,TRUE,,UNIQUE_EXACT_REPORT_LEVEL,53691,NO_EXACT_REPORT_DUPLICATE,PENDING
53693,20220809,5,185942|185954,nv,https://nv.ua/ukr/ukraine/events/novofedorivka-suputnikovi-znimki-aerodromu-saki-do-vibuhiv-50262077.html|https://nv.ua/ukr/ukraine/events/novofedorivka-udar-po-aviabazi-v-krimu-zavdali-zsu-pishe-nyt-novini-ukrajini-50262090.html,STRATEGIC_AIRBASE,авіабаз|аеродром,вибух|удар,693805,Simferopol,Crimea,Simferopol's'ka,34.0994127132379,44.9536335,REVIEW,REVIEW_DISPUTED_CRIMEA,,,,a_ukr_init_b,,a_ukr_b,0,a_rus_init_b,,a_rus_b,0,ЗСУ|україн,,Багато авіації. Схеми опублікували супутникові знімки військового аеродрому Саки в Криму перед вибухами || ЗСУ завдали удару по авіабазі в Криму українською зброєю — NYT,REVIEW_LOCATION_AMBIGUOUS,REVIEW_DISPUTED_CRIMEA,FALSE,CRIMEA_SEVASTOPOL,CRIMEA_TEXT,FOLLOWUP_OR_AFTERMATH,FOLLOWUP_CUE_NO_FRESH_VERB,,P4_CRIMEA,TRUE,,UNIQUE_EXACT_REPORT_LEVEL,53693,NO_EXACT_REPORT_DUPLICATE,PENDING
53694,20220809,1,328132,espreso,https://espreso.tv/nagaduemo-pro-zaboronu-kurinnya-u-nevstanovlenikh-mistsyakh-u-minoboroni-prokomentuvali-pozhezhu-na-aerodromi-v-krimu,STRATEGIC_AIRBASE,аеродром,пожеж,693805,Simferopol,Crimea,Simferopol's'ka,34.0994127132379,44.9536335,REVIEW,REVIEW_DISPUTED_CRIMEA,,,,a_ukr_init_b,,a_ukr_b,0,a_rus_init_b,,a_rus_b,0,,,"""""Нагадуємо про заборону куріння у невстановлених місцях"""": у Міноборони прокоментували пожежу на аеродромі в Криму",REVIEW_LOCATION_AMBIGUOUS,REVIEW_DISPUTED_CRIMEA,FALSE,CRIMEA_SEVASTOPOL,CRIMEA_TEXT,EVENT_FORM_UNRESOLVED,NO_DECISIVE_EVENT_FORM_CUE,,P4_CRIMEA,TRUE,,UNIQUE_EXACT_REPORT_LEVEL,53694,NO_EXACT_REPORT_DUPLICATE,PENDING
53695,20220809,2,23543,24tvua,https://24tv.ua/vibuhi-krimu-arestovich-rozpoviv-pro-shaleni-naslidki_n2121086,STRATEGIC_AIRBASE,аеродром,вибух,693805,Simferopol,Crimea,Simferopol's'ka,34.0994127132379,44.9536335,REVIEW,REVIEW_DISPUTED_CRIMEA,,,,a_ukr_init_b,,a_ukr_b,0,a_rus_init_b,,a_rus_b,0,,,"За кілометр зносило дахи, уявіть, що тоді на аеродромі, – Арестович про наслідки вибухів у Криму",REVIEW_LOCATION_AMBIGUOUS,REVIEW_DISPUTED_CRIMEA,FALSE,CRIMEA_SEVASTOPOL,CRIMEA_TEXT,FOLLOWUP_OR_AFTERMATH,FOLLOWUP_CUE_NO_FRESH_VERB,,P4_CRIMEA,TRUE,,UNIQUE_EXACT_REPORT_LEVEL,53695,NO_EXACT_REPORT_DUPLICATE,PENDING
53696,20220809,9,23633|23646,24tvua,https://24tv.ua/vibuhi-krimu-sogodni-pokazali-povne-video_n2120879|https://24tv.ua/vibuhi-u-krimu-09-08-2022-video-foto-shho-vidomo_n2120877,STRATEGIC_AIRBASE,аеродром,вибух,693805,Simferopol,Crimea,Simferopol's'ka,34.0994127132379,44.9536335,REVIEW,REVIEW_DISPUTED_CRIMEA,,,,a_ukr_init_b,,a_ukr_b,0,a_rus_init_b,,a_rus_b,0,,,"У Криму пролунали вибухи біля військового аеродрому: все, що відомо || У мережі показали повне відео вибухів на аеродромі в Криму: вражаючі кадри",REVIEW_LOCATION_AMBIGUOUS,REVIEW_DISPUTED_CRIMEA,FALSE,CRIMEA_SEVASTOPOL,CRIMEA_TEXT,EVENT_FORM_UNRESOLVED,NO_DECISIVE_EVENT_FORM_CUE,,P4_CRIMEA,TRUE,,UNIQUE_EXACT_REPORT_LEVEL,53696,NO_EXACT_REPORT_DUPLICATE,PENDING
53699,20220809,1,185937,nv,https://nv.ua/ukr/lifestyle/u-krimu-u-novofedorivci-stalisya-vibuhi-yak-na-ce-vidreaguvali-u-socmerezhah-50262062.html,STRATEGIC_AIRBASE,аеродром,вибух,693805,Simferopol,Crimea,Simferopol's'ka,34.0994127132379,44.9536335,REVIEW,REVIEW_DISPUTED_CRIMEA,,,,a_ukr_init_b,,a_ukr_b,0,a_rus_init_b,,a_rus_b,0,україн,,«Палаючі тури в Крим». Реакція українців на вибухи в тимчасово окупованому Криму поблизу військового аеродрому,REVIEW_LOCATION_AMBIGUOUS,REVIEW_DISPUTED_CRIMEA,FALSE,CRIMEA_SEVASTOPOL,CRIMEA_TEXT,EVENT_FORM_UNRESOLVED,NO_DECISIVE_EVENT_FORM_CUE,,P4_CRIMEA,TRUE,,UNIQUE_EXACT_REPORT_LEVEL,53699,NO_EXACT_REPORT_DUPLICATE,PENDING
53700,20220809,1,1705015,unian,https://www.unian.ua/war/vibuhi-v-krimu-2022-u-merezhi-povidomili-pro-vibuhi-v-rayoni-viyskovogo-aerodromu-foto-video-novini-vtorgnennya-rosiji-v-ukrajinu-11935200.html,STRATEGIC_AIRBASE,аеродром,вибух,693805,Simferopol,Crimea,Simferopol's'ka,34.0994127132379,44.9536335,REVIEW,REVIEW_DISPUTED_CRIMEA,,,,a_ukr_init_b,,a_ukr_b,0,a_rus_init_b,,a_rus_b,0,,,"У Криму на військовому аеродромі прогриміли вибухи, люди в паніці тікають з Новофедорівки (фото, відео)",REVIEW_LOCATION_AMBIGUOUS,REVIEW_DISPUTED_CRIMEA,FALSE,CRIMEA_SEVASTOPOL,CRIMEA_TEXT,EVENT_FORM_UNRESOLVED,NO_DECISIVE_EVENT_FORM_CUE,,P4_CRIMEA,TRUE,,UNIQUE_EXACT_REPORT_LEVEL,53700,NO_EXACT_REPORT_DUPLICATE,PENDING
53702,20220809,1,23649,24tvua,https://24tv.ua/vibuhi-krimu-udar-mig-buti-zrobleniy-ukrayinskoyi-zbroyi_n2120986,STRATEGIC_AIRBASE,авіабаз,атак,693805,Simferopol,Crimea,Simferopol's'ka,34.0994127132379,44.9536335,REVIEW,REVIEW_DISPUTED_CRIMEA,,,,a_ukr_init_b,,a_ukr_b,0,a_rus_init_b,,a_rus_b,0,україн,,"Для атаки на авіабазу в Криму могли використати зброю українського виробництва, – NYT",REVIEW_LOCATION_AMBIGUOUS,REVIEW_DISPUTED_CRIMEA,FALSE,CRIMEA_SEVASTOPOL,CRIMEA_TEXT,EVENT_FORM_UNRESOLVED,NO_DECISIVE_EVENT_FORM_CUE,,P4_CRIMEA,TRUE,,UNIQUE_EXACT_REPORT_LEVEL,53702,NO_EXACT_REPORT_DUPLICATE,PENDING
53703,20220809,1,1642413,liga,https://news.liga.net/politics/video/v-krymu-progremeli-vzryvy-v-rayone-aviabazy-rossiyan-slyshny-zvuki-detonatsii-foto-video,STRATEGIC_AIRBASE,аэродром,взрыв,693805,Simferopol,Crimea,Simferopol's'ka,34.0994127132379,44.9536335,REVIEW,REVIEW_DISPUTED_CRIMEA,,,,a_ukr_init_b,,a_ukr_b,0,a_rus_init_b,,a_rus_b,0,,,"обновленодополнено В Крыму прогремели взрывы на аэродроме, там базируется истребительный полк — фото, видео",REVIEW_LOCATION_AMBIGUOUS,REVIEW_DISPUTED_CRIMEA,FALSE,CRIMEA_SEVASTOPOL,CRIMEA_TEXT,EVENT_FORM_UNRESOLVED,NO_DECISIVE_EVENT_FORM_CUE,,P4_CRIMEA,TRUE,,UNIQUE_EXACT_REPORT_LEVEL,53703,NO_EXACT_REPORT_DUPLICATE,PENDING
53704,20220809,1,185922,nv,https://nv.ua/ukr/ukraine/events/v-krymu-progremeli-neskolko-vzryvov-smi-50262027.html,STRATEGIC_AIRBASE,аеродром,вибух,693805,Simferopol,Crimea,Simferopol's'ka,34.0994127132379,44.9536335,REVIEW,REVIEW_DISPUTED_CRIMEA,,,,a_ukr_init_b,,a_ukr_b,0,a_rus_init_b,,a_rus_b,0,,,В окупованому Криму поблизу військового аеродрому пролунало кілька вибухів — ЗМІ,REVIEW_LOCATION_AMBIGUOUS,REVIEW_DISPUTED_CRIMEA,FALSE,CRIMEA_SEVASTOPOL,CRIMEA_TEXT,EVENT_FORM_UNRESOLVED,NO_DECISIVE_EVENT_FORM_CUE,,P4_CRIMEA,TRUE,,UNIQUE_EXACT_REPORT_LEVEL,53704,NO_EXACT_REPORT_DUPLICATE,PENDING
53710,20220809,1,1705031,unian,https://www.unian.ua/war/u-minoboroni-ukrajini-nazvali-udari-po-aviabazi-v-krimu-rozminkoyu-novini-vtorgnennya-rosiji-v-ukrajinu-11935392.html,STRATEGIC_AIRBASE,авіабаз,удар,693805,Simferopol,Crimea,Simferopol's'ka,34.0994127132379,44.9536335,REVIEW,REVIEW_DISPUTED_CRIMEA,,,,a_ukr_init_b,,a_ukr_b,1,a_rus_init_b,,a_rus_b,0,Україн,,"У Міноборони України назвали удари по авіабазі в Криму """"розминкою""""",REVIEW_LOCATION_AMBIGUOUS,REVIEW_DISPUTED_CRIMEA,FALSE,CRIMEA_SEVASTOPOL,CRIMEA_TEXT,EVENT_FORM_UNRESOLVED,NO_DECISIVE_EVENT_FORM_CUE,,P4_CRIMEA,TRUE,,UNIQUE_EXACT_REPORT_LEVEL,53710,NO_EXACT_REPORT_DUPLICATE,PENDING
53713,20220809,1,1642406,liga,https://news.liga.net/politics/news/posle-vzryvov-na-aerodrome-okkupanty-povysili-v-krymu-uroven-terroristicheskoy-ugrozy,STRATEGIC_AIRBASE,аэродром,взрыв,693805,Simferopol,Crimea,Simferopol's'ka,34.0994127132379,44.9536335,REVIEW,REVIEW_DISPUTED_CRIMEA,,,,a_ukr_init_b,,a_ukr_b,0,a_rus_init_b,,a_rus_b,1,,,"После взрывов на аэродроме оккупанты повысили в Крыму уровень """"террористической угрозы""""",REVIEW_LOCATION_AMBIGUOUS,REVIEW_DISPUTED_CRIMEA,FALSE,CRIMEA_SEVASTOPOL,CRIMEA_TEXT,EVENT_FORM_UNRESOLVED,NO_DECISIVE_EVENT_FORM_CUE,,P4_CRIMEA,TRUE,,UNIQUE_EXACT_REPORT_LEVEL,53713,NO_EXACT_REPORT_DUPLICATE,PENDING
53720,20220809,4,23608|328130,24tvua|espreso,https://24tv.ua/bilya-aviabazi-rosiyan-krimu-prolunali-potuzhni-vibuhi_n2120789|https://espreso.tv/u-krimu-prolunali-vibukhi-v-rayoni-aviabazi-rosiyan-u-novofedorivtsi,STRATEGIC_AIRBASE,авіабаз,вибух,693805,Simferopol,Crimea,Simferopol's'ka,34.0994127132379,44.9536335,REVIEW,REVIEW_DISPUTED_CRIMEA,,,,a_ukr_init_b,,a_ukr_b,0,a_rus_init_b,,a_rus_b,1,,,"Біля авіабази росіян у Криму пролунали потужні вибухи || У Криму пролунали вибухи в районі авіабази росіян у Новофедорівці, на півострові почали евакуацію мешканців у Сакському районі",REVIEW_LOCATION_AMBIGUOUS,REVIEW_DISPUTED_CRIMEA,FALSE,CRIMEA_SEVASTOPOL,CRIMEA_TEXT,EVENT_FORM_UNRESOLVED,NO_DECISIVE_EVENT_FORM_CUE,,P4_CRIMEA,TRUE,,UNIQUE_EXACT_REPORT_LEVEL,53720,NO_EXACT_REPORT_DUPLICATE,PENDING
53723,20220809,1,23624,24tvua,https://24tv.ua/vibuhi-krimu-yak-reaguyut-tse-rosiyani_n2120854,STRATEGIC_AIRBASE,аеродром,удар,693805,Simferopol,Crimea,Simferopol's'ka,34.0994127132379,44.9536335,REVIEW,REVIEW_DISPUTED_CRIMEA,,,,a_ukr_init_b,,a_ukr_b,0,a_rus_init_b,,a_rus_b,1,,,"""""""""""""""""Вдарте по Львову і червоні лінії путіна"""""""""""""""": у росіян палає через удар по аеродрому в Криму",REVIEW_LOCATION_AMBIGUOUS,REVIEW_DISPUTED_CRIMEA,FALSE,CRIMEA_SEVASTOPOL,CRIMEA_TEXT,EVENT_FORM_UNRESOLVED,NO_DECISIVE_EVENT_FORM_CUE,,P4_CRIMEA,TRUE,,UNIQUE_EXACT_REPORT_LEVEL,53723,NO_EXACT_REPORT_DUPLICATE,PENDING
197183,20220810,1,1667113,pravdaua,https://www.pravda.com.ua/news/2022/08/10/7362594/,AMMUNITION_ARSENAL,склад боєприпасів на Херсонщині. ЗСУ знищили ворожий склад боєприпас,знищ,706448,Kherson,Kherson,Khersons'ka,32.614962,46.640319,REVIEW,REVIEW_NAME_ONLY_RU_SUPPORT,,,Kherson,a_ukr_init_b,,a_ukr_b,1,a_rus_init_b,,a_rus_b,0,ЗСУ,,"ОК """"Південь"""": ЗСУ знищили склад боєприпасів на Херсонщині. ЗСУ знищили ворожий склад боєприпасів в Новоалексіївці (Херсонська область) та командно-спостережний пункт БТГ 217-го парашутно-десантного полку ворога в районі села Максима Горького.",REVIEW_LOCATION_AMBIGUOUS,REVIEW_NAME_ONLY_RU_SUPPORT,FALSE,UKRAINE_OCCUPIED_OTHER,OCCUPIED_UA_TEXT,EVENT_FORM_UNRESOLVED,NO_DECISIVE_EVENT_FORM_CUE,,P5_OCCUPIED_UA_OTHER,TRUE,,UNIQUE_EXACT_REPORT_LEVEL,197183,NO_EXACT_REPORT_DUPLICATE,PENDING
236983,20220810,1,23792,24tvua,https://24tv.ua/skladi-rosiyan-donetsku-lunayut-vibuhi_n2121867,AMMUNITION_ARSENAL,склад боєприпас,Пожеж|вибух,709717,Donetsk,Donets'k,Donets'ka,37.80285,48.015884,REVIEW,REVIEW_NAME_ONLY_RU_SUPPORT,,,Donetsk,a_ukr_init_b,,a_ukr_b,0,a_rus_init_b,,a_rus_b,1,,,Пожежа та вибухи на пивзаводі в Донецьку: окупанти його перетворили на склад боєприпасів,REVIEW_LOCATION_AMBIGUOUS,REVIEW_NAME_ONLY_RU_SUPPORT,FALSE,UKRAINE_OCCUPIED_OTHER,OCCUPIED_UA_TEXT,EVENT_FORM_UNRESOLVED,NO_DECISIVE_EVENT_FORM_CUE,EXACT2022-0036,P5_OCCUPIED_UA_OTHER,TRUE,EXACT2022-0036,CANONICAL,236983,EXACT_SOURCE_URL_AND_REPRESENTATIVE_TEXT,PENDING
314880,20220810,1,78888,liveuamap,https://t.me/bbbreaking/132365,STRATEGIC_AIRBASE,авіабаз,вибух|пожеж,7039154,Novofedorovka,Crimea,Saks'kyi,33.59224,45.08758,REVIEW,REVIEW_DISPUTED_CRIMEA,,,,a_ukr_init_b,,a_ukr_b,0,a_rus_init_b,,a_rus_b,0,,твер,"Міноборони Росії стверджує, що причиною пожежі та подальших вибухів на авіабазі в Новофедорівці стали вибухи кількох авіабомб",REVIEW_LOCATION_AMBIGUOUS,REVIEW_DISPUTED_CRIMEA,FALSE,RUSSIA_PROPER,RUSSIAN_PLACE_TEXT,EVENT_FORM_UNRESOLVED,NO_DECISIVE_EVENT_FORM_CUE,,P2_RUSSIA_FROM_AMBIGUOUS,TRUE,,UNIQUE_EXACT_REPORT_LEVEL,314880,NO_EXACT_REPORT_DUPLICATE,PENDING
314884,20220810,1,78891,liveuamap,https://twitter.com/antonohaio/status/1556986277450469377,STRATEGIC_AIRBASE,авіабаз,вибух,7039154,Novofedorovka,Crimea,Saks'kyi,33.58684,45.08682,REVIEW,REVIEW_DISPUTED_CRIMEA,,,,a_ukr_init_b,,a_ukr_b,0,a_rus_init_b,,a_rus_b,0,,,Ще одне відео вибухів на авіабазі в Саках,REVIEW_LOCATION_AMBIGUOUS,REVIEW_DISPUTED_CRIMEA,FALSE,UNKNOWN,NO_DECISIVE_SCOPE_TEXT,EVENT_FORM_UNRESOLVED,NO_DECISIVE_EVENT_FORM_CUE,EXACT2022-0037,P6_SCOPE_UNKNOWN,TRUE,EXACT2022-0037,CANONICAL,314884,EXACT_SOURCE_URL_AND_REPRESENTATIVE_TEXT,PENDING
53724,20220810,3,1642457,liga,https://news.liga.net/politics/news/ssha-o-vzryvah-na-aerodrome-v-krymu-my-podderjivaem-usiliya-ukrainy-po-zaschite-suvereniteta,STRATEGIC_AIRBASE,аэродром,взрыв,693805,Simferopol,Crimea,Simferopol's'ka,34.0994127132379,44.9536335,REVIEW,REVIEW_DISPUTED_CRIMEA,,,,a_ukr_init_b,,a_ukr_b,0,a_rus_init_b,,a_rus_b,0,Украин,,США о взрывах на аэродроме в Крыму: Мы поддерживаем усилия Украины по защите суверенитета,REVIEW_LOCATION_AMBIGUOUS,REVIEW_DISPUTED_CRIMEA,FALSE,CRIMEA_SEVASTOPOL,CRIMEA_TEXT,EVENT_FORM_UNRESOLVED,NO_DECISIVE_EVENT_FORM_CUE,,P4_CRIMEA,TRUE,,UNIQUE_EXACT_REPORT_LEVEL,53724,NO_EXACT_REPORT_DUPLICATE,PENDING
53725,20220810,1,1667083,pravdaua,https://www.pravda.com.ua/news/2022/08/10/7362708/,STRATEGIC_AIRBASE,авіабаз,вибух,693805,Simferopol,Crimea,Simferopol's'ka,34.0994127132379,44.9536335,REVIEW,REVIEW_DISPUTED_CRIMEA,,,,a_ukr_init_b,,a_ukr_b,0,a_rus_init_b,,a_rus_b,0,,,"Британія ще не знає точної причини вибухів у Криму, але """"це точно не недопалок"""". Міністр оборони Великої Британії Бен Воллес сказав, що Лондон ще не з'ясував причини вчорашніх вибухів на російській авіабазі в Криму, але точно не вважає правдоподібними пояснення Росії.",REVIEW_LOCATION_AMBIGUOUS,REVIEW_DISPUTED_CRIMEA,FALSE,CRIMEA_SEVASTOPOL,CRIMEA_TEXT,EVENT_FORM_UNRESOLVED,NO_DECISIVE_EVENT_FORM_CUE,,P4_CRIMEA,TRUE,,UNIQUE_EXACT_REPORT_LEVEL,53725,NO_EXACT_REPORT_DUPLICATE,PENDING
53726,20220810,1,1667115,pravdaua,https://www.pravda.com.ua/news/2022/08/10/7362593/,STRATEGIC_AIRBASE,аеродром,вибух,693805,Simferopol,Crimea,Simferopol's'ka,34.0994127132379,44.9536335,REVIEW,REVIEW_DISPUTED_CRIMEA,,,,a_ukr_init_b,,a_ukr_b,0,a_rus_init_b,,a_rus_b,0,Україн,,США про вибухи на аеродромі в Криму: Підтримуємо зусилля України.,REVIEW_LOCATION_AMBIGUOUS,REVIEW_DISPUTED_CRIMEA,FALSE,CRIMEA_SEVASTOPOL,CRIMEA_TEXT,EVENT_FORM_UNRESOLVED,NO_DECISIVE_EVENT_FORM_CUE,,P4_CRIMEA,TRUE,,UNIQUE_EXACT_REPORT_LEVEL,53726,NO_EXACT_REPORT_DUPLICATE,PENDING
53727,20220810,30,145830|145831|185974|186021|186050|186059|186061,militarnyy|nv,https://mil.in.ua/uk/news/do-vybuhiv-na-aerodromi-v-novofedorivtsi-prychetni-sso-ta-partyzany-zmi/|https://mil.in.ua/uk/news/rosiya-vtratyla-blyzko-10-litakiv-na-aviabazi-u-krymu-ps-zsu/|https://nv.ua/ukr/ukraine/events/novofedorivka-suputnikovi-znimki-naslidkiv-vibuhu-na-aerodromi-saki-novini-ukrajini-50262375.html|https://nv.ua/ukr/ukraine/events/ok-pivden-vislovivsya-pro-prichinu-vibuhiv-u-novofedorivci-u-krimu-novini-ukrajini-50262236.html|https://nv.ua/ukr/ukraine/events/rosiyani-tikayut-z-krimu-pislya-vibuhiv-na-viyskovomu-aerodromi-pravozahisnicya-novini-ukrajini-50262335.html|https://nv.ua/ukr/ukraine/politics/raketi-vpershe-doletili-do-viyskovogo-ob-yektu-rosiji-v-okupovanomu-krimu-novini-ukrajini-50262114.html|https://nv.ua/ukr/world/geopolitics/novofedorivka-aerodrom-u-sakah-ye-zakonnoyu-cillyu-ukrajini-britaniya-50262369.html,STRATEGIC_AIRBASE,авіабаз|аеродром,Вибух|вибух|знищ|удар,693805,Simferopol,Crimea,Simferopol's'ka,34.0994127132379,44.9536335,REVIEW,REVIEW_DISPUTED_CRIMEA,,,,a_ukr_init_b,,a_ukr_b,0,a_rus_init_b,,a_rus_b,0,ЗСУ|ССО|україн,,"До вибухів на аеродромі в Новофедорівці причетні ССО та партизани – американські ЗМІ. Вибухи в Новофедорівці в окупованому Криму могли статися через дії українських спецпризначенців та партизанів. Про це пишуть західні ЗМІ з посил... || Росія втратила близько 10 літаків на авіабазі у Криму – ПС ЗСУ. Повітряно-космічні сили Росії зазнали втрат у бойових літаках в наслідок вибухів на авіабазі в Криму. Командування Повітряних Сил ЗС України пов... || Чим ударили по військовій частині у Криму? Дві основні версії того, що і як частково знищило авіабазу РФ у Новофедорівці",REVIEW_LOCATION_AMBIGUOUS,REVIEW_DISPUTED_CRIMEA,FALSE,CRIMEA_SEVASTOPOL,CRIMEA_TEXT,FRESH_ATTACK_WORDING,FRESH_ATTACK_CUE,,P4_CRIMEA,TRUE,,UNIQUE_EXACT_REPORT_LEVEL,53727,NO_EXACT_REPORT_DUPLICATE,PENDING
53730,20220810,1,145839,militarnyy,https://mil.in.ua/uk/news/z-yavylysya-znimky-znyshhenoyi-aviatsiyi-rosiyi-na-aviabazi-u-krymu/,STRATEGIC_AIRBASE,авіабаз,вибух|знищ,693805,Simferopol,Crimea,Simferopol's'ka,34.0994127132379,44.9536335,REVIEW,REVIEW_DISPUTED_CRIMEA,,,,a_ukr_init_b,,a_ukr_b,0,a_rus_init_b,,a_rus_b,0,,,З’явилися знімки знищеної авіації Росії на авіабазі у Криму. У відкритий доступ опубліковані перші супутникові знімки російської авіабази у Криму після вибухів. Супутникові знімки демонструють значну кільк...,REVIEW_LOCATION_AMBIGUOUS,REVIEW_DISPUTED_CRIMEA,FALSE,CRIMEA_SEVASTOPOL,CRIMEA_TEXT,FOLLOWUP_OR_AFTERMATH,FOLLOWUP_CUE_NO_FRESH_VERB,,P4_CRIMEA,TRUE,,UNIQUE_EXACT_REPORT_LEVEL,53730,NO_EXACT_REPORT_DUPLICATE,PENDING
53735,20220810,3,1705054|1705126,unian,https://www.unian.ua/war/britaniya-shche-ne-znaye-tochnoji-prichini-vibuhu-na-aerodromi-v-krimu-ale-ce-ne-nedopalok-novini-vtorgnennya-rosiji-v-ukrajinu-11936820.html|https://www.unian.ua/war/u-bilomu-domi-prokomentuvali-vibuhi-na-aerodromi-v-krimu-novini-vtorgnennya-rosiji-v-ukrajinu-11935701.html,STRATEGIC_AIRBASE,аеродром,вибух,693805,Simferopol,Crimea,Simferopol's'ka,34.0994127132379,44.9536335,REVIEW,REVIEW_DISPUTED_CRIMEA,,,,a_ukr_init_b,,a_ukr_b,0,a_rus_init_b,,a_rus_b,0,Україн,,"""""Підтримуємо зусилля України"""": у Білому домі прокоментували вибухи на аеродромі в Криму || Британія ще не знає точної причини вибуху на аеродромі в Криму, але """"це не недопалок""""",REVIEW_LOCATION_AMBIGUOUS,REVIEW_DISPUTED_CRIMEA,FALSE,CRIMEA_SEVASTOPOL,CRIMEA_TEXT,EVENT_FORM_UNRESOLVED,NO_DECISIVE_EVENT_FORM_CUE,,P4_CRIMEA,TRUE,,UNIQUE_EXACT_REPORT_LEVEL,53735,NO_EXACT_REPORT_DUPLICATE,PENDING
53736,20220810,6,1642435|1705048|1705074,liga|unian,https://news.liga.net/politics/news/za-vzryvami-na-aviabaze-v-krymu-stoyal-ukrainskiy-spetsnaz-the-washington-post|https://www.unian.ua/war/arestovich-nazvav-dvi-neoficiyni-versiji-vibuhiv-na-viyskovomu-aerodromi-okupantiv-u-krimu-novini-vtorgnennya-rosiji-v-ukrajinu-11935614.html|https://www.unian.ua/war/novini-krimu-sogodni-mihaylo-podolyak-vidpoviv-chi-prichetna-ukrajina-do-potuzhnih-vibuhiv-novini-vtorgnennya-rosiji-v-ukrajinu-11935845.html,STRATEGIC_AIRBASE,авиабаз|авіабаз|аеродром,взрыв|вибух,693805,Simferopol,Crimea,Simferopol's'ka,34.0994127132379,44.9536335,REVIEW,REVIEW_DISPUTED_CRIMEA,,,,a_ukr_init_b,,a_ukr_b,0,a_rus_init_b,,a_rus_b,0,Україн|украин,,"За взрывами на авиабазе в Крыму стоял украинский спецназ – The Washington Post || Арестович назвав дві неофіційні версії вибухів на військовому аеродромі окупантів у Криму || У Зеленського відповіли, чи причетна Україна до потужних вибухів у Криму на військовій авіабазі",REVIEW_LOCATION_AMBIGUOUS,REVIEW_DISPUTED_CRIMEA,FALSE,CRIMEA_SEVASTOPOL,CRIMEA_TEXT,EVENT_FORM_UNRESOLVED,NO_DECISIVE_EVENT_FORM_CUE,,P4_CRIMEA,TRUE,,UNIQUE_EXACT_REPORT_LEVEL,53736,NO_EXACT_REPORT_DUPLICATE,PENDING
53737,20220810,1,1765311,liveuamap,https://twitter.com/GirkinGirkin/status/1556984446582247424,STRATEGIC_AIRBASE,авіабаз,Вибух|пожеж,693805,Simferopol,Crimea,Simferopol's'ka,34.0994127132379,44.9536335,REVIEW,REVIEW_DISPUTED_CRIMEA,,,,a_ukr_init_b,,a_ukr_b,0,a_rus_init_b,,a_rus_b,0,,,Вибухи та пожежа на авіабазі Новофедорівка в Криму,REVIEW_LOCATION_AMBIGUOUS,REVIEW_DISPUTED_CRIMEA,FALSE,CRIMEA_SEVASTOPOL,CRIMEA_TEXT,EVENT_FORM_UNRESOLVED,NO_DECISIVE_EVENT_FORM_CUE,EXACT2022-0039,P4_CRIMEA,TRUE,EXACT2022-0039,CANONICAL,53737,EXACT_SOURCE_URL_AND_REPRESENTATIVE_TEXT,PENDING
53740,20220810,1,1705099,unian,https://www.unian.ua/war/viyskoviy-ekspert-pripustiv-shcho-udaru-po-krimu-mogli-zavdati-raketami-atacms-novini-vtorgnennya-rosiji-v-ukrajinu-11936364.html,STRATEGIC_AIRBASE,аеродром,ракет|удар,693805,Simferopol,Crimea,Simferopol's'ka,34.0994127132379,44.9536335,REVIEW,REVIEW_DISPUTED_CRIMEA,,,,a_ukr_init_b,,a_ukr_b,0,a_rus_init_b,,a_rus_b,0,,,"Експерт припустив, що удару по аеродрому в Криму могли завдати ракетами ATACMS",REVIEW_LOCATION_AMBIGUOUS,REVIEW_DISPUTED_CRIMEA,FALSE,CRIMEA_SEVASTOPOL,CRIMEA_TEXT,EVENT_FORM_UNRESOLVED,NO_DECISIVE_EVENT_FORM_CUE,,P4_CRIMEA,TRUE,,UNIQUE_EXACT_REPORT_LEVEL,53740,NO_EXACT_REPORT_DUPLICATE,PENDING
53741,20220810,1,1705087,unian,https://www.unian.ua/war/bachimo-tochkovi-udari-ekspert-vidpoviv-chim-same-mogli-vdariti-po-aerodromu-v-krimu-novini-vtorgnennya-rosiji-v-ukrajinu-11936127.html,STRATEGIC_AIRBASE,аеродром,удар,693805,Simferopol,Crimea,Simferopol's'ka,34.0994127132379,44.9536335,REVIEW,REVIEW_DISPUTED_CRIMEA,,,,a_ukr_init_b,,a_ukr_b,0,a_rus_init_b,,a_rus_b,0,,,"""""Бачимо точкові удари"""": експерт відповів, чим могли вдарити по аеродрому в Криму",REVIEW_LOCATION_AMBIGUOUS,REVIEW_DISPUTED_CRIMEA,FALSE,CRIMEA_SEVASTOPOL,CRIMEA_TEXT,EVENT_FORM_UNRESOLVED,NO_DECISIVE_EVENT_FORM_CUE,,P4_CRIMEA,TRUE,,UNIQUE_EXACT_REPORT_LEVEL,53741,NO_EXACT_REPORT_DUPLICATE,PENDING
53743,20220810,1,1705119,unian,https://www.unian.ua/war/vibuhi-u-krimu-znishcheno-9-litakiv-aerodrom-vivedeniy-z-ladu-novini-vtorgnennya-rosiji-v-ukrajinu-11936646.html,STRATEGIC_AIRBASE,аеродром,Вибух|знищ,693805,Simferopol,Crimea,Simferopol's'ka,34.0994127132379,44.9536335,REVIEW,REVIEW_DISPUTED_CRIMEA,,,,a_ukr_init_b,,a_ukr_b,0,a_rus_init_b,,a_rus_b,0,,,"Вибухи у Криму: знищено 9 літаків, аеродром виведений з ладу",REVIEW_LOCATION_AMBIGUOUS,REVIEW_DISPUTED_CRIMEA,FALSE,CRIMEA_SEVASTOPOL,CRIMEA_TEXT,EVENT_FORM_UNRESOLVED,NO_DECISIVE_EVENT_FORM_CUE,,P4_CRIMEA,TRUE,,UNIQUE_EXACT_REPORT_LEVEL,53743,NO_EXACT_REPORT_DUPLICATE,PENDING
53745,20220810,6,186048,nv,https://nv.ua/ukr/world/geopolitics/novofedorivka-vibuh-u-krimu-viklikaniy-tochno-ne-nedopalkom-volles-50262331.html,STRATEGIC_AIRBASE,аеродром,вибух,693805,Simferopol,Crimea,Simferopol's'ka,34.0994127132379,44.9536335,REVIEW,REVIEW_DISPUTED_CRIMEA,,,,a_ukr_init_b,,a_ukr_b,0,a_rus_init_b,,a_rus_b,0,,,«Точно не недопалок». Міністр оборони Британії висміяв версію окупантів про вибухи на аеродромі в Криму,REVIEW_LOCATION_AMBIGUOUS,REVIEW_DISPUTED_CRIMEA,FALSE,CRIMEA_SEVASTOPOL,CRIMEA_TEXT,EVENT_FORM_UNRESOLVED,NO_DECISIVE_EVENT_FORM_CUE,,P4_CRIMEA,TRUE,,UNIQUE_EXACT_REPORT_LEVEL,53745,NO_EXACT_REPORT_DUPLICATE,PENDING
53747,20220810,1,186031,nv,https://nv.ua/ukr/ukraine/events/ataku-na-aerodrom-u-novofedorivci-u-krimu-vlashtuvav-ukrajinskiy-specnaz-novini-ukrajini-50262257.html,STRATEGIC_AIRBASE,аеродром,атак,693805,Simferopol,Crimea,Simferopol's'ka,34.0994127132379,44.9536335,REVIEW,REVIEW_DISPUTED_CRIMEA,,,,a_ukr_init_b,,a_ukr_b,0,a_rus_init_b,,a_rus_b,0,україн,,За атакою на аеродром у Криму стоять українські спецсили — Washington Post,REVIEW_LOCATION_AMBIGUOUS,REVIEW_DISPUTED_CRIMEA,FALSE,CRIMEA_SEVASTOPOL,CRIMEA_TEXT,EVENT_FORM_UNRESOLVED,NO_DECISIVE_EVENT_FORM_CUE,,P4_CRIMEA,TRUE,,UNIQUE_EXACT_REPORT_LEVEL,53747,NO_EXACT_REPORT_DUPLICATE,PENDING
53748,20220810,4,23675|23691|23787,24tvua,https://24tv.ua/mi-tut-do-chogo-podolyak-kazhe-shho-ukrayina-ne-prichetna-do_n2121130|https://24tv.ua/vibuhi-krimu-arestovich-rozpoviv-pro-shaleni-naslidki_n2121086|https://24tv.ua/yakiy-viglyad-maye-aerodrom-saki-krimu-sogodni-foto-novofedorivki_n2121854,STRATEGIC_AIRBASE,аеродром,вибух,693805,Simferopol,Crimea,Simferopol's'ka,34.0994127132379,44.9536335,REVIEW,REVIEW_DISPUTED_CRIMEA,,,,a_ukr_init_b,,a_ukr_b,0,a_rus_init_b,,a_rus_b,0,Україн,,"За кілометр зносило дахи, уявіть, що тоді на аеродромі, – Арестович про наслідки вибухів у Криму || Ми тут до чого, – Подоляк каже, що Україна не причетна до вибухів на аеродромі у Криму || Який вигляд має аеродром в Криму після вибухів: з'явилися перші супутникові знімки",REVIEW_LOCATION_AMBIGUOUS,REVIEW_DISPUTED_CRIMEA,FALSE,CRIMEA_SEVASTOPOL,CRIMEA_TEXT,FOLLOWUP_OR_AFTERMATH,FOLLOWUP_CUE_NO_FRESH_VERB,,P4_CRIMEA,TRUE,,UNIQUE_EXACT_REPORT_LEVEL,53748,NO_EXACT_REPORT_DUPLICATE,PENDING
53749,20220810,6,23688|23737|328187,24tvua|espreso,https://24tv.ua/krimu-panika-naslidki-vibuhiv-aerodromi-okupovanomu-krimu_n2121454|https://24tv.ua/vibuhi-novofedorivtsi-arestovich-skazav-skilki-aerodromiv-zalishilosya_n2121886|https://espreso.tv/zhodnikh-prilotiv-ne-bulo-vidikhaemo-ta-ydemo-na-plyazh-u-rosii-zaperechuyut-vibukhi-na-aerodromi-v-krimu,STRATEGIC_AIRBASE,аеродром,Вибух|вибух,693805,Simferopol,Crimea,Simferopol's'ka,34.0994127132379,44.9536335,REVIEW,REVIEW_DISPUTED_CRIMEA,,,,a_ukr_init_b,,a_ukr_b,0,a_rus_init_b,,a_rus_b,0,,у Росії,"Вибухи у Новофедорівці: Арестович розповів, скільки аеродромів залишилося в окупантів в Криму || У Криму публічна паніка, – речниця ОК """"""""""""""""Південь"""""""""""""""" про наслідки вибухів на аеродромі росії || """"Жодних прильотів не було, видихаємо та йдемо на пляж"""": у Росії заперечують вибухи на аеродромі в Криму",REVIEW_LOCATION_AMBIGUOUS,REVIEW_DISPUTED_CRIMEA,FALSE,CONFLICT_OR_COMPOSITE,CRIMEA_AND_RUSSIA_TEXT,FOLLOWUP_OR_AFTERMATH,FOLLOWUP_CUE_NO_FRESH_VERB,,P3_SCOPE_CONFLICT_COMPOSITE,TRUE,,UNIQUE_EXACT_REPORT_LEVEL,53749,NO_EXACT_REPORT_DUPLICATE,PENDING
53750,20220810,1,328170,espreso,https://zahid.espreso.tv/analog-iskanderu-z-dalnistyu-do-500-kilometriv-po-aerodromu-v-krimu-mogli-vdariti-ukrainski-raketi,STRATEGIC_AIRBASE,аеродром,ракет,693805,Simferopol,Crimea,Simferopol's'ka,34.0994127132379,44.9536335,REVIEW,REVIEW_DISPUTED_CRIMEA,,,,a_ukr_init_b,,a_ukr_b,0,a_rus_init_b,,a_rus_b,0,україн,,"Аналог """"іскандера"""" з дальністю до 500 кілометрів: по аеродрому в Криму могли вдарити українські ракети",REVIEW_LOCATION_AMBIGUOUS,REVIEW_DISPUTED_CRIMEA,FALSE,CRIMEA_SEVASTOPOL,CRIMEA_TEXT,EVENT_FORM_UNRESOLVED,NO_DECISIVE_EVENT_FORM_CUE,,P4_CRIMEA,TRUE,,UNIQUE_EXACT_REPORT_LEVEL,53750,NO_EXACT_REPORT_DUPLICATE,PENDING
53757,20220810,1,1765309,liveuamap,https://twitter.com/ELINTNews/status/1556989234052997122,STRATEGIC_AIRBASE,авіабаз,вибух,693805,Simferopol,Crimea,Simferopol's'ka,34.0994127132379,44.9536335,REVIEW,REVIEW_DISPUTED_CRIMEA,,,,a_ukr_init_b,,a_ukr_b,0,a_rus_init_b,,a_rus_b,0,,,"Відео вибуху на авіабазі Саки в підконтрольному Росії Криму, за 200 км від найближчих позицій лінії фронту",REVIEW_LOCATION_AMBIGUOUS,REVIEW_DISPUTED_CRIMEA,FALSE,CRIMEA_SEVASTOPOL,CRIMEA_TEXT,EVENT_FORM_UNRESOLVED,NO_DECISIVE_EVENT_FORM_CUE,EXACT2022-0038,P4_CRIMEA,TRUE,EXACT2022-0038,CANONICAL,53757,EXACT_SOURCE_URL_AND_REPRESENTATIVE_TEXT,PENDING
53758,20220810,1,1705076,unian,https://www.unian.ua/war/vibuhi-v-sakah-stalo-vidomo-skilki-znishcheno-vorozhih-litakiv-novini-vtorgnennya-rosiji-v-ukrajinu-11935887.html,STRATEGIC_AIRBASE,авіабаз,вибух|знищ,693805,Simferopol,Crimea,Simferopol's'ka,34.0994127132379,44.9536335,REVIEW,REVIEW_DISPUTED_CRIMEA,,,,a_ukr_init_b,,a_ukr_b,0,a_rus_init_b,,a_rus_b,0,,,"Потужні вибухи на авіабазі РФ у Криму: стало відомо, скільки знищено літаків у Новофедорівці",REVIEW_LOCATION_AMBIGUOUS,REVIEW_DISPUTED_CRIMEA,FALSE,CRIMEA_SEVASTOPOL,CRIMEA_TEXT,EVENT_FORM_UNRESOLVED,NO_DECISIVE_EVENT_FORM_CUE,,P4_CRIMEA,TRUE,,UNIQUE_EXACT_REPORT_LEVEL,53758,NO_EXACT_REPORT_DUPLICATE,PENDING
53760,20220810,1,1705070,unian,https://www.unian.ua/war/aerodrom-saki-v-krimu-u-povitryanih-silah-vislovilisya-pro-znishchennya-litakiv-novini-vtorgnennya-rosiji-v-ukrajinu-11935800.html,STRATEGIC_AIRBASE,авіабаз,Вибух|знищ,693805,Simferopol,Crimea,Simferopol's'ka,34.0994127132379,44.9536335,REVIEW,REVIEW_DISPUTED_CRIMEA,,,,a_ukr_init_b,,a_ukr_b,0,a_rus_init_b,,a_rus_b,0,,,Вибухи на авіабазі РФ у Криму: у Повітряних силах висловилися про знищення літаків,REVIEW_LOCATION_AMBIGUOUS,REVIEW_DISPUTED_CRIMEA,FALSE,CRIMEA_SEVASTOPOL,CRIMEA_TEXT,EVENT_FORM_UNRESOLVED,NO_DECISIVE_EVENT_FORM_CUE,,P4_CRIMEA,TRUE,,UNIQUE_EXACT_REPORT_LEVEL,53760,NO_EXACT_REPORT_DUPLICATE,PENDING
53761,20220810,1,328181,espreso,https://espreso.tv/ataka-na-aviabazu-v-okupovanomu-krimu-e-spravoyu-ruk-ukraini-the-washington-post,STRATEGIC_AIRBASE,авіабаз,Атак,693805,Simferopol,Crimea,Simferopol's'ka,34.0994127132379,44.9536335,REVIEW,REVIEW_DISPUTED_CRIMEA,,,,a_ukr_init_b,,a_ukr_b,0,a_rus_init_b,,a_rus_b,0,Україн,,Атака на авіабазу в окупованому Криму є справою рук України,REVIEW_LOCATION_AMBIGUOUS,REVIEW_DISPUTED_CRIMEA,FALSE,CRIMEA_SEVASTOPOL,CRIMEA_TEXT,EVENT_FORM_UNRESOLVED,NO_DECISIVE_EVENT_FORM_CUE,,P4_CRIMEA,TRUE,,UNIQUE_EXACT_REPORT_LEVEL,53761,NO_EXACT_REPORT_DUPLICATE,PENDING
53762,20220810,1,186030,nv,https://nv.ua/ukr/ukraine/events/ataku-na-aerodrom-u-novofedorivci-u-krimu-vlashtuvav-ukrajinskiy-specnaz-novini-ukrajini-50262257.html,STRATEGIC_AIRBASE,аеродром,атак,693805,Simferopol,Crimea,Simferopol's'ka,34.0994127132379,44.9536335,REVIEW,REVIEW_DISPUTED_CRIMEA,,,,a_ukr_init_b,,a_ukr_b,0,a_rus_init_b,,a_rus_b,0,україн,,За атакою на аеродром у Криму стоїть український спецназ — Washington Post,REVIEW_LOCATION_AMBIGUOUS,REVIEW_DISPUTED_CRIMEA,FALSE,CRIMEA_SEVASTOPOL,CRIMEA_TEXT,EVENT_FORM_UNRESOLVED,NO_DECISIVE_EVENT_FORM_CUE,,P4_CRIMEA,TRUE,,UNIQUE_EXACT_REPORT_LEVEL,53762,NO_EXACT_REPORT_DUPLICATE,PENDING
53763,20220810,1,186004,nv,https://nv.ua/ukr/world/geopolitics/yak-ssha-vidreaguvali-na-vibuhi-u-novofedorivci-u-krimu-novini-ukrajini-50262173.html,STRATEGIC_AIRBASE,аеродром,вибух,693805,Simferopol,Crimea,Simferopol's'ka,34.0994127132379,44.9536335,REVIEW,REVIEW_DISPUTED_CRIMEA,,,,a_ukr_init_b,,a_ukr_b,0,a_rus_init_b,,a_rus_b,0,Україн,,«Підтримуємо зусилля України». У Білому домі прокоментували вибухи на аеродромі у Криму,REVIEW_LOCATION_AMBIGUOUS,REVIEW_DISPUTED_CRIMEA,FALSE,CRIMEA_SEVASTOPOL,CRIMEA_TEXT,EVENT_FORM_UNRESOLVED,NO_DECISIVE_EVENT_FORM_CUE,,P4_CRIMEA,TRUE,,UNIQUE_EXACT_REPORT_LEVEL,53763,NO_EXACT_REPORT_DUPLICATE,PENDING
53767,20220810,1,1642436,liga,https://news.liga.net/politics/news/aerodromy-nujno-demilitarizovat-spiker-vozdushnyh-sil-vsu-rasskazal-o-vzryvah-v-krymu,STRATEGIC_AIRBASE,Аэродром,взрыв,693805,Simferopol,Crimea,Simferopol's'ka,34.0994127132379,44.9536335,REVIEW,REVIEW_DISPUTED_CRIMEA,,,,a_ukr_init_b,,a_ukr_b,1,a_rus_init_b,,a_rus_b,0,ВСУ,,"""""Аэродромы нужно демилитаризовать"""". Спикер Воздушных сил ВСУ рассказал о взрывах в Крыму",REVIEW_LOCATION_AMBIGUOUS,REVIEW_DISPUTED_CRIMEA,FALSE,CRIMEA_SEVASTOPOL,CRIMEA_TEXT,EVENT_FORM_UNRESOLVED,NO_DECISIVE_EVENT_FORM_CUE,,P4_CRIMEA,TRUE,,UNIQUE_EXACT_REPORT_LEVEL,53767,NO_EXACT_REPORT_DUPLICATE,PENDING
53771,20220810,1,185978,nv,https://nv.ua/ukr/ukraine/events/v-krymu-progremeli-neskolko-vzryvov-smi-50262027.html,STRATEGIC_AIRBASE,аеродром,вибух,693805,Simferopol,Crimea,Simferopol's'ka,34.0994127132379,44.9536335,REVIEW,REVIEW_DISPUTED_CRIMEA,,,,a_ukr_init_b,,a_ukr_b,1,a_rus_init_b,,a_rus_b,0,,,«День початку деокупації». В окупованому Криму на військовому аеродромі пролунало кілька вибухів — що відомо на даний момент,REVIEW_LOCATION_AMBIGUOUS,REVIEW_DISPUTED_CRIMEA,FALSE,CRIMEA_SEVASTOPOL,CRIMEA_TEXT,EVENT_FORM_UNRESOLVED,NO_DECISIVE_EVENT_FORM_CUE,,P4_CRIMEA,TRUE,,UNIQUE_EXACT_REPORT_LEVEL,53771,NO_EXACT_REPORT_DUPLICATE,PENDING
53775,20220810,3,1642448,liga,https://news.liga.net/politics/news/rossiyskaya-armiya-lishilas-devyati-samoletov-posle-udarov-po-aviabaze-v-krymu,STRATEGIC_AIRBASE,авиабаз,удар,693805,Simferopol,Crimea,Simferopol's'ka,34.0994127132379,44.9536335,REVIEW,REVIEW_DISPUTED_CRIMEA,,,,a_ukr_init_b,,a_ukr_b,0,a_rus_init_b,,a_rus_b,1,,,У российской армии минус девять самолетов после ударов по авиабазе в Крыму,REVIEW_LOCATION_AMBIGUOUS,REVIEW_DISPUTED_CRIMEA,FALSE,CRIMEA_SEVASTOPOL,CRIMEA_TEXT,EVENT_FORM_UNRESOLVED,NO_DECISIVE_EVENT_FORM_CUE,,P4_CRIMEA,TRUE,,UNIQUE_EXACT_REPORT_LEVEL,53775,NO_EXACT_REPORT_DUPLICATE,PENDING
53778,20220810,4,149789|185988,ng|nv,https://nv.ua/ukr/ukraine/events/v-krymu-progremeli-neskolko-vzryvov-smi-50262027.html|https://www.ng.ru/news/745683.html,STRATEGIC_AIRBASE,аеродром|аэродром,вибух|поврежд,693805,Simferopol,Crimea,Simferopol's'ka,34.0994127132379,44.9536335,REVIEW,REVIEW_DISPUTED_CRIMEA,,,,a_ukr_init_b,,a_ukr_b,0,a_rus_init_b,,a_rus_b,1,Україн,,"В Крыму более 60 многоквартирных домов повреждены в результате ЧП на аэродроме || «Дзвінок» для окупантів. Головне про вибухи на військовому аеродромі в Криму, реакцію РФ і коментарі України",REVIEW_LOCATION_AMBIGUOUS,REVIEW_DISPUTED_CRIMEA,FALSE,CRIMEA_SEVASTOPOL,CRIMEA_TEXT,EVENT_FORM_UNRESOLVED,NO_DECISIVE_EVENT_FORM_CUE,,P4_CRIMEA,TRUE,,UNIQUE_EXACT_REPORT_LEVEL,53778,NO_EXACT_REPORT_DUPLICATE,PENDING
53779,20220810,1,328167,espreso,https://espreso.tv/vtracheni-rosieyu-minuloi-dobi-9-litakiv-bulo-znishcheno-udarom-po-aerodromu-v-krimu-povitryani-sili-zsu,STRATEGIC_AIRBASE,аеродром,знищ|удар,693805,Simferopol,Crimea,Simferopol's'ka,34.0994127132379,44.9536335,REVIEW,REVIEW_DISPUTED_CRIMEA,,,,a_ukr_init_b,,a_ukr_b,0,a_rus_init_b,,a_rus_b,1,,,Втрачені Росією минулої доби 9 літаків було знищено ударом по аеродрому в Криму,REVIEW_LOCATION_AMBIGUOUS,REVIEW_DISPUTED_CRIMEA,FALSE,CRIMEA_SEVASTOPOL,CRIMEA_TEXT,EVENT_FORM_UNRESOLVED,NO_DECISIVE_EVENT_FORM_CUE,,P4_CRIMEA,TRUE,,UNIQUE_EXACT_REPORT_LEVEL,53779,NO_EXACT_REPORT_DUPLICATE,PENDING
236985,20220811,25,157512|157520|157538,ntv,https://www.ntv.ru/novosti/2718700/|https://www.ntv.ru/novosti/2718704/|https://www.ntv.ru/novosti/2718787/,DEFENSE_INDUSTRY|PIPELINE_PUMPING,военная операция России Один человек погиб и еще двое получили травмы при обстреле ВСУ пивоваренного завод|военная операция России Утечку аммиака на донецком пивзавод|трубопровод,атак|пожар|удар,709717,Donetsk,Donets'k,Donets'ka,37.80285,48.015884,REVIEW,REVIEW_NAME_ONLY_RU_SUPPORT,,,Donetsk,a_ukr_init_b,,a_ukr_b,0,a_rus_init_b,,a_rus_b,0,ВСУ|украин,твер,"Один человек погиб и двое пострадали при ударе ВСУ по пивзаводу в Донецке — Специальная военная операция России Один человек погиб и еще двое получили травмы при обстреле ВСУ пивоваренного завода в Донецке. Об этом в своем Telegram-канале сообщило МЧС ДНР. || Утечку аммиака на пивзаводе в Донецке удалось остановить — Специальная военная операция России Утечку аммиака на донецком пивзаводе, которая произошла после атаки ВСУ, удалось остановить, сообщило в своем Telegram-канале МЧС ДНР. || ВСУ пытались отравить жителей Донецка аммиаком с пивзавода Один человек погиб и четверо пострадали в результате ночного обстрела пивоваренного завода в Донецке. Осколки украинских снарядов перебили трубопровод с аммиаком. Опасное химическое вещество распространилось на огромной площади, рискуя вызвать тяжелые отравления у жителей ближайших кварталов. Несколько часов на территории предприятия бушевал сильнейший пожар.",REVIEW_LOCATION_AMBIGUOUS,REVIEW_NAME_ONLY_RU_SUPPORT,FALSE,CONFLICT_OR_COMPOSITE,OCCUPIED_UA_AND_RUSSIA_TEXT,FOLLOWUP_OR_AFTERMATH,FOLLOWUP_CUE_NO_FRESH_VERB,EXACT2022-0040,P3_SCOPE_CONFLICT_COMPOSITE,TRUE,EXACT2022-0040,CANONICAL,236985,EXACT_SOURCE_URL_AND_REPRESENTATIVE_TEXT,PENDING
314889,20220811,3,79027|79029|79032,liveuamap,https://t.me/bbbreaking/132365|https://twitter.com/ELINTNews/status/1556989234052997122|https://twitter.com/GirkinGirkin/status/1556984446582247424,STRATEGIC_AIRBASE,авіабаз,Вибух|вибух|пожеж,7039154,Novofedorovka,Crimea,Saks'kyi,33.59224,45.08758,REVIEW,REVIEW_DISPUTED_CRIMEA,,,,a_ukr_init_b,,a_ukr_b,0,a_rus_init_b,,a_rus_b,0,,твер,"Міноборони Росії стверджує, що причиною пожежі та подальших вибухів на авіабазі в Новофедорівці стали вибухи кількох авіабомб || Відео вибуху на авіабазі Саки в підконтрольному Росії Криму, за 200 км від найближчих позицій лінії фронту || Вибухи та пожежа на авіабазі Новофедорівка в Криму",REVIEW_LOCATION_AMBIGUOUS,REVIEW_DISPUTED_CRIMEA,FALSE,CONFLICT_OR_COMPOSITE,CRIMEA_AND_RUSSIA_TEXT,EVENT_FORM_UNRESOLVED,NO_DECISIVE_EVENT_FORM_CUE,,P3_SCOPE_CONFLICT_COMPOSITE,TRUE,,UNIQUE_EXACT_REPORT_LEVEL,314889,NO_EXACT_REPORT_DUPLICATE,PENDING
314892,20220811,1,79066,liveuamap,https://twitter.com/OSINTua/status/1557440576806608897,STRATEGIC_AIRBASE,авіабаз,знищ,7039154,Novofedorovka,Crimea,Saks'kyi,33.58791,45.0926,REVIEW,REVIEW_DISPUTED_CRIMEA,,,,a_ukr_init_b,,a_ukr_b,0,a_rus_init_b,,a_rus_b,1,,,Супутникові знімки знищених російських літаків на авіабазі Новофедорівка,REVIEW_LOCATION_AMBIGUOUS,REVIEW_DISPUTED_CRIMEA,FALSE,UNKNOWN,NO_DECISIVE_SCOPE_TEXT,FOLLOWUP_OR_AFTERMATH,FOLLOWUP_CUE_NO_FRESH_VERB,EXACT2022-0041,P6_SCOPE_UNKNOWN,TRUE,EXACT2022-0041,CANONICAL,314892,EXACT_SOURCE_URL_AND_REPRESENTATIVE_TEXT,PENDING
53783,20220811,5,1642476,liga,https://news.liga.net/politics/news/vzryvy-v-krymu-jurnalist-naglyadno-pokazal-masshtaby-pojara-na-aviabaze-foto-so-sputnika,STRATEGIC_AIRBASE,авиабаз,Взрыв|пожар,693805,Simferopol,Crimea,Simferopol's'ka,34.0994127132379,44.9536335,REVIEW,REVIEW_DISPUTED_CRIMEA,,,,a_ukr_init_b,,a_ukr_b,0,a_rus_init_b,,a_rus_b,0,,,Взрывы в Крыму. Журналист наглядно показал масштабы пожара на авиабазе – фото со спутника,REVIEW_LOCATION_AMBIGUOUS,REVIEW_DISPUTED_CRIMEA,FALSE,CRIMEA_SEVASTOPOL,CRIMEA_TEXT,EVENT_FORM_UNRESOLVED,NO_DECISIVE_EVENT_FORM_CUE,,P4_CRIMEA,TRUE,,UNIQUE_EXACT_REPORT_LEVEL,53783,NO_EXACT_REPORT_DUPLICATE,PENDING
53784,20220811,26,186068|186070|186071|186083|186085|186121,nv,https://nv.ua/ukr/opinion/yak-putin-mstitime-za-udar-po-krimu-chogo-chekati-vid-viyni-ostanni-novini-50262593.html|https://nv.ua/ukr/ukraine/events/na-aerodromi-v-novofedorivci-v-krimu-znishchili-ponad-dev-yat-litakiv-novini-ukrajini-50262398.html|https://nv.ua/ukr/ukraine/events/novofedorivka-suputnikovi-znimki-aerodromu-saki-maxar-novini-ukrajini-50262601.html|https://nv.ua/ukr/ukraine/events/rosiyski-turisti-tikayut-z-krimu-pislya-vibuhiv-na-aviabazi-video-nv-50262430.html|https://nv.ua/ukr/ukraine/events/udar-po-novofedorivci-stav-naybilshoyu-vtratoyu-aviaciji-rf-z-chasiv-drugoji-svitovoji-50262442.html|https://nv.ua/ukr/ukraine/events/vibuh-v-krimu-bulo-znishcheno-bagato-rosiyskoji-tehniki-novini-ukrajini-50262390.html,STRATEGIC_AIRBASE,авіабаз|аеродром,Удар|вибух|знищ|удар,693805,Simferopol,Crimea,Simferopol's'ka,34.0994127132379,44.9536335,REVIEW,REVIEW_DISPUTED_CRIMEA,,,,a_ukr_init_b,,a_ukr_b,0,a_rus_init_b,,a_rus_b,0,ЗСУ,,"Стала відома приблизна кількість знищеної російської техніки на аеродромі в Криму || Вирішальна фаза війни та найнебезпечніший період. Чого чекати від Путіна після удару по авіабазі в окупованому Криму, — британський журналіст || Удар по аеродрому в Криму: Росія втратила більш ніж дев’ять літаків — Повітряні сили ЗСУ",REVIEW_LOCATION_AMBIGUOUS,REVIEW_DISPUTED_CRIMEA,FALSE,CRIMEA_SEVASTOPOL,CRIMEA_TEXT,FOLLOWUP_OR_AFTERMATH,FOLLOWUP_CUE_NO_FRESH_VERB,,P4_CRIMEA,TRUE,,UNIQUE_EXACT_REPORT_LEVEL,53784,NO_EXACT_REPORT_DUPLICATE,PENDING
53789,20220811,3,1642475,liga,https://news.liga.net/politics/news/zabudte-ob-ukraine-podolyak-otreagiroval-na-vzryvy-na-aerodromah-v-belarusi-i-krymu,STRATEGIC_AIRBASE,аэродром,взрыв,693805,Simferopol,Crimea,Simferopol's'ka,34.0994127132379,44.9536335,REVIEW,REVIEW_DISPUTED_CRIMEA,,,,a_ukr_init_b,,a_ukr_b,0,a_rus_init_b,,a_rus_b,0,Украин,,"""""Забудьте об Украине"""". Подоляк отреагировал на взрывы на аэродромах в Беларуси и Крыму",REVIEW_LOCATION_AMBIGUOUS,REVIEW_DISPUTED_CRIMEA,FALSE,CRIMEA_SEVASTOPOL,CRIMEA_TEXT,EVENT_FORM_UNRESOLVED,NO_DECISIVE_EVENT_FORM_CUE,,P4_CRIMEA,TRUE,,UNIQUE_EXACT_REPORT_LEVEL,53789,NO_EXACT_REPORT_DUPLICATE,PENDING
53792,20220811,1,1705156,unian,https://www.unian.ua/war/novofedorivka-na-aerodromi-v-krimu-zgorili-velichezni-skladi-krilatih-raket-rf-ekspert-novini-vtorgnennya-rosiji-v-ukrajinu-11937282.html,STRATEGIC_AIRBASE,аеродром,ракет,693805,Simferopol,Crimea,Simferopol's'ka,34.0994127132379,44.9536335,REVIEW,REVIEW_DISPUTED_CRIMEA,,,,a_ukr_init_b,,a_ukr_b,0,a_rus_init_b,,a_rus_b,0,,,"На аеродромі """"Саки"""" у Криму згоріли величезні склади крилатих ракет РФ – експерт",REVIEW_LOCATION_AMBIGUOUS,REVIEW_DISPUTED_CRIMEA,FALSE,CRIMEA_SEVASTOPOL,CRIMEA_TEXT,EVENT_FORM_UNRESOLVED,NO_DECISIVE_EVENT_FORM_CUE,,P4_CRIMEA,TRUE,,UNIQUE_EXACT_REPORT_LEVEL,53792,NO_EXACT_REPORT_DUPLICATE,PENDING
53793,20220811,1,1667133,pravdaua,https://www.pravda.com.ua/news/2022/08/11/7362870/,STRATEGIC_AIRBASE,аеродром,вибух,693805,Simferopol,Crimea,Simferopol's'ka,34.0994127132379,44.9536335,REVIEW,REVIEW_DISPUTED_CRIMEA,,,,a_ukr_init_b,,a_ukr_b,0,a_rus_init_b,,a_rus_b,0,,,Maxar опублікувала нові супутникові знімки аеродрому в Криму після вибухів.,REVIEW_LOCATION_AMBIGUOUS,REVIEW_DISPUTED_CRIMEA,FALSE,CRIMEA_SEVASTOPOL,CRIMEA_TEXT,FOLLOWUP_OR_AFTERMATH,FOLLOWUP_CUE_NO_FRESH_VERB,,P4_CRIMEA,TRUE,,UNIQUE_EXACT_REPORT_LEVEL,53793,NO_EXACT_REPORT_DUPLICATE,PENDING
53799,20220811,2,23869,24tvua,https://24tv.ua/yakiy-viglyad-maye-aerodrom-saki-krimu-sogodni-foto-novofedorivki_n2121854,STRATEGIC_AIRBASE,аеродром,вибух,693805,Simferopol,Crimea,Simferopol's'ka,34.0994127132379,44.9536335,REVIEW,REVIEW_DISPUTED_CRIMEA,,,,a_ukr_init_b,,a_ukr_b,0,a_rus_init_b,,a_rus_b,0,,,Який вигляд має аеродром в Криму після вибухів: з'явилися перші супутникові знімки,REVIEW_LOCATION_AMBIGUOUS,REVIEW_DISPUTED_CRIMEA,FALSE,CRIMEA_SEVASTOPOL,CRIMEA_TEXT,FOLLOWUP_OR_AFTERMATH,FOLLOWUP_CUE_NO_FRESH_VERB,,P4_CRIMEA,TRUE,,UNIQUE_EXACT_REPORT_LEVEL,53799,NO_EXACT_REPORT_DUPLICATE,PENDING
53800,20220811,3,23803,24tvua,https://24tv.ua/vibuhi-novofedorivtsi-arestovich-skazav-skilki-aerodromiv-zalishilosya_n2121886,STRATEGIC_AIRBASE,аеродром,Вибух,693805,Simferopol,Crimea,Simferopol's'ka,34.0994127132379,44.9536335,REVIEW,REVIEW_DISPUTED_CRIMEA,,,,a_ukr_init_b,,a_ukr_b,0,a_rus_init_b,,a_rus_b,0,,,"Вибухи у Новофедорівці: Арестович розповів, скільки аеродромів залишилося в окупантів в Криму",REVIEW_LOCATION_AMBIGUOUS,REVIEW_DISPUTED_CRIMEA,FALSE,CRIMEA_SEVASTOPOL,CRIMEA_TEXT,EVENT_FORM_UNRESOLVED,NO_DECISIVE_EVENT_FORM_CUE,,P4_CRIMEA,TRUE,,UNIQUE_EXACT_REPORT_LEVEL,53800,NO_EXACT_REPORT_DUPLICATE,PENDING
53801,20220811,1,328250,espreso,https://espreso.tv/aerodrom-u-novofedorivtsi-mogli-obstrilyati-z-raket-neptun-harpoon-abo-z-vertolotiv-pidletivshi-do-krimu-ekspert,STRATEGIC_AIRBASE,Аеродром,ракет,693805,Simferopol,Crimea,Simferopol's'ka,34.0994127132379,44.9536335,REVIEW,REVIEW_DISPUTED_CRIMEA,,,,a_ukr_init_b,,a_ukr_b,0,a_rus_init_b,,a_rus_b,0,,,"Аеродром у Новофедорівці могли обстріляти з ракет Нептун, Harpoon, або з вертольотів, підлетівши до Криму",REVIEW_LOCATION_AMBIGUOUS,REVIEW_DISPUTED_CRIMEA,FALSE,CRIMEA_SEVASTOPOL,CRIMEA_TEXT,EVENT_FORM_UNRESOLVED,NO_DECISIVE_EVENT_FORM_CUE,,P4_CRIMEA,TRUE,,UNIQUE_EXACT_REPORT_LEVEL,53801,NO_EXACT_REPORT_DUPLICATE,PENDING
53803,20220811,1,1705166,unian,https://www.unian.ua/war/vibuhi-na-aerodromi-v-krimu-stalo-vidomo-skilki-litakiv-rf-znishcheno-novini-vtorgnennya-rosiji-v-ukrajinu-11937474.html,STRATEGIC_AIRBASE,аеродром,Вибух|знищ,693805,Simferopol,Crimea,Simferopol's'ka,34.0994127132379,44.9536335,REVIEW,REVIEW_DISPUTED_CRIMEA,,,,a_ukr_init_b,,a_ukr_b,0,a_rus_init_b,,a_rus_b,0,,,"Вибухи на аеродромі """"Саки"""" в Криму: стало відомо, скільки літаків РФ знищено",REVIEW_LOCATION_AMBIGUOUS,REVIEW_DISPUTED_CRIMEA,FALSE,CRIMEA_SEVASTOPOL,CRIMEA_TEXT,EVENT_FORM_UNRESOLVED,NO_DECISIVE_EVENT_FORM_CUE,,P4_CRIMEA,TRUE,,UNIQUE_EXACT_REPORT_LEVEL,53803,NO_EXACT_REPORT_DUPLICATE,PENDING
53811,20220811,1,186117,nv,https://nv.ua/ukr/ukraine/events/vibuhi-u-novofedorivci-aktivnist-rosiyskoji-aviaciji-znizilasya-genshtab-novini-ukrajini-50262581.html,STRATEGIC_AIRBASE,аеродром,вибух,693805,Simferopol,Crimea,Simferopol's'ka,34.0994127132379,44.9536335,REVIEW,REVIEW_DISPUTED_CRIMEA,,,,a_ukr_init_b,,a_ukr_b,0,a_rus_init_b,,a_rus_b,0,,,Після вибухів на аеродромі в Криму активність російської авіації знизилася — Генштаб,REVIEW_LOCATION_AMBIGUOUS,REVIEW_DISPUTED_CRIMEA,FALSE,CRIMEA_SEVASTOPOL,CRIMEA_TEXT,EVENT_FORM_UNRESOLVED,NO_DECISIVE_EVENT_FORM_CUE,,P4_CRIMEA,TRUE,,UNIQUE_EXACT_REPORT_LEVEL,53811,NO_EXACT_REPORT_DUPLICATE,PENDING
53813,20220811,1,1705132,unian,https://www.unian.ua/war/korova-yazikom-zlizala-aviapolk-arestovich-pro-vibuhi-na-viyskovomu-aerodromi-v-krimu-novini-vtorgnennya-rosiji-v-ukrajinu-11936943.html,STRATEGIC_AIRBASE,аеродром,вибух,693805,Simferopol,Crimea,Simferopol's'ka,34.0994127132379,44.9536335,REVIEW,REVIEW_DISPUTED_CRIMEA,,,,a_ukr_init_b,,a_ukr_b,0,a_rus_init_b,,a_rus_b,0,,,"""""Корова язиком злизала авіаполк"""": Арестович про вибухи на військовому аеродромі в Криму",REVIEW_LOCATION_AMBIGUOUS,REVIEW_DISPUTED_CRIMEA,FALSE,CRIMEA_SEVASTOPOL,CRIMEA_TEXT,EVENT_FORM_UNRESOLVED,NO_DECISIVE_EVENT_FORM_CUE,,P4_CRIMEA,TRUE,,UNIQUE_EXACT_REPORT_LEVEL,53813,NO_EXACT_REPORT_DUPLICATE,PENDING
53815,20220811,1,1705133,unian,https://www.unian.ua/war/vibuhi-na-aviabazi-v-krimu-z-yavilisya-suputnikovi-znimki-znishchenih-litakiv-novini-vtorgnennya-rosiji-v-ukrajinu-11936928.html,STRATEGIC_AIRBASE,аеродром,Знищ,693805,Simferopol,Crimea,Simferopol's'ka,34.0994127132379,44.9536335,REVIEW,REVIEW_DISPUTED_CRIMEA,,,,a_ukr_init_b,,a_ukr_b,1,a_rus_init_b,,a_rus_b,0,ЗСУ,,Знищено значно більше літаків: в ЗСУ показали знімки з аеродрому в Криму,REVIEW_LOCATION_AMBIGUOUS,REVIEW_DISPUTED_CRIMEA,FALSE,CRIMEA_SEVASTOPOL,CRIMEA_TEXT,EVENT_FORM_UNRESOLVED,NO_DECISIVE_EVENT_FORM_CUE,,P4_CRIMEA,TRUE,,UNIQUE_EXACT_REPORT_LEVEL,53815,NO_EXACT_REPORT_DUPLICATE,PENDING
197202,20220812,7,186182,nv,https://nv.ua/ukr/ukraine/events/u-hersonskiy-oblasti-znishchili-sklad-boyepripasiv-novini-ukrajini-50262757.html,AMMUNITION_ARSENAL,склад боєприпас,знищ,706448,Kherson,Kherson,Khersons'ka,32.614962,46.640319,REVIEW,REVIEW_NAME_ONLY_RU_SUPPORT,,,Kherson,a_ukr_init_b,,a_ukr_b,0,a_rus_init_b,,a_rus_b,0,ЗСУ,,ЗСУ знищили ворожий склад боєприпасів у Херсонській області — ОК Південь,REVIEW_LOCATION_AMBIGUOUS,REVIEW_NAME_ONLY_RU_SUPPORT,FALSE,UKRAINE_OCCUPIED_OTHER,OCCUPIED_UA_TEXT,EVENT_FORM_UNRESOLVED,NO_DECISIVE_EVENT_FORM_CUE,,P5_OCCUPIED_UA_OTHER,TRUE,,UNIQUE_EXACT_REPORT_LEVEL,197202,NO_EXACT_REPORT_DUPLICATE,PENDING
53824,20220812,15,186155,nv,https://nv.ua/ukr/ukraine/politics/danilov-vislovivsya-pro-vibuhi-na-aerodromi-v-krimu-ne-znayu-shcho-voni-kuryat-novini-ukrajini-50262667.html,STRATEGIC_AIRBASE,аеродром,вибух,693805,Simferopol,Crimea,Simferopol's'ka,34.0994127132379,44.9536335,REVIEW,REVIEW_DISPUTED_CRIMEA,,,,a_ukr_init_b,,a_ukr_b,0,a_rus_init_b,,a_rus_b,0,,,"«Не знаю, що вони там курять». Данілов прокоментував вибухи на аеродромі у Криму",REVIEW_LOCATION_AMBIGUOUS,REVIEW_DISPUTED_CRIMEA,FALSE,CRIMEA_SEVASTOPOL,CRIMEA_TEXT,EVENT_FORM_UNRESOLVED,NO_DECISIVE_EVENT_FORM_CUE,,P4_CRIMEA,TRUE,,UNIQUE_EXACT_REPORT_LEVEL,53824,NO_EXACT_REPORT_DUPLICATE,PENDING
53826,20220812,1,1667166,pravdaua,https://www.pravda.com.ua/news/2022/08/12/7363066/,STRATEGIC_AIRBASE,аеродром,удар,693805,Simferopol,Crimea,Simferopol's'ka,34.0994127132379,44.9536335,REVIEW,REVIEW_DISPUTED_CRIMEA,,,,a_ukr_init_b,,a_ukr_b,0,a_rus_init_b,,a_rus_b,0,Україн,,"США не давали Україні зброю для ударів по Криму – Пентагон. Сполучені Штати не давали Україні жодного озброєння, за допомогою якого вона могла б нанести такий же удар, як по аеродрому """"Саки"""" в окупованому Криму.",REVIEW_LOCATION_AMBIGUOUS,REVIEW_DISPUTED_CRIMEA,FALSE,CRIMEA_SEVASTOPOL,CRIMEA_TEXT,EVENT_FORM_UNRESOLVED,NO_DECISIVE_EVENT_FORM_CUE,,P4_CRIMEA,TRUE,,UNIQUE_EXACT_REPORT_LEVEL,53826,NO_EXACT_REPORT_DUPLICATE,PENDING
53829,20220812,2,1642505,liga,https://news.liga.net/politics/news/aviatsiya-flota-rf-oslablena-britanskaya-razvedka-otsenila-vzryvy-na-aerodrome-v-krymu,STRATEGIC_AIRBASE,аэродром,взрыв,693805,Simferopol,Crimea,Simferopol's'ka,34.0994127132379,44.9536335,REVIEW,REVIEW_DISPUTED_CRIMEA,,,,a_ukr_init_b,,a_ukr_b,0,a_rus_init_b,,a_rus_b,0,,,Авиация флота РФ ослаблена. Британская разведка оценила взрывы на аэродроме в Крыму,REVIEW_LOCATION_AMBIGUOUS,REVIEW_DISPUTED_CRIMEA,FALSE,CRIMEA_SEVASTOPOL,CRIMEA_TEXT,EVENT_FORM_UNRESOLVED,NO_DECISIVE_EVENT_FORM_CUE,,P4_CRIMEA,TRUE,,UNIQUE_EXACT_REPORT_LEVEL,53829,NO_EXACT_REPORT_DUPLICATE,PENDING
53832,20220812,2,186143,nv,https://nv.ua/ukr/ukraine/events/skilki-koshtuyut-znishcheni-rosiyski-litaki-na-aerodromi-v-novofedorivci-novini-ukrajini-50262656.html,STRATEGIC_AIRBASE,аеродром,Удар|знищ,693805,Simferopol,Crimea,Simferopol's'ka,34.0994127132379,44.9536335,REVIEW,REVIEW_DISPUTED_CRIMEA,,,,a_ukr_init_b,,a_ukr_b,0,a_rus_init_b,,a_rus_b,0,,,"Удар по аеродрому в Криму: Forbes підрахував, скільки могли коштувати знищені російські літаки",REVIEW_LOCATION_AMBIGUOUS,REVIEW_DISPUTED_CRIMEA,FALSE,CRIMEA_SEVASTOPOL,CRIMEA_TEXT,EVENT_FORM_UNRESOLVED,NO_DECISIVE_EVENT_FORM_CUE,,P4_CRIMEA,TRUE,,UNIQUE_EXACT_REPORT_LEVEL,53832,NO_EXACT_REPORT_DUPLICATE,PENDING
53833,20220812,5,186220,nv,https://nv.ua/ukr/world/geopolitics/yaku-tehniku-rf-bulo-znishcheno-na-aerodromi-saki-v-pentagoni-vidpovili-novini-ukrajini-50262874.html,STRATEGIC_AIRBASE,аеродром,знищ,693805,Simferopol,Crimea,Simferopol's'ka,34.0994127132379,44.9536335,REVIEW,REVIEW_DISPUTED_CRIMEA,,,,a_ukr_init_b,,a_ukr_b,0,a_rus_init_b,,a_rus_b,0,,,"Винищувачі та бомбардувальники. У Пентагоні розповіли, яку техніку РФ було знищено на аеродромі в Криму",REVIEW_LOCATION_AMBIGUOUS,REVIEW_DISPUTED_CRIMEA,FALSE,CRIMEA_SEVASTOPOL,CRIMEA_TEXT,EVENT_FORM_UNRESOLVED,NO_DECISIVE_EVENT_FORM_CUE,,P4_CRIMEA,TRUE,,UNIQUE_EXACT_REPORT_LEVEL,53833,NO_EXACT_REPORT_DUPLICATE,PENDING
53838,20220812,1,23901,24tvua,https://24tv.ua/vibuhi-krimu-skilki-groshey-vtratila-rosiya-razom-zi-svoyimi_n2125135,STRATEGIC_AIRBASE,аеродром,знищ,693805,Simferopol,Crimea,Simferopol's'ka,34.0994127132379,44.9536335,REVIEW,REVIEW_DISPUTED_CRIMEA,,,,a_ukr_init_b,,a_ukr_b,0,a_rus_init_b,,a_rus_b,0,,,"Forbes підрахував, скільки коштували знищені російські літаки на аеродромі """"""""""""""""Саки"""""""""""""""" у Криму",REVIEW_LOCATION_AMBIGUOUS,REVIEW_DISPUTED_CRIMEA,FALSE,CRIMEA_SEVASTOPOL,CRIMEA_TEXT,EVENT_FORM_UNRESOLVED,NO_DECISIVE_EVENT_FORM_CUE,,P4_CRIMEA,TRUE,,UNIQUE_EXACT_REPORT_LEVEL,53838,NO_EXACT_REPORT_DUPLICATE,PENDING
53839,20220812,1,328265,espreso,https://espreso.tv/udar-po-aerodromu-v-okupovanomu-krimu-forbes-pidrakhuvav-vartist-znishchenoi-aviatekhniki-rosiyan,STRATEGIC_AIRBASE,аеродром,Удар|знищ,693805,Simferopol,Crimea,Simferopol's'ka,34.0994127132379,44.9536335,REVIEW,REVIEW_DISPUTED_CRIMEA,,,,a_ukr_init_b,,a_ukr_b,0,a_rus_init_b,,a_rus_b,0,,,Удар по аеродрому в окупованому Криму: Forbes підрахував вартість знищеної авіатехніки росіян,REVIEW_LOCATION_AMBIGUOUS,REVIEW_DISPUTED_CRIMEA,FALSE,CRIMEA_SEVASTOPOL,CRIMEA_TEXT,EVENT_FORM_UNRESOLVED,NO_DECISIVE_EVENT_FORM_CUE,,P4_CRIMEA,TRUE,,UNIQUE_EXACT_REPORT_LEVEL,53839,NO_EXACT_REPORT_DUPLICATE,PENDING
53849,20220812,1,1667164,pravdaua,https://www.pravda.com.ua/news/2022/08/12/7363071/,STRATEGIC_AIRBASE,аеродром,вибух|удар,693805,Simferopol,Crimea,Simferopol's'ka,34.0994127132379,44.9536335,REVIEW,REVIEW_DISPUTED_CRIMEA,,,,a_ukr_init_b,,a_ukr_b,0,a_rus_init_b,,a_rus_b,1,Збройн|Україн,,"Повітряні сили про вибухи в Криму: Болючий удар для Росії, але злітна смуга працює. У Повітряних силах Збройних сил України вважають, що попри вибухи на військовому аеродромі """"Саки"""" в окупованому Криму Росія продовжить його використовувати, адже злітна смуга там не постраждала.",REVIEW_LOCATION_AMBIGUOUS,REVIEW_DISPUTED_CRIMEA,FALSE,CRIMEA_SEVASTOPOL,CRIMEA_TEXT,EVENT_FORM_UNRESOLVED,NO_DECISIVE_EVENT_FORM_CUE,,P4_CRIMEA,TRUE,,UNIQUE_EXACT_REPORT_LEVEL,53849,NO_EXACT_REPORT_DUPLICATE,PENDING
53854,20220812,1,23947,24tvua,https://24tv.ua/vibuhi-novofedorivtsi-shho-vplivaye-ataka-krimu_n2126766,STRATEGIC_AIRBASE,авіабаз,Удар,693805,Simferopol,Crimea,Simferopol's'ka,34.0994127132379,44.9536335,REVIEW,REVIEW_DISPUTED_CRIMEA,,,,a_ukr_init_b,,a_ukr_b,0,a_rus_init_b,,a_rus_b,1,Україн,,"Удар по ворожій авіабазі в Криму приніс Україні кілька важливих перемог, – Guardian",REVIEW_LOCATION_AMBIGUOUS,REVIEW_DISPUTED_CRIMEA,FALSE,CRIMEA_SEVASTOPOL,CRIMEA_TEXT,EVENT_FORM_UNRESOLVED,NO_DECISIVE_EVENT_FORM_CUE,,P4_CRIMEA,TRUE,,UNIQUE_EXACT_REPORT_LEVEL,53854,NO_EXACT_REPORT_DUPLICATE,PENDING
290729,20220813,1,1667251,pravdaua,https://www.pravda.com.ua/news/2022/08/13/7363090/,REFINING_PETROCHEM_GAS,НПЗ,атак,713174,Bakhmut,Donets'k,Artemivs'ka,38.001988,48.589471,REVIEW,REVIEW_NAME_ONLY_RU_SUPPORT,,,Bakhmut,a_ukr_init_b,,a_ukr_b,0,a_rus_init_b,,a_rus_b,1,,,"Окупанти атакують Бахмут, тривали бої біля Білогорівки і НПЗ – Гайдай.",REVIEW_LOCATION_AMBIGUOUS,REVIEW_NAME_ONLY_RU_SUPPORT,FALSE,UNKNOWN,NO_DECISIVE_SCOPE_TEXT,EVENT_FORM_UNRESOLVED,NO_DECISIVE_EVENT_FORM_CUE,,P6_SCOPE_UNKNOWN,TRUE,,UNIQUE_EXACT_REPORT_LEVEL,290729,NO_EXACT_REPORT_DUPLICATE,PENDING
53856,20220813,5,1642531,liga,https://news.liga.net/politics/news/ssha-ne-davali-ukraine-orujie-dlya-udarov-po-aviabaze-rossiyan-v-krymu-pentagon,STRATEGIC_AIRBASE,авиабаз,удар,693805,Simferopol,Crimea,Simferopol's'ka,34.0994127132379,44.9536335,REVIEW,REVIEW_DISPUTED_CRIMEA,,,,a_ukr_init_b,,a_ukr_b,0,a_rus_init_b,,a_rus_b,0,Украин,,США не давали Украине оружие для ударов по авиабазе россиян в Крыму – Пентагон,REVIEW_LOCATION_AMBIGUOUS,REVIEW_DISPUTED_CRIMEA,FALSE,CRIMEA_SEVASTOPOL,CRIMEA_TEXT,EVENT_FORM_UNRESOLVED,NO_DECISIVE_EVENT_FORM_CUE,,P4_CRIMEA,TRUE,,UNIQUE_EXACT_REPORT_LEVEL,53856,NO_EXACT_REPORT_DUPLICATE,PENDING
53857,20220813,14,1254382,liveuamap,https://twitter.com/jseldin/status/1558140093759643657,STRATEGIC_AIRBASE,аеродром,ракет,693805,Simferopol,Crimea,Simferopol's'ka,34.0994127132379,44.9536335,REVIEW,REVIEW_DISPUTED_CRIMEA,,,,a_ukr_init_b,,a_ukr_b,0,a_rus_init_b,,a_rus_b,0,,,"""""""""Ми не маємо нічого, що вказує на те, що ракета була випущена по російському аеродрому в Криму"""""""", - заявив високопоставлений військовий чиновник США.",REVIEW_LOCATION_AMBIGUOUS,REVIEW_DISPUTED_CRIMEA,FALSE,CRIMEA_SEVASTOPOL,CRIMEA_TEXT,EVENT_FORM_UNRESOLVED,NO_DECISIVE_EVENT_FORM_CUE,EXACT2022-0042,P4_CRIMEA,TRUE,EXACT2022-0042,CANONICAL,53857,EXACT_SOURCE_URL_AND_REPRESENTATIVE_TEXT,PENDING
53864,20220813,1,186226,nv,https://nv.ua/ukr/ukraine/events/vibuhi-v-krimu-rosiyani-zmozhut-vikoristovuvati-aerodrom-novini-ukrajini-50262898.html,STRATEGIC_AIRBASE,аеродром,вибух,693805,Simferopol,Crimea,Simferopol's'ka,34.0994127132379,44.9536335,REVIEW,REVIEW_DISPUTED_CRIMEA,,,,a_ukr_init_b,,a_ukr_b,0,a_rus_init_b,,a_rus_b,1,,,Після вибухів. Росіяни можуть продовжити використання аеродрому Саки в Криму — Повітряні сили,REVIEW_LOCATION_AMBIGUOUS,REVIEW_DISPUTED_CRIMEA,FALSE,CRIMEA_SEVASTOPOL,CRIMEA_TEXT,EVENT_FORM_UNRESOLVED,NO_DECISIVE_EVENT_FORM_CUE,,P4_CRIMEA,TRUE,,UNIQUE_EXACT_REPORT_LEVEL,53864,NO_EXACT_REPORT_DUPLICATE,PENDING
53869,20220813,2,79456,liveuamap,https://twitter.com/jseldin/status/1558140093759643657,STRATEGIC_AIRBASE,аеродром,ракет,693805,Simferopol,Crimea,Simferopol's'ka,34.0994127132379,44.9536335,REVIEW,REVIEW_DISPUTED_CRIMEA,,,,a_ukr_init_b,,a_ukr_b,0,a_rus_init_b,,a_rus_b,1,,,"""""""""""""""""Ми не маємо нічого, що вказує на те, що ракета була випущена по російському аеродрому в Криму"""""""""""""""", - заявив високопоставлений військовий чиновник США.",REVIEW_LOCATION_AMBIGUOUS,REVIEW_DISPUTED_CRIMEA,FALSE,CRIMEA_SEVASTOPOL,CRIMEA_TEXT,EVENT_FORM_UNRESOLVED,NO_DECISIVE_EVENT_FORM_CUE,EXACT2022-0043,P4_CRIMEA,TRUE,EXACT2022-0043,CANONICAL,53869,EXACT_SOURCE_URL_AND_REPRESENTATIVE_TEXT,PENDING
197236,20220814,1,1667293,pravdaua,https://www.pravda.com.ua/news/2022/08/14/7363164/,AMMUNITION_ARSENAL,"склади на Херсонщині. ЗСУ знищили 15 росіян, ворожий танк Т-72, та два склади ворожих боєприпас",знищ,706448,Kherson,Kherson,Khersons'ka,32.614962,46.640319,REVIEW,REVIEW_NAME_ONLY_RU_SUPPORT,,,Kherson,a_ukr_init_b,,a_ukr_b,1,a_rus_init_b,,a_rus_b,0,ЗСУ,,"ОК """"Південь"""": ЗСУ знищили два російські склади на Херсонщині. ЗСУ знищили 15 росіян, ворожий танк Т-72, та два склади ворожих боєприпасів в Музиківці та Новій Каховці (Херсонська область).",REVIEW_LOCATION_AMBIGUOUS,REVIEW_NAME_ONLY_RU_SUPPORT,FALSE,UKRAINE_OCCUPIED_OTHER,OCCUPIED_UA_TEXT,EVENT_FORM_UNRESOLVED,NO_DECISIVE_EVENT_FORM_CUE,,P5_OCCUPIED_UA_OTHER,TRUE,,UNIQUE_EXACT_REPORT_LEVEL,197236,NO_EXACT_REPORT_DUPLICATE,PENDING
284244,20220814,1,1627249,meduza,https://twitter.com/COUPSURE/status/1559421315752382465,AMMUNITION_ARSENAL,складированных в чистом поле боеприпас,Взрыв,713062,Azovskoye,Crimea,Dzhankois'kyi,34.565434,45.589565,REVIEW,REVIEW_DISPUTED_CRIMEA,,,,a_ukr_init_b,,a_ukr_b,0,a_rus_init_b,,a_rus_b,1,,,"Взрывы складированных в чистом поле боеприпасов в районе села Майское (Крым), недалеко от Азовской железнодорожной станции. Из села эвакуированы примерно две тысячи человек. Официальная причина взрыва - """"""""диверсия"""""""".",REVIEW_LOCATION_AMBIGUOUS,REVIEW_DISPUTED_CRIMEA,FALSE,CRIMEA_SEVASTOPOL,CRIMEA_TEXT,EVENT_FORM_UNRESOLVED,NO_DECISIVE_EVENT_FORM_CUE,,P4_CRIMEA,TRUE,,UNIQUE_EXACT_REPORT_LEVEL,284244,NO_EXACT_REPORT_DUPLICATE,PENDING
53878,20220814,1,1627245,meduza,https://twitter.com/GirkinGirkin/status/1559397454348525569,ENERGY_GRID_SUPPORT,подстанц,пожар|удар,693805,Simferopol,Crimea,Simferopol's'ka,34.0994127132379,44.9536335,REVIEW,REVIEW_DISPUTED_CRIMEA,,,,a_ukr_init_b,,a_ukr_b,0,a_rus_init_b,,a_rus_b,0,,,"Черный дым над Джанкоем в Крыму в результате пожара на электроподстанции. Сообщается, что по подстанции был нанесен удар.",REVIEW_LOCATION_AMBIGUOUS,REVIEW_DISPUTED_CRIMEA,FALSE,CRIMEA_SEVASTOPOL,CRIMEA_TEXT,EVENT_FORM_UNRESOLVED,NO_DECISIVE_EVENT_FORM_CUE,EXACT2022-0044,P4_CRIMEA,TRUE,EXACT2022-0044,CANONICAL,53878,EXACT_SOURCE_URL_AND_REPRESENTATIVE_TEXT,PENDING
53892,20220815,24,186365|186366,nv,https://nv.ua/ukr/ukraine/events/chastota-vilotiv-rosiyskih-vinishchuvachiv-iz-aerodromu-belbeka-zrosla-50263352.html,STRATEGIC_AIRBASE,аеродром,вибух,693805,Simferopol,Crimea,Simferopol's'ka,34.0994127132379,44.9536335,REVIEW,REVIEW_DISPUTED_CRIMEA,,,,a_ukr_init_b,,a_ukr_b,0,a_rus_init_b,,a_rus_b,0,,,Частота вильотів російських винищувачів із аеродрому Бельбека зросла після вибухів у Криму || Частота вильотів російських винищувачів з аеродрому Бельбек зросла після вибухів у Криму,REVIEW_LOCATION_AMBIGUOUS,REVIEW_DISPUTED_CRIMEA,FALSE,CRIMEA_SEVASTOPOL,CRIMEA_TEXT,EVENT_FORM_UNRESOLVED,NO_DECISIVE_EVENT_FORM_CUE,,P4_CRIMEA,TRUE,,UNIQUE_EXACT_REPORT_LEVEL,53892,NO_EXACT_REPORT_DUPLICATE,PENDING
227465,20220816,1,2278399,24tvua,https://24tv.ua/de-roztashovaniy-aerodrom-gvardiyske-krimu-karta_n2131013,STRATEGIC_AIRBASE,аеродром,вибух,707777,Hvardiiske,Crimea,Simferopol's'kyi,34.0239,45.11573,REVIEW,REVIEW_DISPUTED_CRIMEA,,,,a_ukr_init_b,,a_ukr_b,0,a_rus_init_b,,a_rus_b,0,,,"Де розташований аеродром """"""""""""""""Гвардійське"""""""""""""""" під Сімферополем, де лунали вибухи: пояснюємо на карті",REVIEW_LOCATION_AMBIGUOUS,REVIEW_DISPUTED_CRIMEA,FALSE,UNKNOWN,NO_DECISIVE_SCOPE_TEXT,EVENT_FORM_UNRESOLVED,NO_DECISIVE_EVENT_FORM_CUE,,P6_SCOPE_UNKNOWN,TRUE,,UNIQUE_EXACT_REPORT_LEVEL,227465,NO_EXACT_REPORT_DUPLICATE,PENDING
232741,20220816,20,186393|186398|186423|186470|186483|261385,nv|ria,https://nv.ua/ukr/ukraine/events/u-dzhankoji-vibuhi-shcho-vidbuvayetsya-v-okupovanomu-krimu-novini-ukrajini-50263432.html|https://nv.ua/ukr/ukraine/events/u-krimu-gorit-viyskova-chastina-ta-lunayut-vibuhi-novini-ukrajini-50263430.html|https://nv.ua/ukr/ukraine/events/vibuhi-v-dzhankoji-z-yavilisya-suputnikovi-znimki-rosiyskogo-skladu-boyepripasiv-foto-50263641.html|https://nv.ua/ukr/ukraine/politics/vibuhi-pid-dzhankoyem-u-krimu-reakciya-podolyaka-novini-ukrajini-50263444.html|https://ria.ru/20220816/pozhar-1809900762.html,AMMUNITION_ARSENAL|ENERGY_GRID_SUPPORT|RAIL_STRATEGIC_LOGISTICS|STRATEGIC_AIRBASE,авіабаз|залізничний вузол|подстанц|склад боєприпас|складу боєприпас|складі боєприпас,вибух|пожар|пошкодж,709334,Dzhankoi,Crimea,Dzhankois'kyi,34.392872,45.713348,REVIEW,REVIEW_DISPUTED_CRIMEA,,,,a_ukr_init_b,,a_ukr_b,0,a_rus_init_b,,a_rus_b,0,,,"У Криму під Джанкоєм горить російська військова частина та вибухає склад боєприпасів — Чубаров || Подоляк назвав ранкові вибухи на складі боєприпасів під Джанкоєм у Криму «демілітаризацією у дії» || Нова «детонація» у Криму — онлайн: під Джанкоєм масштабні вибухи на складі боєприпасів, пошкоджено залізничні колії, оголошено евакуацію",REVIEW_LOCATION_AMBIGUOUS,REVIEW_DISPUTED_CRIMEA,FALSE,CRIMEA_SEVASTOPOL,CRIMEA_TEXT,EVENT_FORM_UNRESOLVED,NO_DECISIVE_EVENT_FORM_CUE,,P4_CRIMEA,TRUE,,UNIQUE_EXACT_REPORT_LEVEL,232741,NO_EXACT_REPORT_DUPLICATE,PENDING
232749,20220816,1,328453,espreso,https://espreso.tv/vibukh-na-aviabazi-v-novofedorivtsi-organizuvali-ukrainski-spetsnazivtsi-u-spivpratsi-z-mistsevimi-partizanami-nyt,AMMUNITION_ARSENAL|STRATEGIC_AIRBASE,авіабаз|складі боєприпас,Вибух,709334,Dzhankoi,Crimea,Dzhankois'kyi,34.392872,45.713348,REVIEW,REVIEW_DISPUTED_CRIMEA,,,,a_ukr_init_b,,a_ukr_b,0,a_rus_init_b,,a_rus_b,0,україн,,Вибухи на авіабазі в Новофедорівці та на складі боєприпасів у Джанкої організували українські спецназівці у співпраці з місцевими партизанами,REVIEW_LOCATION_AMBIGUOUS,REVIEW_DISPUTED_CRIMEA,FALSE,CRIMEA_SEVASTOPOL,CRIMEA_TEXT,EVENT_FORM_UNRESOLVED,NO_DECISIVE_EVENT_FORM_CUE,,P4_CRIMEA,TRUE,,UNIQUE_EXACT_REPORT_LEVEL,232749,NO_EXACT_REPORT_DUPLICATE,PENDING
53906,20220816,1,1667355,pravdaua,https://www.pravda.com.ua/news/2022/08/16/7363578/,AMMUNITION_ARSENAL,складів із боєприпас,вибух,693805,Simferopol,Crimea,Simferopol's'ka,34.0994127132379,44.9536335,REVIEW,REVIEW_DISPUTED_CRIMEA,,,,a_ukr_init_b,,a_ukr_b,0,a_rus_init_b,,a_rus_b,0,Україн,,"Після вибухів у Криму Зеленський звернувся до """"наших людей"""" на окупованих територіях. Президент України Володимир Зеленський закликав цивільних мешканців на окупованих Росією територіях не наближатися до військових об’єктів і складів із боєприпасами.",REVIEW_LOCATION_AMBIGUOUS,REVIEW_DISPUTED_CRIMEA,FALSE,CRIMEA_SEVASTOPOL,CRIMEA_TEXT,EVENT_FORM_UNRESOLVED,NO_DECISIVE_EVENT_FORM_CUE,,P4_CRIMEA,TRUE,,UNIQUE_EXACT_REPORT_LEVEL,53906,NO_EXACT_REPORT_DUPLICATE,PENDING
53908,20220816,54,186392|186399|186417|186422|186428|186442|186469,nv,https://nv.ua/ukr/lifestyle/vibuhi-v-dzhankoji-reakciya-ukrajinciv-na-bavovnu-v-okupovanomu-krimu-foto-50263482.html|https://nv.ua/ukr/ukraine/events/na-voennoy-aviabaze-vozle-simferopolya-progremeli-vzryvy-smi-50263514.html|https://nv.ua/ukr/ukraine/events/u-dzhankoji-vibuhi-shcho-vidbuvayetsya-v-okupovanomu-krimu-novini-ukrajini-50263432.html|https://nv.ua/ukr/ukraine/events/u-krimu-gorit-viyskova-chastina-ta-lunayut-vibuhi-novini-ukrajini-50263430.html|https://nv.ua/ukr/ukraine/events/vibuhi-na-aerodromi-v-krimu-rf-znizila-aktivnist-aviaciji-v-ukrajini-novini-ukrajini-50263558.html|https://nv.ua/ukr/ukraine/politics/vibuhi-pid-dzhankoyem-u-krimu-reakciya-podolyaka-novini-ukrajini-50263444.html,AMMUNITION_ARSENAL|RAIL_STRATEGIC_LOGISTICS|STRATEGIC_AIRBASE,авіабаз|аеродром|залізничний вузол|склад боєприпас|складу боєприпас|складі боєприпас,вибух|пошкодж,693805,Simferopol,Crimea,Simferopol's'ka,34.0994127132379,44.9536335,REVIEW,REVIEW_DISPUTED_CRIMEA,,,,a_ukr_init_b,,a_ukr_b,0,a_rus_init_b,,a_rus_b,0,україн,,"У Криму під Джанкоєм горить російська військова частина та вибухає склад боєприпасів — Чубаров || Подоляк назвав ранкові вибухи на складі боєприпасів під Джанкоєм у Криму «демілітаризацією у дії» || «Мама, мамулічка, тепер уже і Джанкой». Реакція українців на вибухи російського складу боєприпасів в окупованому Криму",REVIEW_LOCATION_AMBIGUOUS,REVIEW_DISPUTED_CRIMEA,FALSE,CRIMEA_SEVASTOPOL,CRIMEA_TEXT,EVENT_FORM_UNRESOLVED,NO_DECISIVE_EVENT_FORM_CUE,,P4_CRIMEA,TRUE,,UNIQUE_EXACT_REPORT_LEVEL,53908,NO_EXACT_REPORT_DUPLICATE,PENDING
53911,20220816,1,186434,nv,https://nv.ua/ukr/ukraine/events/minoboroni-rf-nazvalo-vibuhi-u-krimu-diversiyeyu-ostanni-novini-50263513.html,AMMUNITION_ARSENAL,складі боєприпас,Вибух,693805,Simferopol,Crimea,Simferopol's'ka,34.0994127132379,44.9536335,REVIEW,REVIEW_DISPUTED_CRIMEA,,,,a_ukr_init_b,,a_ukr_b,0,a_rus_init_b,,a_rus_b,0,,,Вибухи на складі боєприпасів у Криму: в Міноборони країни-агресора заявили про «диверсію»,REVIEW_LOCATION_AMBIGUOUS,REVIEW_DISPUTED_CRIMEA,FALSE,CRIMEA_SEVASTOPOL,CRIMEA_TEXT,EVENT_FORM_UNRESOLVED,NO_DECISIVE_EVENT_FORM_CUE,,P4_CRIMEA,TRUE,,UNIQUE_EXACT_REPORT_LEVEL,53911,NO_EXACT_REPORT_DUPLICATE,PENDING
53914,20220816,11,1667436,pravdaua,https://www.pravda.com.ua/news/2022/08/16/7363420/,AMMUNITION_ARSENAL,складі боєприпас,вибух,693805,Simferopol,Crimea,Simferopol's'ka,34.0994127132379,44.9536335,REVIEW,REVIEW_DISPUTED_CRIMEA,,,,a_ukr_init_b,,a_ukr_b,0,a_rus_init_b,,a_rus_b,0,,,"У Криму лунають вибухи в районі Джанкоя, Чубаров каже: влучили у сховище боєприпасів. У Джанкойському районі окупованого Росією Криму вранці 16 серпня чути вибухи і видно вогонь, є інформація про детонацію на складі боєприпасів у селищі Майське.",REVIEW_LOCATION_AMBIGUOUS,REVIEW_DISPUTED_CRIMEA,FALSE,CRIMEA_SEVASTOPOL,CRIMEA_TEXT,FRESH_ATTACK_WORDING,FRESH_ATTACK_CUE,EXACT2022-0045,P4_CRIMEA,TRUE,EXACT2022-0045,CANONICAL,53914,EXACT_SOURCE_URL_AND_REPRESENTATIVE_TEXT,PENDING
53917,20220816,5,1667400,pravdaua,https://www.pravda.com.ua/news/2022/08/16/7363483/,STRATEGIC_AIRBASE,авіабаз,вибух,693805,Simferopol,Crimea,Simferopol's'ka,34.0994127132379,44.9536335,REVIEW,REVIEW_DISPUTED_CRIMEA,,,,a_ukr_init_b,,a_ukr_b,0,a_rus_init_b,,a_rus_b,0,,,У Криму нові вибухи: на військовій авіабазі під Сімферополем – росЗМІ.,REVIEW_LOCATION_AMBIGUOUS,REVIEW_DISPUTED_CRIMEA,FALSE,CRIMEA_SEVASTOPOL,CRIMEA_TEXT,EVENT_FORM_UNRESOLVED,NO_DECISIVE_EVENT_FORM_CUE,,P4_CRIMEA,TRUE,,UNIQUE_EXACT_REPORT_LEVEL,53917,NO_EXACT_REPORT_DUPLICATE,PENDING
53924,20220816,12,24289|24298|328447|328468,24tvua|espreso,https://24tv.ua/de-roztashovaniy-aerodrom-gvardiyske-krimu-karta_n2131013|https://24tv.ua/vibuhi-dzhankoyi-sogodni-de-roztashovane-misto-karti_n2130998|https://espreso.tv/na-viyskoviy-aviabazi-rf-poblizu-simferopolya-takozh-prolunali-vibukhi-roszmi|https://espreso.tv/zyavilis-pershi-foto-skladu-boepripasiv-bilya-dzhankoya-u-krimu-yakiy-vibukhnuv-16-serpnya,AMMUNITION_ARSENAL|STRATEGIC_AIRBASE,авіабаз|аеродром|склад боєприпас|складу боєприпас,Вибух|вибух,693805,Simferopol,Crimea,Simferopol's'ka,34.0994127132379,44.9536335,REVIEW,REVIEW_DISPUTED_CRIMEA,,,,a_ukr_init_b,,a_ukr_b,0,a_rus_init_b,,a_rus_b,0,,,"Вибухнув склад боєприпасів біля Джанкоя в Криму: де розташовується місто, пояснюємо на карті || Де розташований аеродром """"""""""""""""Гвардійське"""""""""""""""" під Сімферополем, де лунали вибухи: пояснюємо на карті || На військовій авіабазі РФ поблизу Сімферополя також пролунали вибухи",REVIEW_LOCATION_AMBIGUOUS,REVIEW_DISPUTED_CRIMEA,FALSE,CRIMEA_SEVASTOPOL,CRIMEA_TEXT,EVENT_FORM_UNRESOLVED,NO_DECISIVE_EVENT_FORM_CUE,,P4_CRIMEA,TRUE,,UNIQUE_EXACT_REPORT_LEVEL,53924,NO_EXACT_REPORT_DUPLICATE,PENDING
53933,20220816,1,1705450,unian,https://www.unian.ua/war/vibuhi-v-krimu-na-aerodromi-v-gvardiyskomu-bulo-ponad-20-litakiv-rf-grozyev-novini-vtorgnennya-rosiji-v-ukrajinu-11943168.html,STRATEGIC_AIRBASE,аеродром,Вибух,693805,Simferopol,Crimea,Simferopol's'ka,34.0994127132379,44.9536335,REVIEW,REVIEW_DISPUTED_CRIMEA,,,,a_ukr_init_b,,a_ukr_b,0,a_rus_init_b,,a_rus_b,0,,,Вибухи в Криму: на аеродромі в Гвардійському було понад 20 літаків РФ - Грозєв,REVIEW_LOCATION_AMBIGUOUS,REVIEW_DISPUTED_CRIMEA,FALSE,CRIMEA_SEVASTOPOL,CRIMEA_TEXT,EVENT_FORM_UNRESOLVED,NO_DECISIVE_EVENT_FORM_CUE,,P4_CRIMEA,TRUE,,UNIQUE_EXACT_REPORT_LEVEL,53933,NO_EXACT_REPORT_DUPLICATE,PENDING
53935,20220816,1,24332,24tvua,https://24tv.ua/vibuhi-krimu-aviabazi-bulo-24-rosiyskih-litaki_n2131240,STRATEGIC_AIRBASE,авіабаз,вибух,693805,Simferopol,Crimea,Simferopol's'ka,34.0994127132379,44.9536335,REVIEW,REVIEW_DISPUTED_CRIMEA,,,,a_ukr_init_b,,a_ukr_b,0,a_rus_init_b,,a_rus_b,0,,,"На авіабазі під Сімферополем, де пролунали вибухи, перебувало 24 російських літаки – Грозєв",REVIEW_LOCATION_AMBIGUOUS,REVIEW_DISPUTED_CRIMEA,FALSE,UNKNOWN,NO_DECISIVE_SCOPE_TEXT,EVENT_FORM_UNRESOLVED,NO_DECISIVE_EVENT_FORM_CUE,,P6_SCOPE_UNKNOWN,TRUE,,UNIQUE_EXACT_REPORT_LEVEL,53935,NO_EXACT_REPORT_DUPLICATE,PENDING
53947,20220816,1,1667410,pravdaua,https://www.pravda.com.ua/news/2022/08/16/7363450/,AMMUNITION_ARSENAL,складі російських боєприпас,вибух|пошкодж,693805,Simferopol,Crimea,Simferopol's'ka,34.0994127132379,44.9536335,REVIEW,REVIEW_DISPUTED_CRIMEA,,,,a_ukr_init_b,,a_ukr_b,0,a_rus_init_b,,a_rus_b,1,,,"Залізниця у Криму постраждала через детонацію боєприпасів – потяги не їдуть. Залізницю на півночі окупованого Криму пошкоджено через вибух на складі російських боєприпасів у селі Майське, потяги з Росії не поїдуть далі Владиславівки на сході півострова.",REVIEW_LOCATION_AMBIGUOUS,REVIEW_DISPUTED_CRIMEA,FALSE,CRIMEA_SEVASTOPOL,CRIMEA_TEXT,EVENT_FORM_UNRESOLVED,NO_DECISIVE_EVENT_FORM_CUE,,P4_CRIMEA,TRUE,,UNIQUE_EXACT_REPORT_LEVEL,53947,NO_EXACT_REPORT_DUPLICATE,PENDING
53948,20220816,1,1667398,pravdaua,https://www.pravda.com.ua/news/2022/08/16/7363490/,STRATEGIC_AIRBASE,аеродром,Вибух|пошкодж|ракет,693805,Simferopol,Crimea,Simferopol's'ka,34.0994127132379,44.9536335,REVIEW,REVIEW_DISPUTED_CRIMEA,,,,a_ukr_init_b,,a_ukr_b,0,a_rus_init_b,,a_rus_b,1,Збройн|Україн,,"Вибухи поблизу Джанкоя: скільки техніки тримали там росіяни. Управління стратегічних комунікацій Збройних сил України повідомляє, що в районі пошкодженої вибухами залізничної станції Азовське в окупованому Криму росіяни розвантажували військову техніку та боєприпаси, а в районі аеродрому поблизу Джанкою стояли зенітно-ракетні комплекси РФ.",REVIEW_LOCATION_AMBIGUOUS,REVIEW_DISPUTED_CRIMEA,FALSE,CRIMEA_SEVASTOPOL,CRIMEA_TEXT,EVENT_FORM_UNRESOLVED,NO_DECISIVE_EVENT_FORM_CUE,EXACT2022-0046,P4_CRIMEA,TRUE,EXACT2022-0046,CANONICAL,53948,EXACT_SOURCE_URL_AND_REPRESENTATIVE_TEXT,PENDING
53954,20220816,3,186419,nv,https://nv.ua/ukr/ukraine/events/yak-i-chomu-vibuhi-v-dzhankoji-mozhut-poznachitisya-na-hodi-viyni-ostanni-novini-50263487.html,AMMUNITION_ARSENAL|STRATEGIC_AIRBASE,аеродром|склади боєприпас,Вибух,693805,Simferopol,Crimea,Simferopol's'ka,34.0994127132379,44.9536335,REVIEW,REVIEW_DISPUTED_CRIMEA,,,,a_ukr_init_b,,a_ukr_b,0,a_rus_init_b,,a_rus_b,1,,,Вибухи в Криму: де саме розташовані склади боєприпасів і яку техніку Росія тримала на сусідньому аеродромі в Джанкої - інфографіка НВ,REVIEW_LOCATION_AMBIGUOUS,REVIEW_DISPUTED_CRIMEA,FALSE,CRIMEA_SEVASTOPOL,CRIMEA_TEXT,EVENT_FORM_UNRESOLVED,NO_DECISIVE_EVENT_FORM_CUE,EXACT2022-0047,P4_CRIMEA,TRUE,EXACT2022-0047,CANONICAL,53954,EXACT_SOURCE_URL_AND_REPRESENTATIVE_TEXT,PENDING
101390,20220817,1,80197,liveuamap,https://t.me/rbc_news/56084,ENERGY_GRID_SUPPORT,підстанц,Пожеж,699130,Novostepnoye,Crimea,Dzhankois'ka,34.40804,45.68007,REVIEW,REVIEW_DISPUTED_CRIMEA,,,,a_ukr_init_b,,a_ukr_b,0,a_rus_init_b,,a_rus_b,1,,,Пожежа на електропідстанції в Джанкой,REVIEW_LOCATION_AMBIGUOUS,REVIEW_DISPUTED_CRIMEA,FALSE,CRIMEA_SEVASTOPOL,CRIMEA_TEXT,EVENT_FORM_UNRESOLVED,NO_DECISIVE_EVENT_FORM_CUE,EXACT2022-0048,P4_CRIMEA,TRUE,EXACT2022-0048,CANONICAL,101390,EXACT_SOURCE_URL_AND_REPRESENTATIVE_TEXT,PENDING
120217,20220817,1,80195,liveuamap,https://t.me/bbbreaking/132792,AMMUNITION_ARSENAL,складі боєприпас,вибух|пошкодж,701491,Mayskoye,Crimea,Dzhankois'kyi,34.54857,45.60083,REVIEW,REVIEW_DISPUTED_CRIMEA,,,,a_ukr_init_b,,a_ukr_b,0,a_rus_init_b,,a_rus_b,1,,,У Джанкойському районі внаслідок вибуху на складі боєприпасів пошкоджена залізниця - екстрені служби,REVIEW_LOCATION_AMBIGUOUS,REVIEW_DISPUTED_CRIMEA,FALSE,CRIMEA_SEVASTOPOL,CRIMEA_TEXT,EVENT_FORM_UNRESOLVED,NO_DECISIVE_EVENT_FORM_CUE,EXACT2022-0051,P4_CRIMEA,TRUE,EXACT2022-0051,CANONICAL,120217,EXACT_SOURCE_URL_AND_REPRESENTATIVE_TEXT,PENDING
232765,20220817,3,328491,espreso,https://espreso.tv/pid-dzhankoem-zakinchilasya-detonatsiya-boepripasiv-na-viyskovomu-skladi-okupantiv-yakiy-pidirvali-16-serpnya,AMMUNITION_ARSENAL,складі під окупованим Джанкоєм: боєприпас,Вибух,709334,Dzhankoi,Crimea,Dzhankois'kyi,34.392872,45.713348,REVIEW,REVIEW_DISPUTED_CRIMEA,,,,a_ukr_init_b,,a_ukr_b,0,a_rus_init_b,,a_rus_b,0,,,Вибухи на військовому складі під окупованим Джанкоєм: боєприпаси перестали детонувати,REVIEW_LOCATION_AMBIGUOUS,REVIEW_DISPUTED_CRIMEA,FALSE,CRIMEA_SEVASTOPOL,CRIMEA_TEXT,EVENT_FORM_UNRESOLVED,NO_DECISIVE_EVENT_FORM_CUE,,P4_CRIMEA,TRUE,,UNIQUE_EXACT_REPORT_LEVEL,232765,NO_EXACT_REPORT_DUPLICATE,PENDING
53960,20220817,39,157805|186570,ntv|nv,https://nv.ua/ukr/ukraine/events/vibuhi-na-aerodromi-v-simferopoli-arestovich-povidomiv-pro-znishchennya-su-24-novini-ukrajini-50263918.html|https://www.ntv.ru/novosti/2719452/,AMMUNITION_ARSENAL|STRATEGIC_AIRBASE,аеродром|складе боеприпасов повреждена железная дорога Боеприпас,взрыв|вибух|знищ|поврежд,693805,Simferopol,Crimea,Simferopol's'ka,34.0994127132379,44.9536335,REVIEW,REVIEW_DISPUTED_CRIMEA,,,,a_ukr_init_b,,a_ukr_b,0,a_rus_init_b,,a_rus_b,0,,,"В Крыму из-за взрывов на складе боеприпасов повреждена железная дорога Боеприпасы, сдетонировавшие на складе в Крыму, повредили железнодорожное полотно между станциями Азовское и Разъезд 10 км. || «Гарантовано знищено Су-24». Арестович повідомив подробиці вибухів на аеродромі під Сімферополем",REVIEW_LOCATION_AMBIGUOUS,REVIEW_DISPUTED_CRIMEA,FALSE,CRIMEA_SEVASTOPOL,CRIMEA_TEXT,EVENT_FORM_UNRESOLVED,NO_DECISIVE_EVENT_FORM_CUE,,P4_CRIMEA,TRUE,,UNIQUE_EXACT_REPORT_LEVEL,53960,NO_EXACT_REPORT_DUPLICATE,PENDING
53963,20220817,5,1766433|1766524,liveuamap,https://t.me/tass_agency/151150|https://twitter.com/HromadskeRadio/status/1559606233539158019,AMMUNITION_ARSENAL,складу боєприпас|складі боєприпас,вибух,693805,Simferopol,Crimea,Simferopol's'ka,34.0994127132379,44.9536335,REVIEW,REVIEW_DISPUTED_CRIMEA,,,,a_ukr_init_b,,a_ukr_b,0,a_rus_init_b,,a_rus_b,0,,,"Супутникові знімки наслідків вибухів на складі боєприпасів біля Джанкоя, Крим || З селища Майське біля Джанкоя в Криму евакуюють мирних жителів після вибуху складу боєприпасів",REVIEW_LOCATION_AMBIGUOUS,REVIEW_DISPUTED_CRIMEA,FALSE,CRIMEA_SEVASTOPOL,CRIMEA_TEXT,FOLLOWUP_OR_AFTERMATH,FOLLOWUP_CUE_NO_FRESH_VERB,EXACT2022-0049,P4_CRIMEA,TRUE,EXACT2022-0049,CANONICAL,53963,EXACT_SOURCE_URL_AND_REPRESENTATIVE_TEXT,PENDING
53975,20220817,1,80203,liveuamap,https://t.me/suspilnenews/13553,AMMUNITION_ARSENAL,склад боєприпас,вибух,693805,Simferopol,Crimea,Simferopol's'ka,34.0994127132379,44.9536335,REVIEW,REVIEW_DISPUTED_CRIMEA,,,,a_ukr_init_b,,a_ukr_b,0,a_rus_init_b,,a_rus_b,0,,,Під Джанкоєм на півночі Криму вибухнув склад боєприпасів,REVIEW_LOCATION_AMBIGUOUS,REVIEW_DISPUTED_CRIMEA,FALSE,CRIMEA_SEVASTOPOL,CRIMEA_TEXT,EVENT_FORM_UNRESOLVED,NO_DECISIVE_EVENT_FORM_CUE,EXACT2022-0050,P4_CRIMEA,TRUE,EXACT2022-0050,CANONICAL,53975,EXACT_SOURCE_URL_AND_REPRESENTATIVE_TEXT,PENDING
53977,20220817,1,1705484,unian,https://www.unian.ua/war/gvardiyske-viyskoviy-ekspert-porivnyav-udari-po-aviabazah-rosiyan-u-krimu-novini-vtorgnennya-rosiji-v-ukrajinu-11943618.html,STRATEGIC_AIRBASE,авіабаз,удар,693805,Simferopol,Crimea,Simferopol's'ka,34.0994127132379,44.9536335,REVIEW,REVIEW_DISPUTED_CRIMEA,,,,a_ukr_init_b,,a_ukr_b,0,a_rus_init_b,,a_rus_b,0,,,"""""Працювала та ж система"""": експерт порівняв удари по авіабазах росіян у Криму",REVIEW_LOCATION_AMBIGUOUS,REVIEW_DISPUTED_CRIMEA,FALSE,CRIMEA_SEVASTOPOL,CRIMEA_TEXT,EVENT_FORM_UNRESOLVED,NO_DECISIVE_EVENT_FORM_CUE,,P4_CRIMEA,TRUE,,UNIQUE_EXACT_REPORT_LEVEL,53977,NO_EXACT_REPORT_DUPLICATE,PENDING
53986,20220817,1,1667461,pravdaua,https://www.pravda.com.ua/news/2022/08/17/7363712/,STRATEGIC_AIRBASE,аеродром,вибух,693805,Simferopol,Crimea,Simferopol's'ka,34.0994127132379,44.9536335,REVIEW,REVIEW_DISPUTED_CRIMEA,,,,a_ukr_init_b,,a_ukr_b,0,a_rus_init_b,,a_rus_b,1,,в РФ,"Після вибухів в Криму росіяни переміщують свої літаки на територію РФ – розвідка. Після вибухів на російських аеродромах в окупованому Криму, росіяни почали переміщувати свої літаки та гелікоптери в РФ та в глиб півострова.",REVIEW_LOCATION_AMBIGUOUS,REVIEW_DISPUTED_CRIMEA,FALSE,CONFLICT_OR_COMPOSITE,CRIMEA_AND_RUSSIA_TEXT,EVENT_FORM_UNRESOLVED,NO_DECISIVE_EVENT_FORM_CUE,,P3_SCOPE_CONFLICT_COMPOSITE,TRUE,,UNIQUE_EXACT_REPORT_LEVEL,53986,NO_EXACT_REPORT_DUPLICATE,PENDING
53991,20220817,3,24376,24tvua,https://24tv.ua/175-den-viyni-v-ukrayini-17-08-2022-novini-za-dobu_n2131015,STRATEGIC_AIRBASE,аеродром,вибух,693805,Simferopol,Crimea,Simferopol's'ka,34.0994127132379,44.9536335,REVIEW,REVIEW_DISPUTED_CRIMEA,,,,a_ukr_init_b,,a_ukr_b,0,a_rus_init_b,,a_rus_b,1,,,Важливість аеродромів ворога в Криму та вибух у Мелітополі: головне за 175 день війни,REVIEW_LOCATION_AMBIGUOUS,REVIEW_DISPUTED_CRIMEA,FALSE,CRIMEA_SEVASTOPOL,CRIMEA_TEXT,EVENT_FORM_UNRESOLVED,NO_DECISIVE_EVENT_FORM_CUE,,P4_CRIMEA,TRUE,,UNIQUE_EXACT_REPORT_LEVEL,53991,NO_EXACT_REPORT_DUPLICATE,PENDING
120220,20220818,1,80217,liveuamap,https://twitter.com/HromadskeRadio/status/1559606233539158019,AMMUNITION_ARSENAL,складі боєприпас,вибух,701491,Mayskoye,Crimea,Dzhankois'kyi,34.54196,45.58704,REVIEW,REVIEW_DISPUTED_CRIMEA,,,,a_ukr_init_b,,a_ukr_b,0,a_rus_init_b,,a_rus_b,0,,,"Супутникові знімки наслідків вибухів на складі боєприпасів біля Джанкоя, Крим",REVIEW_LOCATION_AMBIGUOUS,REVIEW_DISPUTED_CRIMEA,FALSE,CRIMEA_SEVASTOPOL,CRIMEA_TEXT,FOLLOWUP_OR_AFTERMATH,FOLLOWUP_CUE_NO_FRESH_VERB,,P4_CRIMEA,TRUE,,UNIQUE_EXACT_REPORT_LEVEL,120220,NO_EXACT_REPORT_DUPLICATE,PENDING
53997,20220818,37,186653|24553|24558,24tvua|nv,https://24tv.ua/sezon-bavovni-krimu-rozpali-merezhi-povidomlyayut-pro-vibuhi_n2136933|https://24tv.ua/tse-naybilsha-aviabaza-krimu-chubarov-pidtverdiv-vibuhi-belbeku_n2137015|https://nv.ua/ukr/ukraine/events/vibuhi-v-sevastopoli-u-rayoni-aerodromu-belbek-vidno-dim-novini-ukrajini-50264177.html,STRATEGIC_AIRBASE,авіабаз|аеродром,вибух,693805,Simferopol,Crimea,Simferopol's'ka,34.0994127132379,44.9536335,REVIEW,REVIEW_DISPUTED_CRIMEA,,,,a_ukr_init_b,,a_ukr_b,0,a_rus_init_b,,a_rus_b,0,,твер,"Сезон """"""""""""""""бавовни"""""""""""""""" у Криму – в розпалі: у мережі повідомляють про вибухи на аеродромі Бельбек || """"""""""""""""Це найбільша авіабаза Криму"""""""""""""""": Чубаров і Арестович підтвердили вибухи в Бельбеку || ЗМІ повідомили про вибухи в районі військового аеродрому Бельбек у Криму",REVIEW_LOCATION_AMBIGUOUS,REVIEW_DISPUTED_CRIMEA,FALSE,CONFLICT_OR_COMPOSITE,CRIMEA_AND_RUSSIA_TEXT,EVENT_FORM_UNRESOLVED,NO_DECISIVE_EVENT_FORM_CUE,,P3_SCOPE_CONFLICT_COMPOSITE,TRUE,,UNIQUE_EXACT_REPORT_LEVEL,53997,NO_EXACT_REPORT_DUPLICATE,PENDING
54000,20220818,4,1705593|1766696,liveuamap|unian,https://twitter.com/HromadskeRadio/status/1559606233539158019|https://www.unian.ua/war/na-naybilshiy-aviabazi-rf-v-krimu-progrimili-vibuhi-video-novini-vtorgnennya-rosiji-v-ukrajinu-11946069.html,AMMUNITION_ARSENAL|STRATEGIC_AIRBASE,авіабаз|складі боєприпас,вибух,693805,Simferopol,Crimea,Simferopol's'ka,34.0994127132379,44.9536335,REVIEW,REVIEW_DISPUTED_CRIMEA,,,,a_ukr_init_b,,a_ukr_b,0,a_rus_init_b,,a_rus_b,0,,,"На найбільшій авіабазі РФ в Криму прогриміли вибухи (відео) || Супутникові знімки наслідків вибухів на складі боєприпасів біля Джанкоя, Крим",REVIEW_LOCATION_AMBIGUOUS,REVIEW_DISPUTED_CRIMEA,FALSE,CRIMEA_SEVASTOPOL,CRIMEA_TEXT,FOLLOWUP_OR_AFTERMATH,FOLLOWUP_CUE_NO_FRESH_VERB,,P4_CRIMEA,TRUE,,UNIQUE_EXACT_REPORT_LEVEL,54000,NO_EXACT_REPORT_DUPLICATE,PENDING
54002,20220818,4,24554,24tvua,https://24tv.ua/sezon-bavovni-krimu-rozpali-merezhi-povidomlyayut-pro-vibuhi_n2136933,STRATEGIC_AIRBASE,аеродром,вибух,693805,Simferopol,Crimea,Simferopol's'ka,34.0994127132379,44.9536335,REVIEW,REVIEW_DISPUTED_CRIMEA,,,,a_ukr_init_b,,a_ukr_b,0,a_rus_init_b,,a_rus_b,0,,,"Сезон """"""""""""""""бавовни"""""""""""""""" у Криму – в розпалі: у мережі повідомляють про вибухи на аеродромі """"""""""""""""Бельбек""""""""""""""""",REVIEW_LOCATION_AMBIGUOUS,REVIEW_DISPUTED_CRIMEA,FALSE,CRIMEA_SEVASTOPOL,CRIMEA_TEXT,EVENT_FORM_UNRESOLVED,NO_DECISIVE_EVENT_FORM_CUE,,P4_CRIMEA,TRUE,,UNIQUE_EXACT_REPORT_LEVEL,54002,NO_EXACT_REPORT_DUPLICATE,PENDING
54008,20220818,1,24469,24tvua,https://24tv.ua/belbek-de-prolunali-vibuhi-krimu-shho-vidomo-pro-aerodrom-bilya_n2137283,STRATEGIC_AIRBASE,аеродром,вибух,693805,Simferopol,Crimea,Simferopol's'ka,34.0994127132379,44.9536335,REVIEW,REVIEW_DISPUTED_CRIMEA,,,,a_ukr_init_b,,a_ukr_b,0,a_rus_init_b,,a_rus_b,0,,,"На """"""""""""""""Бельбеку"""""""""""""""" лунали вибухи: що відомо про найбільший аеродром у Криму – пояснюємо на карті",REVIEW_LOCATION_AMBIGUOUS,REVIEW_DISPUTED_CRIMEA,FALSE,CRIMEA_SEVASTOPOL,CRIMEA_TEXT,EVENT_FORM_UNRESOLVED,NO_DECISIVE_EVENT_FORM_CUE,EXACT2022-0052,P4_CRIMEA,TRUE,EXACT2022-0052,CANONICAL,54008,EXACT_SOURCE_URL_AND_REPRESENTATIVE_TEXT,PENDING
54017,20220818,1,328563,espreso,https://espreso.tv/u-krimu-progrimili-vibukhi-bilya-sevastopolya-i-aerodromu-belbek-okupanti-zayavili-pro-zbittya-dronu-silami-ppo,STRATEGIC_AIRBASE,аеродром,вибух|дрон,693805,Simferopol,Crimea,Simferopol's'ka,34.0994127132379,44.9536335,REVIEW,REVIEW_DISPUTED_CRIMEA,,,,a_ukr_init_b,,a_ukr_b,0,a_rus_init_b,,a_rus_b,1,,,"У Криму прогриміли вибухи біля Севастополя і аеродрому """"Бельбек"""", окупанти заявили про збиття дрону силами ППО",REVIEW_LOCATION_AMBIGUOUS,REVIEW_DISPUTED_CRIMEA,FALSE,CRIMEA_SEVASTOPOL,CRIMEA_TEXT,EVENT_FORM_UNRESOLVED,NO_DECISIVE_EVENT_FORM_CUE,EXACT2022-0053,P4_CRIMEA,TRUE,EXACT2022-0053,CANONICAL,54017,EXACT_SOURCE_URL_AND_REPRESENTATIVE_TEXT,PENDING
62359,20220818,1,1642626,liga,https://news.liga.net/politics/news/mestnye-jiteli-soobschayut-o-vzryvah-v-sevastopole-v-chastnosti-v-rayone-aerodroma-belbek,STRATEGIC_AIRBASE,аэродром,взрыв,694423,Sevastopol,Sevastopol',Lenins'kyi,33.5229142,44.6010512,REVIEW,REVIEW_DISPUTED_CRIMEA,,,,a_ukr_init_b,,a_ukr_b,0,a_rus_init_b,,a_rus_b,0,,,"Местные жители сообщают о взрывах в Севастополе — в частности, в районе аэродрома Бельбек",REVIEW_LOCATION_AMBIGUOUS,REVIEW_DISPUTED_CRIMEA,FALSE,CRIMEA_SEVASTOPOL,CRIMEA_TEXT,EVENT_FORM_UNRESOLVED,NO_DECISIVE_EVENT_FORM_CUE,,P4_CRIMEA,TRUE,,UNIQUE_EXACT_REPORT_LEVEL,62359,NO_EXACT_REPORT_DUPLICATE,PENDING
62361,20220818,1,1667528,pravdaua,https://www.pravda.com.ua/news/2022/08/18/7363914/,STRATEGIC_AIRBASE,аеродром,вибух,694423,Sevastopol,Sevastopol',Lenins'kyi,33.5229142,44.6010512,REVIEW,REVIEW_DISPUTED_CRIMEA,,,,a_ukr_init_b,,a_ukr_b,0,a_rus_init_b,,a_rus_b,1,,,"На військовому аеродромі в Севастополі чують вибухи, влада окупантів каже про ППО. Російські і місцеві телеграм-канали повідомляють про вибухи на військовому аеродромі окупантів у Севастополі, проте влада загарбників запевняє, що у регіоні працює протиповітряна оборона.",REVIEW_LOCATION_AMBIGUOUS,REVIEW_DISPUTED_CRIMEA,FALSE,CRIMEA_SEVASTOPOL,CRIMEA_TEXT,EVENT_FORM_UNRESOLVED,NO_DECISIVE_EVENT_FORM_CUE,,P4_CRIMEA,TRUE,,UNIQUE_EXACT_REPORT_LEVEL,62361,NO_EXACT_REPORT_DUPLICATE,PENDING
297963,20220819,1,80565,liveuamap,https://twitter.com/vitaliy70341751/status/1560070872102232065,AMMUNITION_ARSENAL,складі боєприпас,Вибух,713504,Amvrosiivka,Donets'k,Amvrosi‹vs'kyi,38.48712,47.80033,REVIEW,REVIEW_COORDINATE_NEAR_RU,17.712,13643128,Balka Kuprekhina,a_ukr_init_b,,a_ukr_b,0,a_rus_init_b,,a_rus_b,0,,,Вибухи на складі боєприпасів в Амвросіївці,REVIEW_LOCATION_AMBIGUOUS,REVIEW_COORDINATE_NEAR_RU,FALSE,UNKNOWN,NO_DECISIVE_SCOPE_TEXT,EVENT_FORM_UNRESOLVED,NO_DECISIVE_EVENT_FORM_CUE,,P6_SCOPE_UNKNOWN,TRUE,,UNIQUE_EXACT_REPORT_LEVEL,297963,NO_EXACT_REPORT_DUPLICATE,PENDING
54020,20220819,23,186708|186709,nv,https://nv.ua/ukr/ukraine/events/udar-po-krimu-rosiya-vtratila-na-aerodromi-saki-bilshe-polovini-boyovoji-morskoji-aviaciji-rozvidka-50264335.html,STRATEGIC_AIRBASE,аеродром,Удар,693805,Simferopol,Crimea,Simferopol's'ka,34.0994127132379,44.9536335,REVIEW,REVIEW_DISPUTED_CRIMEA,,,,a_ukr_init_b,,a_ukr_b,0,a_rus_init_b,,a_rus_b,0,,,Удар по аеродрому Саки в Криму позбавив Чорноморський флот більше половини літаків морської авіації — західна розвідка || Удар по аеродрому Саки в Криму позбавив Чорноморський флот більш ніж половину літаків морської авіації — західна розвідка,REVIEW_LOCATION_AMBIGUOUS,REVIEW_DISPUTED_CRIMEA,FALSE,CRIMEA_SEVASTOPOL,CRIMEA_TEXT,EVENT_FORM_UNRESOLVED,NO_DECISIVE_EVENT_FORM_CUE,,P4_CRIMEA,TRUE,,UNIQUE_EXACT_REPORT_LEVEL,54020,NO_EXACT_REPORT_DUPLICATE,PENDING
54024,20220819,4,186686,nv,https://nv.ua/ukr/ukraine/events/belbek-u-krimu-shcho-vidomo-pro-vibuhi-na-odniy-iz-nayvazhlivishih-aviabaz-rf-novini-ukrajini-50264210.html,STRATEGIC_AIRBASE,аеродром,вибух,693805,Simferopol,Crimea,Simferopol's'ka,34.0994127132379,44.9536335,REVIEW,REVIEW_DISPUTED_CRIMEA,,,,a_ukr_init_b,,a_ukr_b,0,a_rus_init_b,,a_rus_b,0,,,Бельбек — нова ціль «бавовни» в Криму? Що відомо про вибухи в районі аеродрому і чому ця база така важлива для авіації РФ,REVIEW_LOCATION_AMBIGUOUS,REVIEW_DISPUTED_CRIMEA,FALSE,CRIMEA_SEVASTOPOL,CRIMEA_TEXT,EVENT_FORM_UNRESOLVED,NO_DECISIVE_EVENT_FORM_CUE,,P4_CRIMEA,TRUE,,UNIQUE_EXACT_REPORT_LEVEL,54024,NO_EXACT_REPORT_DUPLICATE,PENDING
54039,20220819,1,24653,24tvua,https://24tv.ua/tse-naybilsha-aviabaza-krimu-chubarov-pidtverdiv-vibuhi-belbeku_n2137015,STRATEGIC_AIRBASE,авіабаз,вибух,693805,Simferopol,Crimea,Simferopol's'ka,34.0994127132379,44.9536335,REVIEW,REVIEW_DISPUTED_CRIMEA,,,,a_ukr_init_b,,a_ukr_b,0,a_rus_init_b,,a_rus_b,1,,твер,"""""""""""""""""Це найбільша авіабаза Криму"""""""""""""""": Чубаров і Арестович підтвердили вибухи в Бельбеку",REVIEW_LOCATION_AMBIGUOUS,REVIEW_DISPUTED_CRIMEA,FALSE,CONFLICT_OR_COMPOSITE,CRIMEA_AND_RUSSIA_TEXT,EVENT_FORM_UNRESOLVED,NO_DECISIVE_EVENT_FORM_CUE,,P3_SCOPE_CONFLICT_COMPOSITE,TRUE,,UNIQUE_EXACT_REPORT_LEVEL,54039,NO_EXACT_REPORT_DUPLICATE,PENDING
54042,20220819,1,186722,nv,https://nv.ua/ukr/ukraine/events/viyna-v-ukrajini-sogodni-udari-u-sakah-kahovskiy-mist-ta-zaborona-v-jizdu-v-krim-novini-ukrajini-50264356.html,STRATEGIC_AIRBASE,аеродром,удар,693805,Simferopol,Crimea,Simferopol's'ka,34.0994127132379,44.9536335,REVIEW,REVIEW_DISPUTED_CRIMEA,,,,a_ukr_init_b,,a_ukr_b,0,a_rus_init_b,,a_rus_b,1,україн,,"177-й день війни — головне. Надуспішність удару по аеродрому Саки, зрив ремонту Каховського мосту, та заборона в'їзду в Крим українцям",REVIEW_LOCATION_AMBIGUOUS,REVIEW_DISPUTED_CRIMEA,FALSE,CRIMEA_SEVASTOPOL,CRIMEA_TEXT,FOLLOWUP_OR_AFTERMATH,FOLLOWUP_CUE_NO_FRESH_VERB,,P4_CRIMEA,TRUE,,UNIQUE_EXACT_REPORT_LEVEL,54042,NO_EXACT_REPORT_DUPLICATE,PENDING
62367,20220819,1,1642648,liga,https://news.liga.net/politics/news/sudya-po-sputnikovym-snimkam-na-aerodrome-belbek-pod-sevastopolem-povrejdeniy-net,STRATEGIC_AIRBASE,аэродром,поврежд,694423,Sevastopol,Sevastopol',Lenins'kyi,33.5229142,44.6010512,REVIEW,REVIEW_DISPUTED_CRIMEA,,,,a_ukr_init_b,,a_ukr_b,0,a_rus_init_b,,a_rus_b,0,,,"Судя по спутниковым снимкам, на аэродроме Бельбек под Севастополем повреждений нет",REVIEW_LOCATION_AMBIGUOUS,REVIEW_DISPUTED_CRIMEA,FALSE,CRIMEA_SEVASTOPOL,CRIMEA_TEXT,FOLLOWUP_OR_AFTERMATH,FOLLOWUP_CUE_NO_FRESH_VERB,,P4_CRIMEA,TRUE,,UNIQUE_EXACT_REPORT_LEVEL,62367,NO_EXACT_REPORT_DUPLICATE,PENDING
62370,20220819,1,1766768,liveuamap,https://t.me/rian_ru/174888,STRATEGIC_AIRBASE,аеродром,безпілот,694423,Sevastopol,Sevastopol',Lenins'kyi,33.5229142,44.6010512,REVIEW,REVIEW_DISPUTED_CRIMEA,,,,a_ukr_init_b,,a_ukr_b,0,a_rus_init_b,,a_rus_b,1,,,Окупаційна влада Севастополя повідомляє про збитий безпілотник ППО поблизу аеродрому Бельбек,REVIEW_LOCATION_AMBIGUOUS,REVIEW_DISPUTED_CRIMEA,FALSE,CRIMEA_SEVASTOPOL,CRIMEA_TEXT,EVENT_FORM_UNRESOLVED,NO_DECISIVE_EVENT_FORM_CUE,EXACT2022-0054,P4_CRIMEA,TRUE,EXACT2022-0054,CANONICAL,62370,EXACT_SOURCE_URL_AND_REPRESENTATIVE_TEXT,PENDING
37858,20220820,2,421160|421161,nv,https://nv.ua/ukr/world/countries/nastup-zsu-na-tokmak-i-robotine-mapa-boyovih-diy-20-serpnya-2023-novini-ukrajini-50347575.html,STRATEGIC_AIRBASE,авіабаз,удар,691469,Tokmak,Zaporizhzhya,Tokmats'kyi,35.709191,47.255103,REVIEW,REVIEW_NAME_ONLY_RU_SUPPORT,,,Tokmak,a_ukr_init_b,,a_ukr_b,0,a_rus_init_b,,a_rus_b,0,ЗСУ,,"Що означають дані про прорив ЗСУ в напрямку Токмака і які літаки РФ міг пошкодити удар по авіабазі Сольці - ISW || Що означають дані про прорив ЗСУ в напрямку Токмаку, і які літаки РФ міг пошкодити удар по авіабазі Сольці — ISW",REVIEW_LOCATION_AMBIGUOUS,REVIEW_NAME_ONLY_RU_SUPPORT,FALSE,UNKNOWN,NO_DECISIVE_SCOPE_TEXT,EVENT_FORM_UNRESOLVED,NO_DECISIVE_EVENT_FORM_CUE,,P6_SCOPE_UNKNOWN,TRUE,,UNIQUE_EXACT_REPORT_LEVEL,37858,NO_EXACT_REPORT_DUPLICATE,PENDING
37706,20220821,1,80847,liveuamap,https://t.me/chpsevas/2770,STRATEGIC_AIRBASE,аеродром,вибух,691462,Dachnoye,Crimea,Bakhchysarais'kyi,33.83137,44.71454,REVIEW,REVIEW_DISPUTED_CRIMEA,,,,a_ukr_init_b,,a_ukr_b,0,a_rus_init_b,,a_rus_b,1,,,"Під Бахчисараєм 3 вибухи, з району аеродрому піднімається дим",REVIEW_LOCATION_AMBIGUOUS,REVIEW_DISPUTED_CRIMEA,FALSE,UNKNOWN,NO_DECISIVE_SCOPE_TEXT,EVENT_FORM_UNRESOLVED,NO_DECISIVE_EVENT_FORM_CUE,EXACT2022-0055,P6_SCOPE_UNKNOWN,TRUE,EXACT2022-0055,CANONICAL,37706,EXACT_SOURCE_URL_AND_REPRESENTATIVE_TEXT,PENDING
237097,20220822,14,145924,militarnyy,https://mil.in.ua/uk/news/v-okupovanomu-donetsku-vybuhaye-sklad-boyeprypasiv-rosiyan/,AMMUNITION_ARSENAL,"склад боєприпасів росіян. Окупований росіянами Донецьк прокинувся від звуків потужних вибухів. У понеділок, 22 серпня, близько 4 години ранку почалася детонація боєприпас",вибух,709717,Donetsk,Donets'k,Donets'ka,37.80285,48.015884,REVIEW,REVIEW_NAME_ONLY_RU_SUPPORT,,,Donetsk,a_ukr_init_b,,a_ukr_b,0,a_rus_init_b,,a_rus_b,0,,,"В окупованому Донецьку вибухає склад боєприпасів росіян. Окупований росіянами Донецьк прокинувся від звуків потужних вибухів. У понеділок, 22 серпня, близько 4 години ранку почалася детонація боєприпас...",REVIEW_LOCATION_AMBIGUOUS,REVIEW_NAME_ONLY_RU_SUPPORT,FALSE,UKRAINE_OCCUPIED_OTHER,OCCUPIED_UA_TEXT,EVENT_FORM_UNRESOLVED,NO_DECISIVE_EVENT_FORM_CUE,,P5_OCCUPIED_UA_OTHER,TRUE,,UNIQUE_EXACT_REPORT_LEVEL,237097,NO_EXACT_REPORT_DUPLICATE,PENDING
237099,20220822,1,1667770,pravdaua,https://www.pravda.com.ua/news/2022/08/22/7364262/,AMMUNITION_ARSENAL,"склад боєприпасів. Місцеві жителі тимчасово окупованого росіянами Донецька повідомляють про вибух, пожежу та детонацію на черговому складі боєприпас",вибух|пожеж,709717,Donetsk,Donets'k,Donets'ka,37.80285,48.015884,REVIEW,REVIEW_NAME_ONLY_RU_SUPPORT,,,Donetsk,a_ukr_init_b,,a_ukr_b,0,a_rus_init_b,,a_rus_b,0,,,"В окупованому Донецьку вибухи: детонує склад боєприпасів. Місцеві жителі тимчасово окупованого росіянами Донецька повідомляють про вибух, пожежу та детонацію на черговому складі боєприпасів російської армії.",REVIEW_LOCATION_AMBIGUOUS,REVIEW_NAME_ONLY_RU_SUPPORT,FALSE,UKRAINE_OCCUPIED_OTHER,OCCUPIED_UA_TEXT,EVENT_FORM_UNRESOLVED,NO_DECISIVE_EVENT_FORM_CUE,,P5_OCCUPIED_UA_OTHER,TRUE,,UNIQUE_EXACT_REPORT_LEVEL,237099,NO_EXACT_REPORT_DUPLICATE,PENDING
237100,20220822,1,1705788,unian,https://www.unian.ua/war/v-okupovanomu-donecku-lunayut-vibuhi-palaye-sklad-boyepripasiv-rf-video-novini-vtorgnennya-rosiji-v-ukrajinu-11949906.html,AMMUNITION_ARSENAL,склад боєприпас,вибух,709717,Donetsk,Donets'k,Donets'ka,37.80285,48.015884,REVIEW,REVIEW_NAME_ONLY_RU_SUPPORT,,,Donetsk,a_ukr_init_b,,a_ukr_b,0,a_rus_init_b,,a_rus_b,0,,,В окупованому Донецьку лунають вибухи: палає склад боєприпасів РФ (відео),REVIEW_LOCATION_AMBIGUOUS,REVIEW_NAME_ONLY_RU_SUPPORT,FALSE,UKRAINE_OCCUPIED_OTHER,OCCUPIED_UA_TEXT,EVENT_FORM_UNRESOLVED,NO_DECISIVE_EVENT_FORM_CUE,,P5_OCCUPIED_UA_OTHER,TRUE,,UNIQUE_EXACT_REPORT_LEVEL,237100,NO_EXACT_REPORT_DUPLICATE,PENDING
297964,20220822,1,1627304,meduza,https://twitter.com/bradyafr/status/1561416593564991488,AMMUNITION_ARSENAL,склад боеприпас,ракет|удар,713504,Amvrosiivka,Donets'k,Amvrosi‹vs'kyi,38.4914,47.8097,REVIEW,REVIEW_COORDINATE_NEAR_RU,18.733,13643128,Balka Kuprekhina,a_ukr_init_b,,a_ukr_b,0,a_rus_init_b,,a_rus_b,1,,,Разрушенный ракетным ударом российский склад боеприпасов в Амвросиевке (Донецкая область). Спутниковый снимок.,REVIEW_LOCATION_AMBIGUOUS,REVIEW_COORDINATE_NEAR_RU,FALSE,UKRAINE_OCCUPIED_OTHER,OCCUPIED_UA_TEXT,FOLLOWUP_OR_AFTERMATH,FOLLOWUP_CUE_NO_FRESH_VERB,,P5_OCCUPIED_UA_OTHER,TRUE,,UNIQUE_EXACT_REPORT_LEVEL,297964,NO_EXACT_REPORT_DUPLICATE,PENDING
197329,20220823,8,186930,nv,https://nv.ua/ukr/ukraine/events/u-hersonskiy-oblasti-znishcheno-vorozhi-skladi-ta-komandni-punkti-novini-ukrajini-50265081.html,AMMUNITION_ARSENAL,склади боєприпас,знищ,706448,Kherson,Kherson,Khersons'ka,32.614962,46.640319,REVIEW,REVIEW_NAME_ONLY_RU_SUPPORT,,,Kherson,a_ukr_init_b,,a_ukr_b,0,a_rus_init_b,,a_rus_b,0,ЗСУ,,У Херсонській області ЗСУ знищили ворожі склади боєприпасів та командні пункти — ОК Південь,REVIEW_LOCATION_AMBIGUOUS,REVIEW_NAME_ONLY_RU_SUPPORT,FALSE,UKRAINE_OCCUPIED_OTHER,OCCUPIED_UA_TEXT,EVENT_FORM_UNRESOLVED,NO_DECISIVE_EVENT_FORM_CUE,,P5_OCCUPIED_UA_OTHER,TRUE,,UNIQUE_EXACT_REPORT_LEVEL,197329,NO_EXACT_REPORT_DUPLICATE,PENDING
77755,20220823,1,81260,liveuamap,https://twitter.com/kava240222/status/1561552740412792833,AMMUNITION_ARSENAL,складі боєприпас,вибух,696010,Putilovka,Donets'k,Donets'ka,37.78198,48.05123,REVIEW,REVIEW_NAME_ONLY_RU_SUPPORT,,,Putilovka,a_ukr_init_b,,a_ukr_b,0,a_rus_init_b,,a_rus_b,0,,,У Донецьку на складі боєприпасів сталися вибухи,REVIEW_LOCATION_AMBIGUOUS,REVIEW_NAME_ONLY_RU_SUPPORT,FALSE,UKRAINE_OCCUPIED_OTHER,OCCUPIED_UA_TEXT,EVENT_FORM_UNRESOLVED,NO_DECISIVE_EVENT_FORM_CUE,EXACT2022-0056,P5_OCCUPIED_UA_OTHER,TRUE,EXACT2022-0056,CANONICAL,77755,EXACT_SOURCE_URL_AND_REPRESENTATIVE_TEXT,PENDING
37712,20220824,1,81406,liveuamap,https://twitter.com/herooftheday10/status/1562194408828973057,AMMUNITION_ARSENAL,склад боєприпас,вибух,691469,Tokmak,Zaporizhzhya,Tokmats'kyi,35.71381,47.28528,REVIEW,REVIEW_NAME_ONLY_RU_SUPPORT,,,Tokmak,a_ukr_init_b,,a_ukr_b,0,a_rus_init_b,,a_rus_b,0,,,У Токмаку Запорізької області вибухнув склад боєприпасів,REVIEW_LOCATION_AMBIGUOUS,REVIEW_NAME_ONLY_RU_SUPPORT,FALSE,UNKNOWN,NO_DECISIVE_SCOPE_TEXT,EVENT_FORM_UNRESOLVED,NO_DECISIVE_EVENT_FORM_CUE,EXACT2022-0057,P6_SCOPE_UNKNOWN,TRUE,EXACT2022-0057,CANONICAL,37712,EXACT_SOURCE_URL_AND_REPRESENTATIVE_TEXT,PENDING
37860,20220824,1,186965,nv,https://nv.ua/ukr/ukraine/events/sklad-z-boyepripasami-okupantiv-znishcheno-u-tokmaku-novini-ukrajini-50265208.html,AMMUNITION_ARSENAL,склад із боєприпас,знищ,691469,Tokmak,Zaporizhzhya,Tokmats'kyi,35.709191,47.255103,REVIEW,REVIEW_NAME_ONLY_RU_SUPPORT,,,Tokmak,a_ukr_init_b,,a_ukr_b,0,a_rus_init_b,,a_rus_b,0,,,В окупованому місті Токмак знищили ворожий склад із боєприпасами — відео,REVIEW_LOCATION_AMBIGUOUS,REVIEW_NAME_ONLY_RU_SUPPORT,FALSE,UNKNOWN,NO_DECISIVE_SCOPE_TEXT,EVENT_FORM_UNRESOLVED,NO_DECISIVE_EVENT_FORM_CUE,,P6_SCOPE_UNKNOWN,TRUE,,UNIQUE_EXACT_REPORT_LEVEL,37860,NO_EXACT_REPORT_DUPLICATE,PENDING
197374,20220826,1,1668004,pravdaua,https://www.pravda.com.ua/news/2022/08/26/7364831/,AMMUNITION_ARSENAL,склад боєприпас,знищ,706448,Kherson,Kherson,Khersons'ka,32.614962,46.640319,REVIEW,REVIEW_NAME_ONLY_RU_SUPPORT,,,Kherson,a_ukr_init_b,,a_ukr_b,1,a_rus_init_b,,a_rus_b,0,ЗСУ,,"ОК """"Південь"""": ЗСУ знищили вузол зв'язку росіян на Херсонщині. ЗСУ знищили ворожий вузол зв’язку 98-го парашутно-десантного полку в Дудчанах та склад боєприпасів в Нововоскресенському (Херсонська область).",REVIEW_LOCATION_AMBIGUOUS,REVIEW_NAME_ONLY_RU_SUPPORT,FALSE,UKRAINE_OCCUPIED_OTHER,OCCUPIED_UA_TEXT,EVENT_FORM_UNRESOLVED,NO_DECISIVE_EVENT_FORM_CUE,,P5_OCCUPIED_UA_OTHER,TRUE,,UNIQUE_EXACT_REPORT_LEVEL,197374,NO_EXACT_REPORT_DUPLICATE,PENDING
54187,20220826,12,187127,nv,https://nv.ua/ukr/ukraine/events/rf-vivodit-svoji-viyskovi-litaki-z-krimu-novini-ukrajini-50265856.html,STRATEGIC_AIRBASE,авіабаз,удар,693805,Simferopol,Crimea,Simferopol's'ka,34.0994127132379,44.9536335,REVIEW,REVIEW_DISPUTED_CRIMEA,,,,a_ukr_init_b,,a_ukr_b,0,a_rus_init_b,,a_rus_b,0,,,Після ударів по авіабазах: ЗС РФ вирішили вивести свої літаки з Криму — Business Insider,REVIEW_LOCATION_AMBIGUOUS,REVIEW_DISPUTED_CRIMEA,FALSE,CRIMEA_SEVASTOPOL,CRIMEA_TEXT,EVENT_FORM_UNRESOLVED,NO_DECISIVE_EVENT_FORM_CUE,,P4_CRIMEA,TRUE,,UNIQUE_EXACT_REPORT_LEVEL,54187,NO_EXACT_REPORT_DUPLICATE,PENDING
125485,20220828,6,158327,ntv,https://www.ntv.ru/novosti/2721181/,DEFENSE_INDUSTRY,"военная операция России Взрывы, гремящие в Мариуполе, свидетельствуют о возвращении к мирной жизни. В городе идет разминирование завод",Взрыв,701822,Mariupol,Donets'k,Mariupol's'ka,37.54144,47.096703,REVIEW,REVIEW_NAME_ONLY_RU_SUPPORT,,,Mariupol,a_ukr_init_b,,a_ukr_b,0,a_rus_init_b,,a_rus_b,0,ВСУ|украин,,"В Мариуполе саперы разминируют территорию завода «Азовмаш» — Специальная военная операция России Взрывы, гремящие в Мариуполе, свидетельствуют о возвращении к мирной жизни. В городе идет разминирование завода «Азовмаш», который украинские силовики, как и предприятие «Азовсталь», превратили в мощный укрепрайон. Перед сдачей в плен ВСУ и нацбатальонов заминировали десятки гектаров огромного предприятия.",REVIEW_LOCATION_AMBIGUOUS,REVIEW_NAME_ONLY_RU_SUPPORT,FALSE,UKRAINE_OCCUPIED_OTHER,OCCUPIED_UA_TEXT,EVENT_FORM_UNRESOLVED,NO_DECISIVE_EVENT_FORM_CUE,EXACT2022-0059,P5_OCCUPIED_UA_OTHER,TRUE,EXACT2022-0059,CANONICAL,125485,EXACT_SOURCE_URL_AND_REPRESENTATIVE_TEXT,PENDING
54243,20220829,1,1642857,liga,https://news.liga.net/politics/news/eto-vse-domoroschennoe-ukraina-ne-uvedomlyala-ssha-zaranee-ob-udare-po-aerodromu-v-krymu,STRATEGIC_AIRBASE,аэродром,удар,693805,Simferopol,Crimea,Simferopol's'ka,34.0994127132379,44.9536335,REVIEW,REVIEW_DISPUTED_CRIMEA,,,,a_ukr_init_b,,a_ukr_b,1,a_rus_init_b,,a_rus_b,0,Украин,,"""""Это доморощенное"""". Украина не уведомляла США заранее об ударе по аэродрому в Крыму — NYT",REVIEW_LOCATION_AMBIGUOUS,REVIEW_DISPUTED_CRIMEA,FALSE,CRIMEA_SEVASTOPOL,CRIMEA_TEXT,EVENT_FORM_UNRESOLVED,NO_DECISIVE_EVENT_FORM_CUE,,P4_CRIMEA,TRUE,,UNIQUE_EXACT_REPORT_LEVEL,54243,NO_EXACT_REPORT_DUPLICATE,PENDING
197442,20220830,28,25710,24tvua,https://24tv.ua/okupovanomu-tavriysku-mozhe-detonuvati-sklad-rosiyskih-boyepripasiv_n2147449,AMMUNITION_ARSENAL,склад російських боєприпас,вибух,706448,Kherson,Kherson,Khersons'ka,32.614962,46.640319,REVIEW,REVIEW_NAME_ONLY_RU_SUPPORT,,,Kherson,a_ukr_init_b,,a_ukr_b,0,a_rus_init_b,,a_rus_b,0,,,"В окупованому Таврійську може детонувати склад російських боєприпасів, вибухи чули й у Херсоні",REVIEW_LOCATION_AMBIGUOUS,REVIEW_NAME_ONLY_RU_SUPPORT,FALSE,UKRAINE_OCCUPIED_OTHER,OCCUPIED_UA_TEXT,EVENT_FORM_UNRESOLVED,NO_DECISIVE_EVENT_FORM_CUE,,P5_OCCUPIED_UA_OTHER,TRUE,,UNIQUE_EXACT_REPORT_LEVEL,197442,NO_EXACT_REPORT_DUPLICATE,PENDING
197453,20220830,1,82573,liveuamap,https://twitter.com/hochu_dodomu/status/1564172233572061186,AMMUNITION_ARSENAL,складі боєприпас,Вибух,706448,Kherson,Kherson,Khersons'ka,32.614962,46.640319,REVIEW,REVIEW_NAME_ONLY_RU_SUPPORT,,,Kherson,a_ukr_init_b,,a_ukr_b,0,a_rus_init_b,,a_rus_b,0,,,Вибухи на складі боєприпасів у Гаврилівці Бериславського району Херсонської області,REVIEW_LOCATION_AMBIGUOUS,REVIEW_NAME_ONLY_RU_SUPPORT,FALSE,UKRAINE_OCCUPIED_OTHER,OCCUPIED_UA_TEXT,EVENT_FORM_UNRESOLVED,NO_DECISIVE_EVENT_FORM_CUE,EXACT2022-0060,P5_OCCUPIED_UA_OTHER,TRUE,EXACT2022-0060,CANONICAL,197453,EXACT_SOURCE_URL_AND_REPRESENTATIVE_TEXT,PENDING
54258,20220830,1,1523396,nv,https://nv.ua/ukr/ukraine/events/vibuhi-prolunati-poblizu-aerodromu-kirovske-v-okupovanomu-krimu-30-serpnya-shcho-vidomo-50446956.html,STRATEGIC_AIRBASE,аеродром,вибух,693805,Simferopol,Crimea,Simferopol's'ka,34.0994127132379,44.9536335,REVIEW,REVIEW_DISPUTED_CRIMEA,,,,a_ukr_init_b,,a_ukr_b,1,a_rus_init_b,,a_rus_b,0,,,У тимчасово окупованому Криму пролунали вибухи біля аеродрому Кіровське,REVIEW_LOCATION_AMBIGUOUS,REVIEW_DISPUTED_CRIMEA,FALSE,CRIMEA_SEVASTOPOL,CRIMEA_TEXT,EVENT_FORM_UNRESOLVED,NO_DECISIVE_EVENT_FORM_CUE,,P4_CRIMEA,TRUE,,UNIQUE_EXACT_REPORT_LEVEL,54258,NO_EXACT_REPORT_DUPLICATE,PENDING
54269,20220831,12,187417,nv,https://nv.ua/ukr/ukraine/events/u-krimu-spalahnula-pozhezha-bilya-naftobazi-video-novini-ukrajini-50266779.html,FUEL_STORAGE_TERMINAL,нафтобаз,пожеж,693805,Simferopol,Crimea,Simferopol's'ka,34.0994127132379,44.9536335,REVIEW,REVIEW_DISPUTED_CRIMEA,,,,a_ukr_init_b,,a_ukr_b,0,a_rus_init_b,,a_rus_b,0,,,У соцмережах повідомили про масштабну пожежу в районі нафтобази в окупованому Криму — відео,REVIEW_LOCATION_AMBIGUOUS,REVIEW_DISPUTED_CRIMEA,FALSE,CRIMEA_SEVASTOPOL,CRIMEA_TEXT,EVENT_FORM_UNRESOLVED,NO_DECISIVE_EVENT_FORM_CUE,,P4_CRIMEA,TRUE,,UNIQUE_EXACT_REPORT_LEVEL,54269,NO_EXACT_REPORT_DUPLICATE,PENDING
54272,20220831,2,1668260,pravdaua,https://www.pravda.com.ua/news/2022/08/31/7365468/,FUEL_STORAGE_TERMINAL,нафтобаз,пожеж,693805,Simferopol,Crimea,Simferopol's'ka,34.0994127132379,44.9536335,REVIEW,REVIEW_DISPUTED_CRIMEA,,,,a_ukr_init_b,,a_ukr_b,0,a_rus_init_b,,a_rus_b,0,,,"В окупованому Криму спалахнула пожежа. У соцмережах публікують відео пожежі в тимчасово окупованому Криму, зазначається, що горіти може нафтобаза, або великі магазини біля неї.",REVIEW_LOCATION_AMBIGUOUS,REVIEW_DISPUTED_CRIMEA,FALSE,CRIMEA_SEVASTOPOL,CRIMEA_TEXT,EVENT_FORM_UNRESOLVED,NO_DECISIVE_EVENT_FORM_CUE,,P4_CRIMEA,TRUE,,UNIQUE_EXACT_REPORT_LEVEL,54272,NO_EXACT_REPORT_DUPLICATE,PENDING
54279,20220831,1,145998,militarnyy,https://mil.in.ua/uk/news/v-okupovanomu-krymu-velyka-pozhezha/,FUEL_STORAGE_TERMINAL,нафтобаз,пожеж,693805,Simferopol,Crimea,Simferopol's'ka,34.0994127132379,44.9536335,REVIEW,REVIEW_DISPUTED_CRIMEA,,,,a_ukr_init_b,,a_ukr_b,1,a_rus_init_b,,a_rus_b,0,,,В окупованому Криму велика пожежа. В тимчасово окупованому росіянами Криму спалахнула пожежа на нафтобазі або горить великий магазин біля неї. Повідомлення про подію з’явилися у м...,REVIEW_LOCATION_AMBIGUOUS,REVIEW_DISPUTED_CRIMEA,FALSE,CRIMEA_SEVASTOPOL,CRIMEA_TEXT,EVENT_FORM_UNRESOLVED,NO_DECISIVE_EVENT_FORM_CUE,,P4_CRIMEA,TRUE,,UNIQUE_EXACT_REPORT_LEVEL,54279,NO_EXACT_REPORT_DUPLICATE,PENDING
18052,20220902,1,1627458,meduza,https://t.me/romanov_92/26765,FUEL_STORAGE_TERMINAL,нефтебаз,Пожар|ракет|удар,688236,Yekaterinovka,Dnipropetrovs'k,KryvyiRig,33.449116,47.877516,REVIEW,REVIEW_NAME_ONLY_RU_SUPPORT,,,Yekaterinovka,a_ukr_init_b,,a_ukr_b,0,a_rus_init_b,,a_rus_b,1,,,"Пожар на нефтебазе «Октан» в Кривом Роге, по которой ВКС России нанесли ракетный удар..",REVIEW_LOCATION_AMBIGUOUS,REVIEW_NAME_ONLY_RU_SUPPORT,FALSE,UNKNOWN,NO_DECISIVE_SCOPE_TEXT,EVENT_FORM_UNRESOLVED,NO_DECISIVE_EVENT_FORM_CUE,,P6_SCOPE_UNKNOWN,TRUE,,UNIQUE_EXACT_REPORT_LEVEL,18052,NO_EXACT_REPORT_DUPLICATE,PENDING
197528,20220902,1,1627474,meduza,https://t.me/romanov_92/26788,MILITARY_COMMS_SPACE,Спутниковый снимок последствий ударов ВС Украины по Дарьевскому  мосту через реку Ингулец. Херсонская область. Мост связ,удар,706448,Kherson,Kherson,Khersons'ka,32.614962,46.640319,REVIEW,REVIEW_NAME_ONLY_RU_SUPPORT,,,Kherson,a_ukr_init_b,,a_ukr_b,0,a_rus_init_b,,a_rus_b,0,Украин,,Спутниковый снимок последствий ударов ВС Украины по Дарьевскому  мосту через реку Ингулец. Херсонская область. Мост связыаает Херсон с северными районами области..,REVIEW_LOCATION_AMBIGUOUS,REVIEW_NAME_ONLY_RU_SUPPORT,FALSE,UKRAINE_OCCUPIED_OTHER,OCCUPIED_UA_TEXT,FOLLOWUP_OR_AFTERMATH,FOLLOWUP_CUE_NO_FRESH_VERB,,P5_OCCUPIED_UA_OTHER,TRUE,,UNIQUE_EXACT_REPORT_LEVEL,197528,NO_EXACT_REPORT_DUPLICATE,PENDING
197534,20220902,1,1642948,liga,https://news.liga.net/politics/news/yug-vsu-unichtojili-pyat-skladov-boepripasov-pod-hersonom-i-perepravu-svodka,AMMUNITION_ARSENAL,складов боеприпас,уничтож,706448,Kherson,Kherson,Khersons'ka,32.614962,46.640319,REVIEW,REVIEW_NAME_ONLY_RU_SUPPORT,,,Kherson,a_ukr_init_b,,a_ukr_b,1,a_rus_init_b,,a_rus_b,0,ВСУ,,Юг. ВСУ уничтожили пять складов боеприпасов под Херсоном и переправу – сводка,REVIEW_LOCATION_AMBIGUOUS,REVIEW_NAME_ONLY_RU_SUPPORT,FALSE,UKRAINE_OCCUPIED_OTHER,OCCUPIED_UA_TEXT,EVENT_FORM_UNRESOLVED,NO_DECISIVE_EVENT_FORM_CUE,,P5_OCCUPIED_UA_OTHER,TRUE,,UNIQUE_EXACT_REPORT_LEVEL,197534,NO_EXACT_REPORT_DUPLICATE,PENDING
197535,20220902,2,1668376,pravdaua,https://www.pravda.com.ua/news/2022/09/2/7365759/,AMMUNITION_ARSENAL,складів і вдарили по переправі. ЗСУ на півдні знищили 5 російських складів боєприпас,безпілот|знищ,706448,Kherson,Kherson,Khersons'ka,32.614962,46.640319,REVIEW,REVIEW_NAME_ONLY_RU_SUPPORT,,,Kherson,a_ukr_init_b,,a_ukr_b,1,a_rus_init_b,,a_rus_b,0,ЗСУ,,"ОК """"Південь"""": ЗСУ знищили п'ять російських складів і вдарили по переправі. ЗСУ на півдні знищили 5 російських складів боєприпасів в Баштанському, Бериславському та Херсонському районах, також уражені пункт управління безпілотниками в районі Правдиного та поромна переправа біля Козацького.",REVIEW_LOCATION_AMBIGUOUS,REVIEW_NAME_ONLY_RU_SUPPORT,FALSE,UKRAINE_OCCUPIED_OTHER,OCCUPIED_UA_TEXT,FRESH_ATTACK_WORDING,FRESH_ATTACK_CUE,,P5_OCCUPIED_UA_OTHER,TRUE,,UNIQUE_EXACT_REPORT_LEVEL,197535,NO_EXACT_REPORT_DUPLICATE,PENDING
197536,20220902,1,40603,interfaxua,https://interfax.com.ua/news/general/856204.html,AMMUNITION_ARSENAL,склад боєприпас,Удар|знищ,706448,Kherson,Kherson,Khersons'ka,32.614962,46.640319,REVIEW,REVIEW_NAME_ONLY_RU_SUPPORT,,,Kherson,a_ukr_init_b,,a_ukr_b,1,a_rus_init_b,,a_rus_b,0,ЗСУ,,"Ударами по Херсону та Енергодару знищено роту окупантів, їх артсистеми та склад боєприпасів – Генштаб ЗСУ",REVIEW_LOCATION_AMBIGUOUS,REVIEW_NAME_ONLY_RU_SUPPORT,FALSE,UKRAINE_OCCUPIED_OTHER,OCCUPIED_UA_TEXT,EVENT_FORM_UNRESOLVED,NO_DECISIVE_EVENT_FORM_CUE,,P5_OCCUPIED_UA_OTHER,TRUE,,UNIQUE_EXACT_REPORT_LEVEL,197536,NO_EXACT_REPORT_DUPLICATE,PENDING
37876,20220903,1,1769390,liveuamap,https://t.me/info_zp/14808,AMMUNITION_ARSENAL,складі боєприпас,Вибух,691469,Tokmak,Zaporizhzhya,Tokmats'kyi,35.709191,47.255103,REVIEW,REVIEW_NAME_ONLY_RU_SUPPORT,,,Tokmak,a_ukr_init_b,,a_ukr_b,0,a_rus_init_b,,a_rus_b,0,,,Вибухи на складі боєприпасів у Токмаку,REVIEW_LOCATION_AMBIGUOUS,REVIEW_NAME_ONLY_RU_SUPPORT,FALSE,UNKNOWN,NO_DECISIVE_SCOPE_TEXT,EVENT_FORM_UNRESOLVED,NO_DECISIVE_EVENT_FORM_CUE,EXACT2022-0061,P6_SCOPE_UNKNOWN,TRUE,EXACT2022-0061,CANONICAL,37876,EXACT_SOURCE_URL_AND_REPRESENTATIVE_TEXT,PENDING
197568,20220904,1,187728,nv,https://nv.ua/ukr/ukraine/events/u-hersoni-lunayut-vibuhi-poperedno-vidomo-pro-sklad-rosiyskih-boyepripasiv-50267727.html,AMMUNITION_ARSENAL,склад російських боєприпас,вибух,706448,Kherson,Kherson,Khersons'ka,32.614962,46.640319,REVIEW,REVIEW_NAME_ONLY_RU_SUPPORT,,,Kherson,a_ukr_init_b,,a_ukr_b,0,a_rus_init_b,,a_rus_b,0,,,Ще одна власність Сальдо. У Херсоні вибухнув склад російських боєприпасів — мер Олешків,REVIEW_LOCATION_AMBIGUOUS,REVIEW_NAME_ONLY_RU_SUPPORT,FALSE,UKRAINE_OCCUPIED_OTHER,OCCUPIED_UA_TEXT,EVENT_FORM_UNRESOLVED,NO_DECISIVE_EVENT_FORM_CUE,,P5_OCCUPIED_UA_OTHER,TRUE,,UNIQUE_EXACT_REPORT_LEVEL,197568,NO_EXACT_REPORT_DUPLICATE,PENDING
197572,20220904,1,26113,24tvua,https://24tv.ua/hersoni-vibuhnuv-sklad-rosiyskih-boyepripasiv_n2150628,AMMUNITION_ARSENAL,склад російських боєприпас,вибух,706448,Kherson,Kherson,Khersons'ka,32.614962,46.640319,REVIEW,REVIEW_NAME_ONLY_RU_SUPPORT,,,Kherson,a_ukr_init_b,,a_ukr_b,0,a_rus_init_b,,a_rus_b,0,,,"Власність сальдо: у Херсоні вибухнув склад російських боєприпасів, — мер Олешок",REVIEW_LOCATION_AMBIGUOUS,REVIEW_NAME_ONLY_RU_SUPPORT,FALSE,UKRAINE_OCCUPIED_OTHER,OCCUPIED_UA_TEXT,EVENT_FORM_UNRESOLVED,NO_DECISIVE_EVENT_FORM_CUE,,P5_OCCUPIED_UA_OTHER,TRUE,,UNIQUE_EXACT_REPORT_LEVEL,197572,NO_EXACT_REPORT_DUPLICATE,PENDING
197592,20220905,1,1769744,liveuamap,https://t.me/operativnoZSU/39825,AMMUNITION_ARSENAL,склад боєприпас,вибух,706448,Kherson,Kherson,Khersons'ka,32.614962,46.640319,REVIEW,REVIEW_NAME_ONLY_RU_SUPPORT,,,Kherson,a_ukr_init_b,,a_ukr_b,0,a_rus_init_b,,a_rus_b,0,,,У Томиній Балці Херсонської області вибухнув склад боєприпасів,REVIEW_LOCATION_AMBIGUOUS,REVIEW_NAME_ONLY_RU_SUPPORT,FALSE,UKRAINE_OCCUPIED_OTHER,OCCUPIED_UA_TEXT,EVENT_FORM_UNRESOLVED,NO_DECISIVE_EVENT_FORM_CUE,EXACT2022-0062,P5_OCCUPIED_UA_OTHER,TRUE,EXACT2022-0062,CANONICAL,197592,EXACT_SOURCE_URL_AND_REPRESENTATIVE_TEXT,PENDING
268155,20220905,1,40706,interfaxua,https://interfax.com.ua/news/general/856720.html,FUEL_STORAGE_TERMINAL,нафтобаз,пожеж,711503,Bazhanovo,Dnipropetrovs'k,KryvyiRig,33.442688,47.945498,REVIEW,REVIEW_NAME_ONLY_RU_SUPPORT,,,Bazhanovo,a_ukr_init_b,,a_ukr_b,0,a_rus_init_b,,a_rus_b,0,,,"Окупанти влучили в нафтобазу в Карпівській ОТГ Криворізького району, почалася сильна пожежа",REVIEW_LOCATION_AMBIGUOUS,REVIEW_NAME_ONLY_RU_SUPPORT,FALSE,UNKNOWN,NO_DECISIVE_SCOPE_TEXT,FRESH_ATTACK_WORDING,FRESH_ATTACK_CUE,,P6_SCOPE_UNKNOWN,TRUE,,UNIQUE_EXACT_REPORT_LEVEL,268155,NO_EXACT_REPORT_DUPLICATE,PENDING
268162,20220906,2,1643023|1668527,liga|pravdaua,https://news.liga.net/region_news/news/rossiya-bet-raketami-po-krivomu-rogu-pochti-po-vsey-ukraine-zvuchit-vozdushnaya-trevoga|https://www.pravda.com.ua/news/2022/09/6/7366236/,FUEL_STORAGE_TERMINAL,нафтобаз|нефтебаз,пожеж|ракет|удар,711503,Bazhanovo,Dnipropetrovs'k,KryvyiRig,33.435996,47.961272,REVIEW,REVIEW_NAME_ONLY_RU_SUPPORT,,,Bazhanovo,a_ukr_init_b,,a_ukr_b,0,a_rus_init_b,,a_rus_b,1,,,"дополнено Россия ударила ракетами по Кривому Рогу: горит нефтебаза – фото, видео || Росіяни завдали ракетні удари по Кривому Рогу, знову горить нафтобаза. Близько 8-ї ранку 6 вересня російські війська вдарили ракетами по місту Кривий Ріг, через що сталася пожежа на нафтобазі – так само, як напередодні.",REVIEW_LOCATION_AMBIGUOUS,REVIEW_NAME_ONLY_RU_SUPPORT,FALSE,UNKNOWN,NO_DECISIVE_SCOPE_TEXT,FRESH_ATTACK_WORDING,FRESH_ATTACK_CUE,,P6_SCOPE_UNKNOWN,TRUE,,UNIQUE_EXACT_REPORT_LEVEL,268162,NO_EXACT_REPORT_DUPLICATE,PENDING
54360,20220907,13,146035,militarnyy,https://mil.in.ua/uk/news/aviabazy-rosiyi-u-krymu-urazhayut-ukrayinski-rakety-genshtab-zsu/,STRATEGIC_AIRBASE,Авіабаз,ракет|удар,693805,Simferopol,Crimea,Simferopol's'ka,34.0994127132379,44.9536335,REVIEW,REVIEW_DISPUTED_CRIMEA,,,,a_ukr_init_b,,a_ukr_b,0,a_rus_init_b,,a_rus_b,0,ЗСУ|Збройн|україн,твер,"Авіабази Росії у Криму уражають українські ракети – Генштаб ЗСУ. У Генштабі України підтвердили, що Збройні Сили завдали ракетних ударів по авіабазах Росії в окупованому Криму. Про це розповів Головнокомандува...",REVIEW_LOCATION_AMBIGUOUS,REVIEW_DISPUTED_CRIMEA,FALSE,CONFLICT_OR_COMPOSITE,CRIMEA_AND_RUSSIA_TEXT,EVENT_FORM_UNRESOLVED,NO_DECISIVE_EVENT_FORM_CUE,,P3_SCOPE_CONFLICT_COMPOSITE,TRUE,,UNIQUE_EXACT_REPORT_LEVEL,54360,NO_EXACT_REPORT_DUPLICATE,PENDING
54363,20220907,1,1643034,liga,https://news.liga.net/politics/news/generaly-priznali-vsu-nanesli-seriyu-raketnyh-udarov-po-aerodromam-v-krymu,STRATEGIC_AIRBASE,аэродром,ракет|удар,693805,Simferopol,Crimea,Simferopol's'ka,34.0994127132379,44.9536335,REVIEW,REVIEW_DISPUTED_CRIMEA,,,,a_ukr_init_b,,a_ukr_b,0,a_rus_init_b,,a_rus_b,0,ВСУ,,Генералы признали: ВСУ нанесли серию ракетных ударов по аэродромам в Крыму,REVIEW_LOCATION_AMBIGUOUS,REVIEW_DISPUTED_CRIMEA,FALSE,CRIMEA_SEVASTOPOL,CRIMEA_TEXT,EVENT_FORM_UNRESOLVED,NO_DECISIVE_EVENT_FORM_CUE,,P4_CRIMEA,TRUE,,UNIQUE_EXACT_REPORT_LEVEL,54363,NO_EXACT_REPORT_DUPLICATE,PENDING
54365,20220907,5,187922,nv,https://nv.ua/ukr/ukraine/events/zsu-viznali-shcho-zavdali-seriyu-raketnih-udariv-po-aerodromah-v-okupovanomu-krimu-50268433.html,STRATEGIC_AIRBASE,аеродром,ракет|удар,693805,Simferopol,Crimea,Simferopol's'ka,34.0994127132379,44.9536335,REVIEW,REVIEW_DISPUTED_CRIMEA,,,,a_ukr_init_b,,a_ukr_b,0,a_rus_init_b,,a_rus_b,0,ЗСУ,,"ЗСУ визнали, що завдали серію ракетних ударів по аеродромах в окупованому Криму",REVIEW_LOCATION_AMBIGUOUS,REVIEW_DISPUTED_CRIMEA,FALSE,CRIMEA_SEVASTOPOL,CRIMEA_TEXT,EVENT_FORM_UNRESOLVED,NO_DECISIVE_EVENT_FORM_CUE,,P4_CRIMEA,TRUE,,UNIQUE_EXACT_REPORT_LEVEL,54365,NO_EXACT_REPORT_DUPLICATE,PENDING
54372,20220907,1,329386,espreso,https://espreso.tv/zaluzhniy-pidtverdiv-raketni-udari-zsu-po-aviabazakh-u-krimu,STRATEGIC_AIRBASE,авіабаз,ракет|удар,693805,Simferopol,Crimea,Simferopol's'ka,34.0994127132379,44.9536335,REVIEW,REVIEW_DISPUTED_CRIMEA,,,,a_ukr_init_b,,a_ukr_b,0,a_rus_init_b,,a_rus_b,1,ЗСУ,твер,Залужний підтвердив ракетні удари ЗСУ по авіабазах у Криму,REVIEW_LOCATION_AMBIGUOUS,REVIEW_DISPUTED_CRIMEA,FALSE,CONFLICT_OR_COMPOSITE,CRIMEA_AND_RUSSIA_TEXT,EVENT_FORM_UNRESOLVED,NO_DECISIVE_EVENT_FORM_CUE,,P3_SCOPE_CONFLICT_COMPOSITE,TRUE,,UNIQUE_EXACT_REPORT_LEVEL,54372,NO_EXACT_REPORT_DUPLICATE,PENDING
104867,20220908,1,84160,liveuamap,https://t.me/lumsrc/2695,AMMUNITION_ARSENAL,складах боєприпас,удар,699681,Novo-Arkhangel'skoye,Kherson,Novovorontsovs'kyi,33.59769,47.33475,REVIEW,REVIEW_NAME_ONLY_RU_SUPPORT,,,Novo-Arkhangel'skoye,a_ukr_init_b,,a_ukr_b,0,a_rus_init_b,,a_rus_b,0,ЗСУ|Україн,,"Українська авіація завдала 27 авіаударів по російських базах, складах боєприпасів, командних пунктах і скупченнях військ і техніки, - йдеться в ранковому зведенні Генштабу ЗСУ.",REVIEW_LOCATION_AMBIGUOUS,REVIEW_NAME_ONLY_RU_SUPPORT,FALSE,UNKNOWN,NO_DECISIVE_SCOPE_TEXT,EVENT_FORM_UNRESOLVED,NO_DECISIVE_EVENT_FORM_CUE,EXACT2022-0063,P6_SCOPE_UNKNOWN,TRUE,EXACT2022-0063,CANONICAL,104867,EXACT_SOURCE_URL_AND_REPRESENTATIVE_TEXT,PENDING
54376,20220908,1,1770328,liveuamap,https://t.me/spravdi/16715,STRATEGIC_AIRBASE,авіабаз,вибух|ракет,693805,Simferopol,Crimea,Simferopol's'ka,34.0994127132379,44.9536335,REVIEW,REVIEW_DISPUTED_CRIMEA,,,,a_ukr_init_b,,a_ukr_b,0,a_rus_init_b,,a_rus_b,0,ЗСУ|україн,твер,"У спільній статті Головнокомандувача ЗСУ Валерія Залужного та першого заступника голови комітету з питань безпеки підтверджено, що за вибухами на авіабазі Саки в окупованому Криму стоять українські ракети.",REVIEW_LOCATION_AMBIGUOUS,REVIEW_DISPUTED_CRIMEA,FALSE,CONFLICT_OR_COMPOSITE,CRIMEA_AND_RUSSIA_TEXT,EVENT_FORM_UNRESOLVED,NO_DECISIVE_EVENT_FORM_CUE,EXACT2022-0064,P3_SCOPE_CONFLICT_COMPOSITE,TRUE,EXACT2022-0064,CANONICAL,54376,EXACT_SOURCE_URL_AND_REPRESENTATIVE_TEXT,PENDING
37714,20220909,1,84398,liveuamap,https://t.me/info_zp/15184,AMMUNITION_ARSENAL,склад боєприпас,вибух,691469,Tokmak,Zaporizhzhya,Tokmats'kyi,35.70823,47.2503,REVIEW,REVIEW_NAME_ONLY_RU_SUPPORT,,,Tokmak,a_ukr_init_b,,a_ukr_b,0,a_rus_init_b,,a_rus_b,1,,,У Токмаку Запорізької області вибухнув склад боєприпасів,REVIEW_LOCATION_AMBIGUOUS,REVIEW_NAME_ONLY_RU_SUPPORT,FALSE,UNKNOWN,NO_DECISIVE_SCOPE_TEXT,EVENT_FORM_UNRESOLVED,NO_DECISIVE_EVENT_FORM_CUE,EXACT2022-0065,P6_SCOPE_UNKNOWN,TRUE,EXACT2022-0065,CANONICAL,37714,EXACT_SOURCE_URL_AND_REPRESENTATIVE_TEXT,PENDING
37883,20220909,1,1770469,liveuamap,https://twitter.com/typicaldonetsk/status/1567925181917630467,AMMUNITION_ARSENAL,складі боєприпас,Пожеж,691469,Tokmak,Zaporizhzhya,Tokmats'kyi,35.709191,47.255103,REVIEW,REVIEW_NAME_ONLY_RU_SUPPORT,,,Tokmak,a_ukr_init_b,,a_ukr_b,0,a_rus_init_b,,a_rus_b,0,,,Пожежа на складі боєприпасів у Токмаку,REVIEW_LOCATION_AMBIGUOUS,REVIEW_NAME_ONLY_RU_SUPPORT,FALSE,UNKNOWN,NO_DECISIVE_SCOPE_TEXT,EVENT_FORM_UNRESOLVED,NO_DECISIVE_EVENT_FORM_CUE,EXACT2022-0066,P6_SCOPE_UNKNOWN,TRUE,EXACT2022-0066,CANONICAL,37883,EXACT_SOURCE_URL_AND_REPRESENTATIVE_TEXT,PENDING
222625,20220910,1,1627605,meduza,https://twitter.com/bayraktar_1love/status/1568878637415559169,AMMUNITION_ARSENAL,"складу боеприпасов) в районе завода «Чумак» в Каховке (Херсонская область). Сообщается, что детонация боеприпас",удар,707244,Kakhovka,Kherson,Beryslavs'kyi,33.471696,46.797415,REVIEW,REVIEW_NAME_ONLY_RU_SUPPORT,,,Kakhovka,a_ukr_init_b,,a_ukr_b,1,a_rus_init_b,,a_rus_b,0,,твер,"Ночной удар (как утверждается - по крупному российскому складу боеприпасов) в районе завода «Чумак» в Каховке (Херсонская область). Сообщается, что детонация боеприпасов продолжалась около 5 часов.",REVIEW_LOCATION_AMBIGUOUS,REVIEW_NAME_ONLY_RU_SUPPORT,FALSE,CONFLICT_OR_COMPOSITE,OCCUPIED_UA_AND_RUSSIA_TEXT,EVENT_FORM_UNRESOLVED,NO_DECISIVE_EVENT_FORM_CUE,,P3_SCOPE_CONFLICT_COMPOSITE,TRUE,,UNIQUE_EXACT_REPORT_LEVEL,222625,NO_EXACT_REPORT_DUPLICATE,PENDING
197690,20220911,2,146086,militarnyy,https://mil.in.ua/uk/news/u-kahovtsi-pivdnya-deto1nuye-sklad/,AMMUNITION_ARSENAL,склад із боєприпасами РФ. У тимчасово окупованій Каховці у Херсонській області знищили склад боєприпас,знищ,706448,Kherson,Kherson,Khersons'ka,32.614962,46.640319,REVIEW,REVIEW_NAME_ONLY_RU_SUPPORT,,,Kherson,a_ukr_init_b,,a_ukr_b,0,a_rus_init_b,,a_rus_b,0,,,"У Каховці пів дня детонує склад із боєприпасами РФ. У тимчасово окупованій Каховці у Херсонській області знищили склад боєприпасів. Місцеві мешканці повідомляють про детонацію, яка триває багато г...",REVIEW_LOCATION_AMBIGUOUS,REVIEW_NAME_ONLY_RU_SUPPORT,FALSE,UKRAINE_OCCUPIED_OTHER,OCCUPIED_UA_TEXT,EVENT_FORM_UNRESOLVED,NO_DECISIVE_EVENT_FORM_CUE,EXACT2022-0067,P5_OCCUPIED_UA_OTHER,TRUE,EXACT2022-0067,CANONICAL,197690,EXACT_SOURCE_URL_AND_REPRESENTATIVE_TEXT,PENDING
297831,20220911,1,84699,liveuamap,https://t.me/lumsrc/2735,AMMUNITION_ARSENAL,складах боєприпас,удар,713402,Andreyevskiye,Kherson,Velykooleksandrivs'kyi,33.21167,47.13649,REVIEW,REVIEW_NAME_ONLY_RU_SUPPORT,,,Andreyevskiye,a_ukr_init_b,,a_ukr_b,0,a_rus_init_b,,a_rus_b,0,ЗСУ|Україн,,"Українська авіація завдала 33 авіаудари по російських складах боєприпасів, техніці та пунктах збору військ, - йдеться в ранковому зведенні Генштабу ЗСУ",REVIEW_LOCATION_AMBIGUOUS,REVIEW_NAME_ONLY_RU_SUPPORT,FALSE,UNKNOWN,NO_DECISIVE_SCOPE_TEXT,EVENT_FORM_UNRESOLVED,NO_DECISIVE_EVENT_FORM_CUE,,P6_SCOPE_UNKNOWN,TRUE,,UNIQUE_EXACT_REPORT_LEVEL,297831,NO_EXACT_REPORT_DUPLICATE,PENDING
54424,20220912,2,497625,militarnyy,https://mil.in.ua/uk/news/u-ssha-vymagayut-rozsliduvaty-vidklyuchennya-starlink-bilya-krymu/,MILITARY_COMMS_SPACE,супутникового зв,атак,693805,Simferopol,Crimea,Simferopol's'ka,34.0994127132379,44.9536335,REVIEW,REVIEW_DISPUTED_CRIMEA,,,,a_ukr_init_b,,a_ukr_b,0,a_rus_init_b,,a_rus_b,0,,,"У США вимагають розслідувати відключення Starlink біля Криму. Конгрес Сполучених Штатів має провести розслідування щодо обставин відключення супутникового зв’язку Starlink біля Криму, через яке зірвалася атака...",REVIEW_LOCATION_AMBIGUOUS,REVIEW_DISPUTED_CRIMEA,FALSE,CRIMEA_SEVASTOPOL,CRIMEA_TEXT,FOLLOWUP_OR_AFTERMATH,FOLLOWUP_CUE_NO_FRESH_VERB,,P4_CRIMEA,TRUE,,UNIQUE_EXACT_REPORT_LEVEL,54424,NO_EXACT_REPORT_DUPLICATE,PENDING
62461,20220913,14,497627,militarnyy,https://mil.in.ua/uk/news/rosiya-vtratyla-dva-korablya-v-sevastopoli/,MILITARY_REPAIR_SHIPYARD,суднобуд,Ракет|удар,694423,Sevastopol,Sevastopol',Lenins'kyi,33.5229142,44.6010512,REVIEW,REVIEW_DISPUTED_CRIMEA,,,,a_ukr_init_b,,a_ukr_b,0,a_rus_init_b,,a_rus_b,0,,,Росія втратила два корабля в Севастополі. Ракетним ударом в Севастополі було уражено суднобудівний завод та два військові корабля. Про це повідомляє російське міністерство оборони. За...,REVIEW_LOCATION_AMBIGUOUS,REVIEW_DISPUTED_CRIMEA,FALSE,CRIMEA_SEVASTOPOL,CRIMEA_TEXT,EVENT_FORM_UNRESOLVED,NO_DECISIVE_EVENT_FORM_CUE,,P4_CRIMEA,TRUE,,UNIQUE_EXACT_REPORT_LEVEL,62461,NO_EXACT_REPORT_DUPLICATE,PENDING
54457,20220914,1,188396,nv,https://nv.ua/ukr/ukraine/events/na-aviabazi-rf-u-krimu-pribivayut-smartfoni-soldativ-cvyahami-do-stendu-foto-novini-ukrajini-50269934.html,STRATEGIC_AIRBASE,авіабаз,знищ|удар,693805,Simferopol,Crimea,Simferopol's'ka,34.0994127132379,44.9536335,REVIEW,REVIEW_DISPUTED_CRIMEA,,,,a_ukr_init_b,,a_ukr_b,0,a_rus_init_b,,a_rus_b,0,ЗСУ,,"Прибивають цвяхами до стенда: на авіабазі РФ у Криму знищують гаджети, щоб урятуватися від ударів ЗСУ — фото",REVIEW_LOCATION_AMBIGUOUS,REVIEW_DISPUTED_CRIMEA,FALSE,CRIMEA_SEVASTOPOL,CRIMEA_TEXT,EVENT_FORM_UNRESOLVED,NO_DECISIVE_EVENT_FORM_CUE,,P4_CRIMEA,TRUE,,UNIQUE_EXACT_REPORT_LEVEL,54457,NO_EXACT_REPORT_DUPLICATE,PENDING
62476,20220914,5,503813,militarnyy,https://mil.in.ua/uk/news/z-yavylosya-video-poshkodzhen-velykogo-desantnogo-korablya-mynsk/,MILITARY_REPAIR_SHIPYARD,суднобуд|сухого док,пошкодж,694423,Sevastopol,Sevastopol',Lenins'kyi,33.5229142,44.6010512,REVIEW,REVIEW_DISPUTED_CRIMEA,,,,a_ukr_init_b,,a_ukr_b,0,a_rus_init_b,,a_rus_b,0,,,"З’явилося відео пошкоджень великого десантного корабля “Минск”. З'явилися кадри з сухого доку суднобудівного заводу імені Орджонікідзе в Севастополі. Про це повідомляє """"Мілітарний"""" з посиланням на відео з соц...",REVIEW_LOCATION_AMBIGUOUS,REVIEW_DISPUTED_CRIMEA,FALSE,CRIMEA_SEVASTOPOL,CRIMEA_TEXT,EVENT_FORM_UNRESOLVED,NO_DECISIVE_EVENT_FORM_CUE,,P4_CRIMEA,TRUE,,UNIQUE_EXACT_REPORT_LEVEL,62476,NO_EXACT_REPORT_DUPLICATE,PENDING
125662,20220917,4,1572423,nv,https://nv.ua/ukr/ukraine/events/udar-po-skladah-rosiji-bilya-mariupolya-ukrajinski-viyskovi-mogli-vikoristati-raketi-neptun-50451648.html,AMMUNITION_ARSENAL,складів з боєприпас,знищ|ракет,701822,Mariupol,Donets'k,Mariupol's'ka,37.54144,47.096703,REVIEW,REVIEW_NAME_ONLY_RU_SUPPORT,,,Mariupol,a_ukr_init_b,,a_ukr_b,0,a_rus_init_b,,a_rus_b,0,Сили оборон,,Сили оборони могли використати ракету Нептун для знищення складів з боєприпасами росіян поблизу Маріуполя — Defence Express,REVIEW_LOCATION_AMBIGUOUS,REVIEW_NAME_ONLY_RU_SUPPORT,FALSE,UKRAINE_OCCUPIED_OTHER,OCCUPIED_UA_TEXT,EVENT_FORM_UNRESOLVED,NO_DECISIVE_EVENT_FORM_CUE,,P5_OCCUPIED_UA_OTHER,TRUE,,UNIQUE_EXACT_REPORT_LEVEL,125662,NO_EXACT_REPORT_DUPLICATE,PENDING
125663,20220917,1,1572384,militarnyy,https://mil.in.ua/uk/news/vms-ukrayiny-znyshhyly-rosijskyj-sklad-boyeprypasiv-mariupoli/,AMMUNITION_ARSENAL,склад боєприпасів біля Маріуполя. Військово-морські сили завдали ракетний удар по ворожому сховищу артилерійських боєприпас,знищ|ракет|удар,701822,Mariupol,Donets'k,Mariupol's'ka,37.54144,47.096703,REVIEW,REVIEW_NAME_ONLY_RU_SUPPORT,,,Mariupol,a_ukr_init_b,,a_ukr_b,0,a_rus_init_b,,a_rus_b,0,Україн,,"ВМС України знищили російський склад боєприпасів біля Маріуполя. Військово-морські сили завдали ракетний удар по ворожому сховищу артилерійських боєприпасів поблизу окупованого Маріуполя.  Новину оприлюднило Уп...",REVIEW_LOCATION_AMBIGUOUS,REVIEW_NAME_ONLY_RU_SUPPORT,FALSE,UKRAINE_OCCUPIED_OTHER,OCCUPIED_UA_TEXT,EVENT_FORM_UNRESOLVED,NO_DECISIVE_EVENT_FORM_CUE,,P5_OCCUPIED_UA_OTHER,TRUE,,UNIQUE_EXACT_REPORT_LEVEL,125663,NO_EXACT_REPORT_DUPLICATE,PENDING
125666,20220917,1,1572407,nv,https://nv.ua/ukr/ukraine/events/biyci-vms-ukrajini-znishchili-skladi-boyepripasiv-rosiyan-poblizu-mariupolya-50451584.html,AMMUNITION_ARSENAL,склади боєприпас,знищ,701822,Mariupol,Donets'k,Mariupol's'ka,37.54144,47.096703,REVIEW,REVIEW_NAME_ONLY_RU_SUPPORT,,,Mariupol,a_ukr_init_b,,a_ukr_b,0,a_rus_init_b,,a_rus_b,1,,,Бійці ВМС знищили склади боєприпасів росіян поблизу Маріуполя,REVIEW_LOCATION_AMBIGUOUS,REVIEW_NAME_ONLY_RU_SUPPORT,FALSE,UKRAINE_OCCUPIED_OTHER,OCCUPIED_UA_TEXT,EVENT_FORM_UNRESOLVED,NO_DECISIVE_EVENT_FORM_CUE,,P5_OCCUPIED_UA_OTHER,TRUE,,UNIQUE_EXACT_REPORT_LEVEL,125666,NO_EXACT_REPORT_DUPLICATE,PENDING
197847,20220919,1,1643306,liga,https://news.liga.net/politics/news/vsu-unichtojili-dva-sklada-boepripasov-armii-rossii-v-tom-chisle-v-hersone-svodka,AMMUNITION_ARSENAL,склада боеприпас,уничтож,706448,Kherson,Kherson,Khersons'ka,32.614962,46.640319,REVIEW,REVIEW_NAME_ONLY_RU_SUPPORT,,,Kherson,a_ukr_init_b,,a_ukr_b,1,a_rus_init_b,,a_rus_b,0,ВСУ,,"ВСУ уничтожили два склада боеприпасов армии России на юге, в том числе в Херсоне – сводка",REVIEW_LOCATION_AMBIGUOUS,REVIEW_NAME_ONLY_RU_SUPPORT,FALSE,UKRAINE_OCCUPIED_OTHER,OCCUPIED_UA_TEXT,EVENT_FORM_UNRESOLVED,NO_DECISIVE_EVENT_FORM_CUE,,P5_OCCUPIED_UA_OTHER,TRUE,,UNIQUE_EXACT_REPORT_LEVEL,197847,NO_EXACT_REPORT_DUPLICATE,PENDING
62490,20220920,1,524026,nv,https://nv.ua/ukr/ukraine/events/vibuhi-u-krimu-20-veresnya-buli-bilya-belbeka-i-kachi-pid-sevastopolem-prilit-u-viyskovu-chastinu-rf-50354785.html,STRATEGIC_AIRBASE,аеродром,вибух,694423,Sevastopol,Sevastopol',Lenins'kyi,33.5229142,44.6010512,REVIEW,REVIEW_DISPUTED_CRIMEA,,,,a_ukr_init_b,,a_ukr_b,0,a_rus_init_b,,a_rus_b,0,,,Біля аеродромів Бельбек і Кача чули вибухи. Під Севастополем приліт у військову частину — Telegram-канали,REVIEW_LOCATION_AMBIGUOUS,REVIEW_DISPUTED_CRIMEA,FALSE,CRIMEA_SEVASTOPOL,CRIMEA_TEXT,EVENT_FORM_UNRESOLVED,NO_DECISIVE_EVENT_FORM_CUE,,P4_CRIMEA,TRUE,,UNIQUE_EXACT_REPORT_LEVEL,62490,NO_EXACT_REPORT_DUPLICATE,PENDING
54527,20220921,13,527377,militarnyy,https://mil.in.ua/uk/news/zbrojni-syly-znyshhyly-ob-yekt-744-go-tsentru-zv-yazku-komanduvannya-chf-rf-u-krymu/,MILITARY_COMMS_SPACE,супутникові знімки ураженого 744-го Центру зв,знищ,693805,Simferopol,Crimea,Simferopol's'ka,34.0994127132379,44.9536335,REVIEW,REVIEW_DISPUTED_CRIMEA,,,,a_ukr_init_b,,a_ukr_b,0,a_rus_init_b,,a_rus_b,0,Збройн,,Збройні сили знищили об’єкт 744-го Центру зв’язку командування ЧФ РФ у Криму. З'явилися супутникові знімки ураженого 744-го Центру зв'язку командування ЧФ РФ біля селища Верхньосадове в окупованому Криму. Відповідні знімки...,REVIEW_LOCATION_AMBIGUOUS,REVIEW_DISPUTED_CRIMEA,FALSE,CRIMEA_SEVASTOPOL,CRIMEA_TEXT,FOLLOWUP_OR_AFTERMATH,FOLLOWUP_CUE_NO_FRESH_VERB,,P4_CRIMEA,TRUE,,UNIQUE_EXACT_REPORT_LEVEL,54527,NO_EXACT_REPORT_DUPLICATE,PENDING
54530,20220921,1,527402,nv,https://nv.ua/ukr/ukraine/events/ukrajina-vdarila-raketami-neptun-po-aerodromu-saki-v-krimu-seryozno-poshkodzheno-tehniku-okupantiv-dzherela-nv-50355006.html,STRATEGIC_AIRBASE,аеродром,пошкодж|ракет,693805,Simferopol,Crimea,Simferopol's'ka,34.0994127132379,44.9536335,REVIEW,REVIEW_DISPUTED_CRIMEA,,,,a_ukr_init_b,,a_ukr_b,0,a_rus_init_b,,a_rus_b,0,Україн,,"Україна вдарила ракетами Нептун по аеродрому Саки в Криму, серйозно пошкоджено техніку окупантів — джерела NV",REVIEW_LOCATION_AMBIGUOUS,REVIEW_DISPUTED_CRIMEA,FALSE,CRIMEA_SEVASTOPOL,CRIMEA_TEXT,FRESH_ATTACK_WORDING,FRESH_ATTACK_CUE,,P4_CRIMEA,TRUE,,UNIQUE_EXACT_REPORT_LEVEL,54530,NO_EXACT_REPORT_DUPLICATE,PENDING
54535,20220921,1,527375,militarnyy,https://mil.in.ua/uk/news/rakety-neptun-urazyly-aerodrom-saky-v-krymu-1/,STRATEGIC_AIRBASE,аеродром,Ракет|удар,693805,Simferopol,Crimea,Simferopol's'ka,34.0994127132379,44.9536335,REVIEW,REVIEW_DISPUTED_CRIMEA,,,,a_ukr_init_b,,a_ukr_b,0,a_rus_init_b,,a_rus_b,0,СБУ,,"Ракети “Нептун” уразили аеродром “Саки” в Криму. СБУ спільно із військово-морськими силами нанесли комбінований ракетний удар по військовому аеродрому """"Саки"""" в окупованому Криму. Про це повідом...",REVIEW_LOCATION_AMBIGUOUS,REVIEW_DISPUTED_CRIMEA,FALSE,CRIMEA_SEVASTOPOL,CRIMEA_TEXT,FRESH_ATTACK_WORDING,FRESH_ATTACK_CUE,,P4_CRIMEA,TRUE,,UNIQUE_EXACT_REPORT_LEVEL,54535,NO_EXACT_REPORT_DUPLICATE,PENDING
54544,20220921,1,527415,nv,https://nv.ua/ukr/lifestyle/udar-po-aerodromu-saki-21-veresnya-reakciya-miscevih-zhiteliv-video-novini-ukrajini-50355053.html,STRATEGIC_AIRBASE,аеродром,удар,693805,Simferopol,Crimea,Simferopol's'ka,34.0994127132379,44.9536335,REVIEW,REVIEW_DISPUTED_CRIMEA,,,,a_ukr_init_b,,a_ukr_b,0,a_rus_init_b,,a_rus_b,1,,,"«Ой, ти який красень!». З’явилися відео з реакціями жителів Криму на удар по військовому аеродрому Саки",REVIEW_LOCATION_AMBIGUOUS,REVIEW_DISPUTED_CRIMEA,FALSE,CRIMEA_SEVASTOPOL,CRIMEA_TEXT,EVENT_FORM_UNRESOLVED,NO_DECISIVE_EVENT_FORM_CUE,,P4_CRIMEA,TRUE,,UNIQUE_EXACT_REPORT_LEVEL,54544,NO_EXACT_REPORT_DUPLICATE,PENDING
300644,20220922,1,330062,espreso,https://espreso.tv/poshkodzhena-pidstantsiya-elektromerezha-ta-znishcheni-budinki-okupanti-prodovzhuyut-obstrilyuvati-sumshchinu,ENERGY_GRID_SUPPORT,підстанц,Пошкодж|знищ,805500,Voronyne,Sumy,Bilopils'kyi,34.123755,51.106236,REVIEW,REVIEW_COORDINATE_NEAR_RU,19.395,806795,Stantsiya Tetkino,a_ukr_init_b,,a_ukr_b,0,a_rus_init_b,,a_rus_b,0,,,"Пошкоджена підстанція, електромережа та знищені будинки: окупанти продовжують обстрілювати Сумщину",REVIEW_LOCATION_AMBIGUOUS,REVIEW_COORDINATE_NEAR_RU,FALSE,UNKNOWN,NO_DECISIVE_SCOPE_TEXT,EVENT_FORM_UNRESOLVED,NO_DECISIVE_EVENT_FORM_CUE,,P6_SCOPE_UNKNOWN,TRUE,,UNIQUE_EXACT_REPORT_LEVEL,300644,NO_EXACT_REPORT_DUPLICATE,PENDING
62508,20220923,11,533134|533135|533143,nv,https://nv.ua/ukr/ukraine/events/udar-po-sevastopolyu-vluchannya-moglo-buti-bilya-sudoremontnogo-zavodu-chornomorskogo-flotu-rf-50355591.html|https://nv.ua/ukr/ukraine/events/vibuhi-u-sevastopoli-u-misti-pidnimayetsya-stovp-dimu-meshkanci-chuli-zvuk-prolotu-raketi-foto-50355547.html,FUEL_STORAGE_TERMINAL|MILITARY_REPAIR_SHIPYARD,нафтобаз|судоремонт,Удар|вибух,694423,Sevastopol,Sevastopol',Lenins'kyi,33.5229142,44.6010512,REVIEW,REVIEW_DISPUTED_CRIMEA,,,,a_ukr_init_b,,a_ukr_b,0,a_rus_init_b,,a_rus_b,0,,,В Севастополі знову прогриміли вибухи біля нафтобази Чорноморського флоту РФ — фото || В Севастополі прогриміли вибухи біля нафтобази Чорноморського флоту РФ — фото || Удар по Севастополю: мешканці повідомили про влучання в районі судоремонтного заводу Чорноморського флоту РФ,REVIEW_LOCATION_AMBIGUOUS,REVIEW_DISPUTED_CRIMEA,FALSE,CRIMEA_SEVASTOPOL,CRIMEA_TEXT,FRESH_WITH_FOLLOWUP_WORDING,FRESH_AND_FOLLOWUP_CUES,,P4_CRIMEA,TRUE,,UNIQUE_EXACT_REPORT_LEVEL,62508,NO_EXACT_REPORT_DUPLICATE,PENDING
197931,20220925,13,41396,interfaxua,https://interfax.com.ua/news/general/860998.html,AMMUNITION_ARSENAL,склади боєприпас,знищ,706448,Kherson,Kherson,Khersons'ka,32.614962,46.640319,REVIEW,REVIEW_NAME_ONLY_RU_SUPPORT,,,Kherson,a_ukr_init_b,,a_ukr_b,0,a_rus_init_b,,a_rus_b,0,,,У Херсонській області знищено два склади боєприпасів і пункт управління військових РФ,REVIEW_LOCATION_AMBIGUOUS,REVIEW_NAME_ONLY_RU_SUPPORT,FALSE,UKRAINE_OCCUPIED_OTHER,OCCUPIED_UA_TEXT,EVENT_FORM_UNRESOLVED,NO_DECISIVE_EVENT_FORM_CUE,,P5_OCCUPIED_UA_OTHER,TRUE,,UNIQUE_EXACT_REPORT_LEVEL,197931,NO_EXACT_REPORT_DUPLICATE,PENDING
60832,20220930,3,556895|556898|556899,nv,https://nv.ua/ukr/ukraine/events/v-ivano-frankivskiy-oblasti-vibuhnuv-naftoprovid-video-novini-ukrajini-50357364.html|https://nv.ua/ukr/ukraine/events/vibuh-naftoprovodu-v-ivano-frankivskiy-oblasti-kilkist-postrazhdalih-zrosla-novini-ukrajini-50357392.html,PIPELINE_PUMPING,нафтопров,Вибух|вибух,694141,Shevchenkovo,Ivano-Frankivs'k,Halyts'kyi,24.700661,49.131719,REVIEW,REVIEW_NAME_ONLY_RU_SUPPORT,,,Shevchenkovo,a_ukr_init_b,,a_ukr_b,0,a_rus_init_b,,a_rus_b,0,,,"На Івано-Франківщині вибухнув нафтопровід — відео || Вибух нафтопроводу на Франківщині: кількість постраждалих зросла до дев’яти, двоє дітей отримали опіки понад 70% тіла || Вибух нафтопроводу на Франківщині: кількість постраждалих зросла до дев’яти, двоє дітей зазнали опіків понад 70% тіла",REVIEW_LOCATION_AMBIGUOUS,REVIEW_NAME_ONLY_RU_SUPPORT,FALSE,UNKNOWN,NO_DECISIVE_SCOPE_TEXT,EVENT_FORM_UNRESOLVED,NO_DECISIVE_EVENT_FORM_CUE,,P6_SCOPE_UNKNOWN,TRUE,,UNIQUE_EXACT_REPORT_LEVEL,60832,NO_EXACT_REPORT_DUPLICATE,PENDING
54649,20221001,1,1707738,unian,https://www.unian.ua/war/vibuhi-v-krimu-ekspert-rozkriv-prichini-pozhezhi-na-aerodromi-belbek-11997174.html,STRATEGIC_AIRBASE,аеродром,Вибух|пожеж,693805,Simferopol,Crimea,Simferopol's'ka,34.0994127132379,44.9536335,REVIEW,REVIEW_DISPUTED_CRIMEA,,,,a_ukr_init_b,,a_ukr_b,0,a_rus_init_b,,a_rus_b,0,,,Вибухи у Криму: експерт розкрив реальні причини пожежі на аеродромі Бельбек,REVIEW_LOCATION_AMBIGUOUS,REVIEW_DISPUTED_CRIMEA,FALSE,CRIMEA_SEVASTOPOL,CRIMEA_TEXT,EVENT_FORM_UNRESOLVED,NO_DECISIVE_EVENT_FORM_CUE,,P4_CRIMEA,TRUE,,UNIQUE_EXACT_REPORT_LEVEL,54649,NO_EXACT_REPORT_DUPLICATE,PENDING
54650,20221001,9,189249|189268,nv,https://nv.ua/ukr/ukraine/events/220-y-den-viyni-v-ukrajini-zsu-v-limani-rosiyani-rozstrilyali-kolonu-mashin-pid-kup-yanskom-50273889.html|https://nv.ua/ukr/ukraine/events/na-aerodromi-belbek-u-krimu-spalahnula-masshtabna-pozhezha-foto-video-novini-ukrajini-50273856.html,STRATEGIC_AIRBASE,аеродром,пожеж,693805,Simferopol,Crimea,Simferopol's'ka,34.0994127132379,44.9536335,REVIEW,REVIEW_DISPUTED_CRIMEA,,,,a_ukr_init_b,,a_ukr_b,0,a_rus_init_b,,a_rus_b,0,ЗСУ,,"В окупованому Криму спалахнула масштабна пожежа на аеродромі Бельбек || 220-й день війни — головне. ЗСУ звільнили Лиман, під Куп’янськом знайшли вбитих росіянами цивільних, у Криму сталась пожежа на аеродромі",REVIEW_LOCATION_AMBIGUOUS,REVIEW_DISPUTED_CRIMEA,FALSE,CRIMEA_SEVASTOPOL,CRIMEA_TEXT,EVENT_FORM_UNRESOLVED,NO_DECISIVE_EVENT_FORM_CUE,,P4_CRIMEA,TRUE,,UNIQUE_EXACT_REPORT_LEVEL,54650,NO_EXACT_REPORT_DUPLICATE,PENDING
54651,20221001,1,1643493,liga,https://news.liga.net/politics/news/na-voennom-aerodrome-belbek-v-krymu-vzryv-i-pojar-video,STRATEGIC_AIRBASE,аэродром,взрыв|пожар,693805,Simferopol,Crimea,Simferopol's'ka,34.0994127132379,44.9536335,REVIEW,REVIEW_DISPUTED_CRIMEA,,,,a_ukr_init_b,,a_ukr_b,0,a_rus_init_b,,a_rus_b,0,,,На военном аэродроме Бельбек в Крыму взрыв и пожар – видео,REVIEW_LOCATION_AMBIGUOUS,REVIEW_DISPUTED_CRIMEA,FALSE,CRIMEA_SEVASTOPOL,CRIMEA_TEXT,EVENT_FORM_UNRESOLVED,NO_DECISIVE_EVENT_FORM_CUE,,P4_CRIMEA,TRUE,,UNIQUE_EXACT_REPORT_LEVEL,54651,NO_EXACT_REPORT_DUPLICATE,PENDING
54652,20221001,1,1707734,unian,https://www.unian.ua/war/vibuhi-v-krimu-1-zhovtnya-na-aerodromi-v-belbeku-silna-pozhezha-foto-video-11997114.html,STRATEGIC_AIRBASE,аеродром,вибух|пожеж,693805,Simferopol,Crimea,Simferopol's'ka,34.0994127132379,44.9536335,REVIEW,REVIEW_DISPUTED_CRIMEA,,,,a_ukr_init_b,,a_ukr_b,0,a_rus_init_b,,a_rus_b,0,,,"У Криму чули вибухи: на аеродромі Бельбек – сильна пожежа (фото, відео)",REVIEW_LOCATION_AMBIGUOUS,REVIEW_DISPUTED_CRIMEA,FALSE,CRIMEA_SEVASTOPOL,CRIMEA_TEXT,EVENT_FORM_UNRESOLVED,NO_DECISIVE_EVENT_FORM_CUE,,P4_CRIMEA,TRUE,,UNIQUE_EXACT_REPORT_LEVEL,54652,NO_EXACT_REPORT_DUPLICATE,PENDING
54654,20221001,2,330428,espreso,https://espreso.tv/na-aerodromi-belbek-v-okupovanomu-krimu-spalakhnula-pozhezha,STRATEGIC_AIRBASE,аеродром,пожеж,693805,Simferopol,Crimea,Simferopol's'ka,34.0994127132379,44.9536335,REVIEW,REVIEW_DISPUTED_CRIMEA,,,,a_ukr_init_b,,a_ukr_b,0,a_rus_init_b,,a_rus_b,0,,,На аеродромі Бельбек в окупованому Криму спалахнула пожежа,REVIEW_LOCATION_AMBIGUOUS,REVIEW_DISPUTED_CRIMEA,FALSE,CRIMEA_SEVASTOPOL,CRIMEA_TEXT,EVENT_FORM_UNRESOLVED,NO_DECISIVE_EVENT_FORM_CUE,,P4_CRIMEA,TRUE,,UNIQUE_EXACT_REPORT_LEVEL,54654,NO_EXACT_REPORT_DUPLICATE,PENDING
62525,20221001,5,160094|160095,ntv,https://www.ntv.ru/novosti/2726165/|https://www.ntv.ru/video/click2145161/,STRATEGIC_AIRBASE,аэродром,взрыв,694423,Sevastopol,Sevastopol',Lenins'kyi,33.5229142,44.6010512,REVIEW,REVIEW_DISPUTED_CRIMEA,,,,a_ukr_init_b,,a_ukr_b,0,a_rus_init_b,,a_rus_b,0,,,"Губернатор Севастополя объяснил взрывы на аэродроме Бельбек 16+ || Губернатор Севастополя объяснил взрывы на аэродроме Бельбек Губернатор Севастополя Михаил Развожаев сообщил, что во время ЧП с самолетом на военном аэродроме в Севастополе произошел частичный подрыв боекомплекта.",REVIEW_LOCATION_AMBIGUOUS,REVIEW_DISPUTED_CRIMEA,FALSE,CRIMEA_SEVASTOPOL,CRIMEA_TEXT,EVENT_FORM_UNRESOLVED,NO_DECISIVE_EVENT_FORM_CUE,EXACT2022-0068,P4_CRIMEA,TRUE,EXACT2022-0068,CANONICAL,62525,EXACT_SOURCE_URL_AND_REPRESENTATIVE_TEXT,PENDING
62526,20221001,1,1669837,pravdaua,https://www.pravda.com.ua/news/2022/10/1/7369976/,STRATEGIC_AIRBASE,аеродром,пожеж,694423,Sevastopol,Sevastopol',Lenins'kyi,33.5229142,44.6010512,REVIEW,REVIEW_DISPUTED_CRIMEA,,,,a_ukr_init_b,,a_ukr_b,0,a_rus_init_b,,a_rus_b,1,,,"У Севастополі пожежа на аеродромі """"Бельбек"""", окупанти заявили про загоряння літака.",REVIEW_LOCATION_AMBIGUOUS,REVIEW_DISPUTED_CRIMEA,FALSE,CRIMEA_SEVASTOPOL,CRIMEA_TEXT,EVENT_FORM_UNRESOLVED,NO_DECISIVE_EVENT_FORM_CUE,,P4_CRIMEA,TRUE,,UNIQUE_EXACT_REPORT_LEVEL,62526,NO_EXACT_REPORT_DUPLICATE,PENDING
218492,20221002,1,28282,24tvua,https://24tv.ua/zsu-vidbili-ataku-voroga-kozachu-lopan-yaka-situatsiya-fronti_n2169564,AMMUNITION_ARSENAL,склади з боєприпас,атак,706587,Kozacha Lopan,Kharkiv,Derhachivs'kyi,36.178633,50.33648,REVIEW,REVIEW_COORDINATE_NEAR_RU,6.369,541702,Krasnyy Khutor,a_ukr_init_b,,a_ukr_b,0,a_rus_init_b,,a_rus_b,0,ЗСУ,,"ЗСУ відбили атаку ворога на Козачу Лопань, уразили 8 командних пунктів і 3 склади з боєприпасами",REVIEW_LOCATION_AMBIGUOUS,REVIEW_COORDINATE_NEAR_RU,FALSE,UNKNOWN,NO_DECISIVE_SCOPE_TEXT,FRESH_ATTACK_WORDING,FRESH_ATTACK_CUE,,P6_SCOPE_UNKNOWN,TRUE,,UNIQUE_EXACT_REPORT_LEVEL,218492,NO_EXACT_REPORT_DUPLICATE,PENDING
348491,20221007,7,1619408|1619443|1621921|1621932,militarnyy|nv,https://mil.in.ua/uk/news/naftobazu-u-feodosiyi-urazyly-raketni-vijska-zsu/|https://mil.in.ua/uk/news/u-feodosiyi-pislya-nichnoyi-ataky-droniv-zagorilasya-naftobaza/|https://nv.ua/ukr/ukraine/events/pozhezha-u-feodosiji-7-zhovtnya-pislya-ataki-bezpilotnikiv-gorit-naftobaza-shcho-vidomo-50456351.html|https://nv.ua/ukr/ukraine/events/sili-oboroni-vnochi-atakuvali-morskiy-naftoviy-terminal-v-okupovaniy-feodosiji-genshtab-zsu-50456365.html,FUEL_STORAGE_TERMINAL|PORT_EXPORT_LOGISTICS,Нафтобаз|морський нафтовий термінал|нафтобаз|нафтовий термінал,атак|дрон|ракет,,,,,35.383911,45.026654,REVIEW,REVIEW_DISPUTED_CRIMEA,,,,a_ukr_init_b,,a_ukr_b,0,a_rus_init_b,,a_rus_b,0,ЗСУ|Збройн|Україн,,"У Феодосії після нічної атаки дронів загорілася нафтобаза. У Феодосії в тимчасово окупованому Криму вночі 7 жовтня загорілася нафтобаза.  Про це повідомляють телеграм-канали і публікують відео від очевидц... || В окупованій Феодосії горить нафтобаза після атаки дронів — відео || Нафтобазу у Феодосії уразили ракетні війська ЗСУ. Нафтобазу у Феодосії в тимчасово окупованому Криму вночі 7 жовтня уразили підрозділи ракетних військ Збройних Сил України у взаємодії з іншими скла...",REVIEW_LOCATION_AMBIGUOUS,REVIEW_DISPUTED_CRIMEA,FALSE,CRIMEA_SEVASTOPOL,CRIMEA_TEXT,FRESH_WITH_FOLLOWUP_WORDING,FRESH_AND_FOLLOWUP_CUES,,P4_CRIMEA,TRUE,,UNIQUE_EXACT_REPORT_LEVEL,348491,NO_EXACT_REPORT_DUPLICATE,PENDING
54710,20221007,8,1619410|1619435|1621923|1621931,militarnyy|nv,https://mil.in.ua/uk/news/naftobazu-u-feodosiyi-urazyly-raketni-vijska-zsu/|https://mil.in.ua/uk/news/u-feodosiyi-pislya-nichnoyi-ataky-droniv-zagorilasya-naftobaza/|https://nv.ua/ukr/ukraine/events/sili-oboroni-vnochi-atakuvali-morskiy-naftoviy-terminal-v-okupovaniy-feodosiji-genshtab-zsu-50456365.html|https://nv.ua/ukr/ukraine/events/vibuhi-v-krimu-bilya-aerodromu-saki-ta-pozhezha-na-belbek-50456342.html,FUEL_STORAGE_TERMINAL|PORT_EXPORT_LOGISTICS|STRATEGIC_AIRBASE,Нафтобаз|аеродром|морський нафтовий термінал|нафтобаз|нафтовий термінал,атак|вибух|дрон|пожеж|ракет,693805,Simferopol,Crimea,Simferopol's'ka,34.0994127132379,44.9536335,REVIEW,REVIEW_DISPUTED_CRIMEA,,,,a_ukr_init_b,,a_ukr_b,0,a_rus_init_b,,a_rus_b,0,ЗСУ|Збройн|Україн,,"У Феодосії після нічної атаки дронів загорілася нафтобаза. У Феодосії в тимчасово окупованому Криму вночі 7 жовтня загорілася нафтобаза.  Про це повідомляють телеграм-канали і публікують відео від очевидц... || В Криму пролунали вибухи, в районі аеродрому Бельбек виникла пожежа || Нафтобазу у Феодосії уразили ракетні війська ЗСУ. Нафтобазу у Феодосії в тимчасово окупованому Криму вночі 7 жовтня уразили підрозділи ракетних військ Збройних Сил України у взаємодії з іншими скла...",REVIEW_LOCATION_AMBIGUOUS,REVIEW_DISPUTED_CRIMEA,FALSE,CRIMEA_SEVASTOPOL,CRIMEA_TEXT,FRESH_ATTACK_WORDING,FRESH_ATTACK_CUE,,P4_CRIMEA,TRUE,,UNIQUE_EXACT_REPORT_LEVEL,54710,NO_EXACT_REPORT_DUPLICATE,PENDING
54718,20221007,1,1621985,nv,https://nv.ua/ukr/ukraine/events/udar-po-naftovomu-terminalu-u-feodosiji-vogon-ohopiv-shche-odnu-cisternu-pozhezhu-gasyat-dosi-50456631.html,FUEL_STORAGE_TERMINAL,нафтобаз,пожеж,693805,Simferopol,Crimea,Simferopol's'ka,34.0994127132379,44.9536335,REVIEW,REVIEW_DISPUTED_CRIMEA,,,,a_ukr_init_b,,a_ukr_b,0,a_rus_init_b,,a_rus_b,1,,,"«Феєрверк на день народження Путіна». У Криму продовжують гасити пожежу на нафтобазі, загорілася ще одна цистерна — відео",REVIEW_LOCATION_AMBIGUOUS,REVIEW_DISPUTED_CRIMEA,FALSE,CRIMEA_SEVASTOPOL,CRIMEA_TEXT,EVENT_FORM_UNRESOLVED,NO_DECISIVE_EVENT_FORM_CUE,,P4_CRIMEA,TRUE,,UNIQUE_EXACT_REPORT_LEVEL,54718,NO_EXACT_REPORT_DUPLICATE,PENDING
348494,20221008,1,1624620,nv,https://nv.ua/ukr/ukraine/events/udar-po-naftobazi-u-feodosiji-zmi-povidomili-pro-ataku-raketami-atacms-50456823.html,FUEL_STORAGE_TERMINAL,Нафтобаз,атак|ракет,,,,,35.383911,45.026654,REVIEW,REVIEW_DISPUTED_CRIMEA,,,,a_ukr_init_b,,a_ukr_b,0,a_rus_init_b,,a_rus_b,1,,,Нафтобазу у Феодосії могли атакувати ракетами ATACMS — ЗМІ,REVIEW_LOCATION_AMBIGUOUS,REVIEW_DISPUTED_CRIMEA,FALSE,CRIMEA_SEVASTOPOL,CRIMEA_TEXT,EVENT_FORM_UNRESOLVED,NO_DECISIVE_EVENT_FORM_CUE,,P4_CRIMEA,TRUE,,UNIQUE_EXACT_REPORT_LEVEL,348494,NO_EXACT_REPORT_DUPLICATE,PENDING
54760,20221008,1,1624602,nv,https://nv.ua/ukr/ukraine/events/udar-po-naftobazi-u-feodosiji-pozhezhu-namagayutsya-zagasiti-drugu-dobu-video-50456694.html,FUEL_STORAGE_TERMINAL,нафтобаз,атак,693805,Simferopol,Crimea,Simferopol's'ka,34.0994127132379,44.9536335,REVIEW,REVIEW_DISPUTED_CRIMEA,,,,a_ukr_init_b,,a_ukr_b,0,a_rus_init_b,,a_rus_b,1,Сили оборон,,"У Феодосії другу добу поспіль горить найбільша у Криму нафтобаза, яку атакували Сили оборони",REVIEW_LOCATION_AMBIGUOUS,REVIEW_DISPUTED_CRIMEA,FALSE,CRIMEA_SEVASTOPOL,CRIMEA_TEXT,FRESH_ATTACK_WORDING,FRESH_ATTACK_CUE,EXACT2022-0069,P4_CRIMEA,TRUE,EXACT2022-0069,CANONICAL,54760,EXACT_SOURCE_URL_AND_REPRESENTATIVE_TEXT,PENDING
348499,20221010,1,1888654,nv,https://nv.ua/ukr/ukraine/events/feodosiya-10-zhovtnya-vibuhnula-chergova-cisterna-zagasiti-pozhezhu-nemozhlivo-50457554.html,FUEL_STORAGE_TERMINAL,нафтобаз,вибух|пожеж,,,,,35.383911,45.026654,REVIEW,REVIEW_DISPUTED_CRIMEA,,,,a_ukr_init_b,,a_ukr_b,0,a_rus_init_b,,a_rus_b,0,,,«Загасити пожежу неможливо». На нафтобазі у Феодосії вибухнула чергова цистерна — відео,REVIEW_LOCATION_AMBIGUOUS,REVIEW_DISPUTED_CRIMEA,FALSE,CRIMEA_SEVASTOPOL,CRIMEA_TEXT,EVENT_FORM_UNRESOLVED,NO_DECISIVE_EVENT_FORM_CUE,,P4_CRIMEA,TRUE,,UNIQUE_EXACT_REPORT_LEVEL,348499,NO_EXACT_REPORT_DUPLICATE,PENDING
348502,20221012,1,1894489,nv,https://nv.ua/ukr/ukraine/events/pozhezha-na-naftobazi-u-feodosiji-osint-analitiki-pokazali-urazheni-cisterni-50458029.html,FUEL_STORAGE_TERMINAL,нафтобаз,Знищ|пожеж,,,,,35.383911,45.026654,REVIEW,REVIEW_DISPUTED_CRIMEA,,,,a_ukr_init_b,,a_ukr_b,0,a_rus_init_b,,a_rus_b,0,,,Знищено вісім резервуарів. OSINT-аналітики показали наслідки масштабної пожежі на нафтобазі в Феодосії,REVIEW_LOCATION_AMBIGUOUS,REVIEW_DISPUTED_CRIMEA,FALSE,CRIMEA_SEVASTOPOL,CRIMEA_TEXT,FOLLOWUP_OR_AFTERMATH,FOLLOWUP_CUE_NO_FRESH_VERB,,P4_CRIMEA,TRUE,,UNIQUE_EXACT_REPORT_LEVEL,348502,NO_EXACT_REPORT_DUPLICATE,PENDING
54852,20221012,1,1894479,nv,https://nv.ua/ukr/ukraine/events/pozhezhu-na-naftobazi-u-feodosiji-ne-mozhut-zagasiti-shostiy-den-pospil-50457971.html,FUEL_STORAGE_TERMINAL,нафтовий термінал,удар,693805,Simferopol,Crimea,Simferopol's'ka,34.0994127132379,44.9536335,REVIEW,REVIEW_DISPUTED_CRIMEA,,,,a_ukr_init_b,,a_ukr_b,0,a_rus_init_b,,a_rus_b,0,,,Після удару Сил оборони. У Феодосії шостий день поспіль не можуть загасити найбільший нафтовий термінал Криму,REVIEW_LOCATION_AMBIGUOUS,REVIEW_DISPUTED_CRIMEA,FALSE,CRIMEA_SEVASTOPOL,CRIMEA_TEXT,FOLLOWUP_OR_AFTERMATH,FOLLOWUP_CUE_NO_FRESH_VERB,EXACT2022-0070,P4_CRIMEA,TRUE,EXACT2022-0070,CANONICAL,54852,EXACT_SOURCE_URL_AND_REPRESENTATIVE_TEXT,PENDING
54869,20221012,1,1670500,pravdaua,https://www.pravda.com.ua/news/2022/10/12/7371609/,PORT_EXPORT_LOGISTICS,порт,дрон,693805,Simferopol,Crimea,Simferopol's'ka,34.0994127132379,44.9536335,REVIEW,REVIEW_DISPUTED_CRIMEA,,,,a_ukr_init_b,,a_ukr_b,0,a_rus_init_b,,a_rus_b,1,,,"Росіяни привезли іранських інструкторів для """"шахедів"""" у Залізний порт – ЦНС. Росіяни звезли іранських інструкторів на територію тимчасово окупованої Херсонщини та Криму для запусків дронів-камікадзе Shahed-136.",REVIEW_LOCATION_AMBIGUOUS,REVIEW_DISPUTED_CRIMEA,FALSE,CRIMEA_SEVASTOPOL,CRIMEA_TEXT,EVENT_FORM_UNRESOLVED,NO_DECISIVE_EVENT_FORM_CUE,,P4_CRIMEA,TRUE,,UNIQUE_EXACT_REPORT_LEVEL,54869,NO_EXACT_REPORT_DUPLICATE,PENDING
237555,20221013,19,266414,ria,https://ria.ru/20221013/povrezhdeniya-1823653960.html,ENERGY_GRID_SUPPORT,подстанц,поврежд,709717,Donetsk,Donets'k,Donets'ka,37.80285,48.015884,REVIEW,REVIEW_NAME_ONLY_RU_SUPPORT,,,Donetsk,a_ukr_init_b,,a_ukr_b,0,a_rus_init_b,,a_rus_b,0,,,В Донецке из-за обстрела были повреждены дома и трансформаторные подстанции,REVIEW_LOCATION_AMBIGUOUS,REVIEW_NAME_ONLY_RU_SUPPORT,FALSE,UKRAINE_OCCUPIED_OTHER,OCCUPIED_UA_TEXT,EVENT_FORM_UNRESOLVED,NO_DECISIVE_EVENT_FORM_CUE,,P5_OCCUPIED_UA_OTHER,TRUE,,UNIQUE_EXACT_REPORT_LEVEL,237555,NO_EXACT_REPORT_DUPLICATE,PENDING
54877,20221013,1,1894463,militarnyy,https://mil.in.ua/uk/news/pozhezha-na-naftobazi-u-feodosiyi-znyshhyla-8-naftovyh-rezervuariv/,FUEL_STORAGE_TERMINAL,нафтобаз,Пожеж|знищ,693805,Simferopol,Crimea,Simferopol's'ka,34.0994127132379,44.9536335,REVIEW,REVIEW_DISPUTED_CRIMEA,,,,a_ukr_init_b,,a_ukr_b,0,a_rus_init_b,,a_rus_b,0,,,"Пожежа на нафтобазі у Феодосії знищила 8 нафтових резервуарів. Російські екстрені служби завершили локалізацію пожежі на нафтобазі у Феодосії в тимчасово окупованому Криму.  Про це повідомляють OSINT-експерти...",REVIEW_LOCATION_AMBIGUOUS,REVIEW_DISPUTED_CRIMEA,FALSE,CRIMEA_SEVASTOPOL,CRIMEA_TEXT,EVENT_FORM_UNRESOLVED,NO_DECISIVE_EVENT_FORM_CUE,EXACT2022-0071,P4_CRIMEA,TRUE,EXACT2022-0071,CANONICAL,54877,EXACT_SOURCE_URL_AND_REPRESENTATIVE_TEXT,PENDING
198343,20221019,2,1670877,pravdaua,https://www.pravda.com.ua/news/2022/10/19/7372545/,AMMUNITION_ARSENAL,склади боєприпас,знищ,706448,Kherson,Kherson,Khersons'ka,32.614962,46.640319,REVIEW,REVIEW_NAME_ONLY_RU_SUPPORT,,,Kherson,a_ukr_init_b,,a_ukr_b,0,a_rus_init_b,,a_rus_b,1,ЗСУ|Збройн|україн,,"Херсонщина: ворожа ДРГ намагалась обійти позиції ЗСУ біля Нової Кам’янки – ОВА. Російські диверсанти намагалася обійти українські позиції поблизу Нової Кам’янки в Херсонській області, але відступили, у Бериславському районі Збройні сили України знищили два склади боєприпасів і штурмовий літак Су-25.",REVIEW_LOCATION_AMBIGUOUS,REVIEW_NAME_ONLY_RU_SUPPORT,FALSE,UKRAINE_OCCUPIED_OTHER,OCCUPIED_UA_TEXT,EVENT_FORM_UNRESOLVED,NO_DECISIVE_EVENT_FORM_CUE,,P5_OCCUPIED_UA_OTHER,TRUE,,UNIQUE_EXACT_REPORT_LEVEL,198343,NO_EXACT_REPORT_DUPLICATE,PENDING
54956,20221019,1,29591,24tvua,https://24tv.ua/krimu-chuli-vibuh-bilya-aerodromu-belbek-okupantiv-traditsiyna_n2180674,STRATEGIC_AIRBASE,аеродром,вибух,693805,Simferopol,Crimea,Simferopol's'ka,34.0994127132379,44.9536335,REVIEW,REVIEW_DISPUTED_CRIMEA,,,,a_ukr_init_b,,a_ukr_b,0,a_rus_init_b,,a_rus_b,1,,,У Криму чули вибух біля аеродрому Бельбек: в окупантів – традиційна мантра про ППО,REVIEW_LOCATION_AMBIGUOUS,REVIEW_DISPUTED_CRIMEA,FALSE,CRIMEA_SEVASTOPOL,CRIMEA_TEXT,EVENT_FORM_UNRESOLVED,NO_DECISIVE_EVENT_FORM_CUE,,P4_CRIMEA,TRUE,,UNIQUE_EXACT_REPORT_LEVEL,54956,NO_EXACT_REPORT_DUPLICATE,PENDING
62562,20221019,9,266885,ria,https://ria.ru/20221019/bespilotnik-1825023989.html,STRATEGIC_AIRBASE,аэродром,беспилот,694423,Sevastopol,Sevastopol',Lenins'kyi,33.5229142,44.6010512,REVIEW,REVIEW_DISPUTED_CRIMEA,,,,a_ukr_init_b,,a_ukr_b,0,a_rus_init_b,,a_rus_b,0,,,ПВО сбила беспилотник в районе аэродрома Бельбек в Севастополе,REVIEW_LOCATION_AMBIGUOUS,REVIEW_DISPUTED_CRIMEA,FALSE,CRIMEA_SEVASTOPOL,CRIMEA_TEXT,EVENT_FORM_UNRESOLVED,NO_DECISIVE_EVENT_FORM_CUE,,P4_CRIMEA,TRUE,,UNIQUE_EXACT_REPORT_LEVEL,62562,NO_EXACT_REPORT_DUPLICATE,PENDING
62568,20221020,1,1777062,liveuamap,https://t.me/chanel24/59001,STRATEGIC_AIRBASE,авіабаз,безпілот|вибух,694423,Sevastopol,Sevastopol',Lenins'kyi,33.5229142,44.6010512,REVIEW,REVIEW_DISPUTED_CRIMEA,,,,a_ukr_init_b,,a_ukr_b,0,a_rus_init_b,,a_rus_b,0,,,"В окупованому Севастополі пролунали вибухи. Влада повідомляє, що безпілотник був збитий поблизу авіабази Бельбек",REVIEW_LOCATION_AMBIGUOUS,REVIEW_DISPUTED_CRIMEA,FALSE,CRIMEA_SEVASTOPOL,CRIMEA_TEXT,EVENT_FORM_UNRESOLVED,NO_DECISIVE_EVENT_FORM_CUE,EXACT2022-0072,P4_CRIMEA,TRUE,EXACT2022-0072,CANONICAL,62568,EXACT_SOURCE_URL_AND_REPRESENTATIVE_TEXT,PENDING
198406,20221021,1,1670975,pravdaua,https://www.pravda.com.ua/news/2022/10/21/7372880/,AMMUNITION_ARSENAL,"склади зброї. У Херсонській області ворожа авіація минулої доби завдала чотири удари неподалік сіл Нова Кам'янка й Трифонівка, а українські захисники знищили два склади боєприпас",знищ|удар,706448,Kherson,Kherson,Khersons'ka,32.614962,46.640319,REVIEW,REVIEW_NAME_ONLY_RU_SUPPORT,,,Kherson,a_ukr_init_b,,a_ukr_b,1,a_rus_init_b,,a_rus_b,1,ЗСУ|україн,,"Херсонщина: ворог із неба обстріляв два села, ЗСУ знищили два склади зброї. У Херсонській області ворожа авіація минулої доби завдала чотири удари неподалік сіл Нова Кам'янка й Трифонівка, а українські захисники знищили два склади боєприпасів російських окупантів.",REVIEW_LOCATION_AMBIGUOUS,REVIEW_NAME_ONLY_RU_SUPPORT,FALSE,UKRAINE_OCCUPIED_OTHER,OCCUPIED_UA_TEXT,EVENT_FORM_UNRESOLVED,NO_DECISIVE_EVENT_FORM_CUE,,P5_OCCUPIED_UA_OTHER,TRUE,,UNIQUE_EXACT_REPORT_LEVEL,198406,NO_EXACT_REPORT_DUPLICATE,PENDING
237622,20221025,32,640869,nv,https://nv.ua/ukr/ukraine/events/gur-znishchilo-sklad-z-boyepripasami-okupantiv-u-donecku-50363310.html,AMMUNITION_ARSENAL,склад з боєприпас,знищ,709717,Donetsk,Donets'k,Donets'ka,37.80285,48.015884,REVIEW,REVIEW_NAME_ONLY_RU_SUPPORT,,,Donetsk,a_ukr_init_b,,a_ukr_b,0,a_rus_init_b,,a_rus_b,0,,,"ГУР знищило у Донецьку склад з боєприпасами. Він належав окупантам, які штурмують Авдіївку",REVIEW_LOCATION_AMBIGUOUS,REVIEW_NAME_ONLY_RU_SUPPORT,FALSE,UKRAINE_OCCUPIED_OTHER,OCCUPIED_UA_TEXT,EVENT_FORM_UNRESOLVED,NO_DECISIVE_EVENT_FORM_CUE,,P5_OCCUPIED_UA_OTHER,TRUE,,UNIQUE_EXACT_REPORT_LEVEL,237622,NO_EXACT_REPORT_DUPLICATE,PENDING
198605,20221029,1,1643952,liga,https://news.liga.net/politics/news/pod-hersonom-unichtojeno-dve-rszo-grad-i-tri-sklada-boepripasov-okkupantov-ok-yug,AMMUNITION_ARSENAL,склада боеприпас,уничтож,706448,Kherson,Kherson,Khersons'ka,32.614962,46.640319,REVIEW,REVIEW_NAME_ONLY_RU_SUPPORT,,,Kherson,a_ukr_init_b,,a_ukr_b,0,a_rus_init_b,,a_rus_b,0,,,"Под Херсоном уничтожено две РСЗО """"Град"""" и три склада боеприпасов оккупантов – ОК """"Юг""""",REVIEW_LOCATION_AMBIGUOUS,REVIEW_NAME_ONLY_RU_SUPPORT,FALSE,UKRAINE_OCCUPIED_OTHER,OCCUPIED_UA_TEXT,EVENT_FORM_UNRESOLVED,NO_DECISIVE_EVENT_FORM_CUE,,P5_OCCUPIED_UA_OTHER,TRUE,,UNIQUE_EXACT_REPORT_LEVEL,198605,NO_EXACT_REPORT_DUPLICATE,PENDING
51688,20221030,1,190805,nv,https://nv.ua/ukr/ukraine/events/u-skadovskomu-rayoni-hersonskoji-oblasti-znishchili-sklad-boyepripasiv-okupantiv-novini-ukrajini-50280269.html,AMMUNITION_ARSENAL,склад боєприпас,знищ,693709,Skadovsk,,,32.908792,46.11287,REVIEW,REVIEW_DISPUTED_CRIMEA,,,,a_ukr_init_b,,a_ukr_b,0,a_rus_init_b,,a_rus_b,0,,,У Скадовському районі знищили склад боєприпасів окупантів,REVIEW_LOCATION_AMBIGUOUS,REVIEW_DISPUTED_CRIMEA,FALSE,UNKNOWN,NO_DECISIVE_SCOPE_TEXT,EVENT_FORM_UNRESOLVED,NO_DECISIVE_EVENT_FORM_CUE,,P6_SCOPE_UNKNOWN,TRUE,,UNIQUE_EXACT_REPORT_LEVEL,51688,NO_EXACT_REPORT_DUPLICATE,PENDING
198641,20221031,12,190851,nv,https://nv.ua/ukr/ukraine/events/de-zsu-znishchili-bagato-tehniki-okupantiv-ta-vidbili-ataki-novini-ukrajini-50280394.html,AMMUNITION_ARSENAL,склад боєприпас,знищ,706448,Kherson,Kherson,Khersons'ka,32.614962,46.640319,REVIEW,REVIEW_NAME_ONLY_RU_SUPPORT,,,Kherson,a_ukr_init_b,,a_ukr_b,0,a_rus_init_b,,a_rus_b,0,,,"Генштаб про втрати окупантів: у Херсонській області знищили колону техніки, у Запорізькій — склад боєприпасів",REVIEW_LOCATION_AMBIGUOUS,REVIEW_NAME_ONLY_RU_SUPPORT,FALSE,UKRAINE_OCCUPIED_OTHER,OCCUPIED_UA_TEXT,EVENT_FORM_UNRESOLVED,NO_DECISIVE_EVENT_FORM_CUE,,P5_OCCUPIED_UA_OTHER,TRUE,,UNIQUE_EXACT_REPORT_LEVEL,198641,NO_EXACT_REPORT_DUPLICATE,PENDING
331665,20221031,1,1628372,meduza,https://twitter.com/TWMCLtd/status/1588917957245423616,ENERGY_GRID_SUPPORT,подстанц,Пожар|атак,9533120,Komunar,Dnipropetrovs'k,Dnipropetrovs'ka,34.932797,48.480223,REVIEW,REVIEW_NAME_ONLY_RU_SUPPORT,,,Komunar,a_ukr_init_b,,a_ukr_b,0,a_rus_init_b,,a_rus_b,0,,,"Пожар на электроподстанции в Днепре. Власти уверяют, что это авария, а не результат атаки.",REVIEW_LOCATION_AMBIGUOUS,REVIEW_NAME_ONLY_RU_SUPPORT,FALSE,UNKNOWN,NO_DECISIVE_SCOPE_TEXT,EVENT_FORM_UNRESOLVED,NO_DECISIVE_EVENT_FORM_CUE,,P6_SCOPE_UNKNOWN,TRUE,,UNIQUE_EXACT_REPORT_LEVEL,331665,NO_EXACT_REPORT_DUPLICATE,PENDING
55074,20221031,1,662295,nv,https://nv.ua/ukr/ukraine/events/u-rayoni-aerodromu-simferopolya-stalasya-pozhezha-novini-ukrajini-50364689.html,STRATEGIC_AIRBASE,аеродром,пожеж,693805,Simferopol,Crimea,Simferopol's'ka,34.0994127132379,44.9536335,REVIEW,REVIEW_DISPUTED_CRIMEA,,,,a_ukr_init_b,,a_ukr_b,1,a_rus_init_b,,a_rus_b,0,,,У районі аеродрому Сімферополя сталася пожежа — пабліки,REVIEW_LOCATION_AMBIGUOUS,REVIEW_DISPUTED_CRIMEA,FALSE,UNKNOWN,NO_DECISIVE_SCOPE_TEXT,EVENT_FORM_UNRESOLVED,NO_DECISIVE_EVENT_FORM_CUE,,P6_SCOPE_UNKNOWN,TRUE,,UNIQUE_EXACT_REPORT_LEVEL,55074,NO_EXACT_REPORT_DUPLICATE,PENDING
55077,20221101,6,665760,nv,https://nv.ua/ukr/ukraine/events/krim-vibuhi-bilya-zlitnoji-smugi-aerodromu-saki-ye-slidi-pozhezhi-novini-ukrajini-50364846.html,STRATEGIC_AIRBASE,аеродром,пожеж,693805,Simferopol,Crimea,Simferopol's'ka,34.0994127132379,44.9536335,REVIEW,REVIEW_DISPUTED_CRIMEA,,,,a_ukr_init_b,,a_ukr_b,0,a_rus_init_b,,a_rus_b,0,,,Біля злітної смуги аеродрому Саки в окупованому Криму помітили сліди пожежі — супутникові фото,REVIEW_LOCATION_AMBIGUOUS,REVIEW_DISPUTED_CRIMEA,FALSE,CRIMEA_SEVASTOPOL,CRIMEA_TEXT,FOLLOWUP_OR_AFTERMATH,FOLLOWUP_CUE_NO_FRESH_VERB,,P4_CRIMEA,TRUE,,UNIQUE_EXACT_REPORT_LEVEL,55077,NO_EXACT_REPORT_DUPLICATE,PENDING
62647,20221101,11,161827,ntv,https://www.ntv.ru/novosti/2730799/,PORT_EXPORT_LOGISTICS,порт,атак,694423,Sevastopol,Sevastopol',Lenins'kyi,33.5229142,44.6010512,REVIEW,REVIEW_DISPUTED_CRIMEA,,,,a_ukr_init_b,,a_ukr_b,0,a_rus_init_b,,a_rus_b,0,украин,,"Приостановка участия РФ в «зерновой сделке»: что происходит в портах — Специальная военная операция России Зерновая сделка сегодня снова оказалась в центре мировой политики. Россия была вынуждена приостановить свое участие в сделке после того, как Киев использовал для атаки на порт Севастополя гуманитарный коридор, выделенный для судов, вывозящих украинское зерно.",REVIEW_LOCATION_AMBIGUOUS,REVIEW_DISPUTED_CRIMEA,FALSE,CRIMEA_SEVASTOPOL,CRIMEA_TEXT,EVENT_FORM_UNRESOLVED,NO_DECISIVE_EVENT_FORM_CUE,EXACT2022-0073,P4_CRIMEA,TRUE,EXACT2022-0073,CANONICAL,62647,EXACT_SOURCE_URL_AND_REPRESENTATIVE_TEXT,PENDING
230792,20221102,1,42743,interfaxua,https://interfax.com.ua/news/general/869580.html,AMMUNITION_ARSENAL,склади з боєприпас,знищ,708878,Henichesk,Kherson,Heniches'kyi,34.805935,46.176416,REVIEW,REVIEW_DISPUTED_CRIMEA,,,,a_ukr_init_b,,a_ukr_b,0,a_rus_init_b,,a_rus_b,0,Україн,,"ЗС України на південному напрямку знищили три склади з боєприпасами у Баштанському, Бериславському та Генічеському районах",REVIEW_LOCATION_AMBIGUOUS,REVIEW_DISPUTED_CRIMEA,FALSE,UNKNOWN,NO_DECISIVE_SCOPE_TEXT,EVENT_FORM_UNRESOLVED,NO_DECISIVE_EVENT_FORM_CUE,,P6_SCOPE_UNKNOWN,TRUE,,UNIQUE_EXACT_REPORT_LEVEL,230792,NO_EXACT_REPORT_DUPLICATE,PENDING
198703,20221103,1,1779236,liveuamap,https://t.me/hueviyherson/28300,MILITARY_REPAIR_SHIPYARD,суднобуд,Ракет|удар,706448,Kherson,Kherson,Khersons'ka,32.614962,46.640319,REVIEW,REVIEW_NAME_ONLY_RU_SUPPORT,,,Kherson,a_ukr_init_b,,a_ukr_b,0,a_rus_init_b,,a_rus_b,0,,,Ракетний удар по суднобудівному заводу в Херсоні,REVIEW_LOCATION_AMBIGUOUS,REVIEW_NAME_ONLY_RU_SUPPORT,FALSE,UKRAINE_OCCUPIED_OTHER,OCCUPIED_UA_TEXT,EVENT_FORM_UNRESOLVED,NO_DECISIVE_EVENT_FORM_CUE,EXACT2022-0074,P5_OCCUPIED_UA_OTHER,TRUE,EXACT2022-0074,CANONICAL,198703,EXACT_SOURCE_URL_AND_REPRESENTATIVE_TEXT,PENDING
55104,20221104,11,676316,militarnyy,https://mil.in.ua/uk/news/rakety-atakuvaly-sudnobudivnyj-zavod-u-kerchi/,MILITARY_REPAIR_SHIPYARD,суднобуд,Ракет|атак|вибух,693805,Simferopol,Crimea,Simferopol's'ka,34.0994127132379,44.9536335,REVIEW,REVIEW_DISPUTED_CRIMEA,,,,a_ukr_init_b,,a_ukr_b,0,a_rus_init_b,,a_rus_b,0,,,"Ракети атакували суднобудівний завод у Керчі. В тимчасово окупованому Криму під вечір пролунали вибухи. Відбулася ракетна атака на суднобудівний завод у Керчі, де будують військові кораблі д...",REVIEW_LOCATION_AMBIGUOUS,REVIEW_DISPUTED_CRIMEA,FALSE,CRIMEA_SEVASTOPOL,CRIMEA_TEXT,FRESH_ATTACK_WORDING,FRESH_ATTACK_CUE,,P4_CRIMEA,TRUE,,UNIQUE_EXACT_REPORT_LEVEL,55104,NO_EXACT_REPORT_DUPLICATE,PENDING
174133,20221105,1,162020,ntv,https://www.ntv.ru/novosti/2731407/,AMMUNITION_ARSENAL,складе — Специальная военная операция России Появились первые кадры с места взрывов на украинском складе боеприпас,взрыв,704422,Pokrovsk,Donets'k,Krasnoarmiis'kyi,37.175601,48.280351,REVIEW,REVIEW_NAME_ONLY_RU_SUPPORT,,,Pokrovsk,a_ukr_init_b,,a_ukr_b,0,a_rus_init_b,,a_rus_b,0,украин,,СМИ: в подконтрольном Киеву Красноармейске произошел взрыв на военном складе — Специальная военная операция России Появились первые кадры с места взрывов на украинском складе боеприпасов в Красноармейске (Покровске).,REVIEW_LOCATION_AMBIGUOUS,REVIEW_NAME_ONLY_RU_SUPPORT,FALSE,UNKNOWN,NO_DECISIVE_SCOPE_TEXT,EVENT_FORM_UNRESOLVED,NO_DECISIVE_EVENT_FORM_CUE,EXACT2022-0075,P6_SCOPE_UNKNOWN,TRUE,EXACT2022-0075,CANONICAL,174133,EXACT_SOURCE_URL_AND_REPRESENTATIVE_TEXT,PENDING
198770,20221105,21,42827,interfaxua,https://interfax.com.ua/news/general/870269.html,AMMUNITION_ARSENAL,склади боєприпас,знищ,706448,Kherson,Kherson,Khersons'ka,32.614962,46.640319,REVIEW,REVIEW_NAME_ONLY_RU_SUPPORT,,,Kherson,a_ukr_init_b,,a_ukr_b,0,a_rus_init_b,,a_rus_b,0,Україн,,За добу на південному напрямку ЗС України знищили чотири зенітні та артилерійські установки та три склади боєприпасів противника у Бериславському та Херсонському районах,REVIEW_LOCATION_AMBIGUOUS,REVIEW_NAME_ONLY_RU_SUPPORT,FALSE,UKRAINE_OCCUPIED_OTHER,OCCUPIED_UA_TEXT,EVENT_FORM_UNRESOLVED,NO_DECISIVE_EVENT_FORM_CUE,,P5_OCCUPIED_UA_OTHER,TRUE,,UNIQUE_EXACT_REPORT_LEVEL,198770,NO_EXACT_REPORT_DUPLICATE,PENDING
51698,20221106,1,42871,interfaxua,https://interfax.com.ua/news/general/870436.html,AMMUNITION_ARSENAL,склад із боєприпас,знищ,693709,Skadovsk,,,32.908792,46.11287,REVIEW,REVIEW_DISPUTED_CRIMEA,,,,a_ukr_init_b,,a_ukr_b,0,a_rus_init_b,,a_rus_b,0,,,У Скадовському районі на Херсонщині знищено склад із боєприпасами,REVIEW_LOCATION_AMBIGUOUS,REVIEW_DISPUTED_CRIMEA,FALSE,UKRAINE_OCCUPIED_OTHER,OCCUPIED_UA_TEXT,EVENT_FORM_UNRESOLVED,NO_DECISIVE_EVENT_FORM_CUE,,P5_OCCUPIED_UA_OTHER,TRUE,,UNIQUE_EXACT_REPORT_LEVEL,51698,NO_EXACT_REPORT_DUPLICATE,PENDING
309724,20221108,1,1628511,meduza,https://twitter.com/SmartUACat/status/1590111111223083009,AMMUNITION_ARSENAL,складу боеприпас,ракет|удар,811135,Nikolayevka,Luhans'k,Slovianoserbs'kyi,38.665669,48.573531,REVIEW,REVIEW_NAME_ONLY_RU_SUPPORT,,,Nikolayevka,a_ukr_init_b,,a_ukr_b,0,a_rus_init_b,,a_rus_b,1,,,В Кадиевке нанесен ракетный удар по гаражам с российской техникой и складу боеприпасов.,REVIEW_LOCATION_AMBIGUOUS,REVIEW_NAME_ONLY_RU_SUPPORT,FALSE,UNKNOWN,NO_DECISIVE_SCOPE_TEXT,EVENT_FORM_UNRESOLVED,NO_DECISIVE_EVENT_FORM_CUE,,P6_SCOPE_UNKNOWN,TRUE,,UNIQUE_EXACT_REPORT_LEVEL,309724,NO_EXACT_REPORT_DUPLICATE,PENDING
265757,20221113,1,269047,ria,https://ria.ru/20221113/spetsoperatsiya-1831164570.html,AMMUNITION_ARSENAL,арсенал,уничтож,710791,Cherkasy,Cherkasy,Cherkas'ka,32.059768,49.444433,REVIEW,REVIEW_NAME_ONLY_RU_SUPPORT,,,Cherkasy,a_ukr_init_b,,a_ukr_b,0,a_rus_init_b,,a_rus_b,0,украин,,Российская армия уничтожила в Черкасской области украинский арсенал,REVIEW_LOCATION_AMBIGUOUS,REVIEW_NAME_ONLY_RU_SUPPORT,FALSE,UNKNOWN,NO_DECISIVE_SCOPE_TEXT,EVENT_FORM_UNRESOLVED,NO_DECISIVE_EVENT_FORM_CUE,,P6_SCOPE_UNKNOWN,TRUE,,UNIQUE_EXACT_REPORT_LEVEL,265757,NO_EXACT_REPORT_DUPLICATE,PENDING
199128,20221114,1,96602,liveuamap,https://twitter.com/Flash_news_ua/status/1592156638139797505,AMMUNITION_ARSENAL,складах боєприпас,вибух,706448,Kherson,Kherson,Khersons'ka,32.614962,46.640319,REVIEW,REVIEW_NAME_ONLY_RU_SUPPORT,,,Kherson,a_ukr_init_b,,a_ukr_b,0,a_rus_init_b,,a_rus_b,0,,,У тимчасово окупованій Голій Пристані Херсонської області лунають вибухи. Детонації на складах боєприпасів російських військ,REVIEW_LOCATION_AMBIGUOUS,REVIEW_NAME_ONLY_RU_SUPPORT,FALSE,UKRAINE_OCCUPIED_OTHER,OCCUPIED_UA_TEXT,EVENT_FORM_UNRESOLVED,NO_DECISIVE_EVENT_FORM_CUE,,P5_OCCUPIED_UA_OTHER,TRUE,,UNIQUE_EXACT_REPORT_LEVEL,199128,NO_EXACT_REPORT_DUPLICATE,PENDING
270279,20221117,1,97059,liveuamap,https://t.me/breakingmash/39944,ENERGY_GRID_SUPPORT,підстанц,безпілот,712048,Blizhnye Kamyshi,Crimea,Feodosiis'ka,35.39336,45.07047,REVIEW,REVIEW_DISPUTED_CRIMEA,,,,a_ukr_init_b,,a_ukr_b,0,a_rus_init_b,,a_rus_b,0,,,Російські ЗМІ повідомляють про падіння безпілотника на підстанції під Феодосією,REVIEW_LOCATION_AMBIGUOUS,REVIEW_DISPUTED_CRIMEA,FALSE,CRIMEA_SEVASTOPOL,CRIMEA_TEXT,EVENT_FORM_UNRESOLVED,NO_DECISIVE_EVENT_FORM_CUE,EXACT2022-0076,P4_CRIMEA,TRUE,EXACT2022-0076,CANONICAL,270279,EXACT_SOURCE_URL_AND_REPRESENTATIVE_TEXT,PENDING
55231,20221117,10,269340,ria,https://ria.ru/20221117/krym-1832175488.html,ENERGY_GRID_SUPPORT,подстанц,беспилот,693805,Simferopol,Crimea,Simferopol's'ka,34.0994127132379,44.9536335,REVIEW,REVIEW_DISPUTED_CRIMEA,,,,a_ukr_init_b,,a_ukr_b,0,a_rus_init_b,,a_rus_b,0,,,Над электроподстанцией в Крыму сбили беспилотник,REVIEW_LOCATION_AMBIGUOUS,REVIEW_DISPUTED_CRIMEA,FALSE,CRIMEA_SEVASTOPOL,CRIMEA_TEXT,EVENT_FORM_UNRESOLVED,NO_DECISIVE_EVENT_FORM_CUE,,P4_CRIMEA,TRUE,,UNIQUE_EXACT_REPORT_LEVEL,55231,NO_EXACT_REPORT_DUPLICATE,PENDING
55232,20221117,1,150368,ng,https://www.ng.ru/news/753411.html,ENERGY_GRID_SUPPORT,подстанц,Беспилот,693805,Simferopol,Crimea,Simferopol's'ka,34.0994127132379,44.9536335,REVIEW,REVIEW_DISPUTED_CRIMEA,,,,a_ukr_init_b,,a_ukr_b,0,a_rus_init_b,,a_rus_b,0,,,Беспилотник сбит над подстанцией «Кафа» в Крыму,REVIEW_LOCATION_AMBIGUOUS,REVIEW_DISPUTED_CRIMEA,FALSE,CRIMEA_SEVASTOPOL,CRIMEA_TEXT,EVENT_FORM_UNRESOLVED,NO_DECISIVE_EVENT_FORM_CUE,,P4_CRIMEA,TRUE,,UNIQUE_EXACT_REPORT_LEVEL,55232,NO_EXACT_REPORT_DUPLICATE,PENDING
107761,20221118,1,332300,espreso,https://espreso.tv/okupanti-gatili-po-nikopolyu-poshkodzheni-liniya-elektroperedach-sonyachna-pidstantsiya-bagatopoverkhivki-ta-privatni-domivki,ENERGY_GRID_SUPPORT,підстанц,пошкодж,700051,Nikopol,Dnipropetrovs'k,Nikopol's'ka,34.394812,47.567463,REVIEW,REVIEW_NAME_ONLY_RU_SUPPORT,,,Nikopol,a_ukr_init_b,,a_ukr_b,0,a_rus_init_b,,a_rus_b,1,,,"Окупанти гатили по Нікополю: пошкоджені лінія електропередач, сонячна підстанція, багатоповерхівки та приватні домівки",REVIEW_LOCATION_AMBIGUOUS,REVIEW_NAME_ONLY_RU_SUPPORT,FALSE,UNKNOWN,NO_DECISIVE_SCOPE_TEXT,EVENT_FORM_UNRESOLVED,NO_DECISIVE_EVENT_FORM_CUE,,P6_SCOPE_UNKNOWN,TRUE,,UNIQUE_EXACT_REPORT_LEVEL,107761,NO_EXACT_REPORT_DUPLICATE,PENDING
55346,20221129,1,2167323,militarnyy,https://mil.in.ua/uk/news/zsu-jmovirno-urazyly-rosijskyj-zrk-u-krymu-video/,STRATEGIC_AIRBASE,аеродром,вибух,693805,Simferopol,Crimea,Simferopol's'ka,34.0994127132379,44.9536335,REVIEW,REVIEW_DISPUTED_CRIMEA,,,,a_ukr_init_b,,a_ukr_b,1,a_rus_init_b,,a_rus_b,0,ЗСУ,,"ЗСУ, ймовірно, уразили російський ЗРК у Криму [Відео]. На околицях Сімферополя відбувся масштабний вибух невідомого об'єкта, що був розміщений неподалік місцевого аеродрому.  Кадри вибуху оприлюднили ...",REVIEW_LOCATION_AMBIGUOUS,REVIEW_DISPUTED_CRIMEA,FALSE,CRIMEA_SEVASTOPOL,CRIMEA_TEXT,FRESH_ATTACK_WORDING,FRESH_ATTACK_CUE,,P4_CRIMEA,TRUE,,UNIQUE_EXACT_REPORT_LEVEL,55346,NO_EXACT_REPORT_DUPLICATE,PENDING
37948,20221202,1,270289,ria,https://ria.ru/20221202/tokmak-1835894035.html,ENERGY_GRID_SUPPORT,подстанц,удар,691469,Tokmak,Zaporizhzhya,Tokmats'kyi,35.709191,47.255103,REVIEW,REVIEW_NAME_ONLY_RU_SUPPORT,,,Tokmak,a_ukr_init_b,,a_ukr_b,0,a_rus_init_b,,a_rus_b,0,Украин,,Украинские войска нанесли удар по подстанции в запорожском Токмаке,REVIEW_LOCATION_AMBIGUOUS,REVIEW_NAME_ONLY_RU_SUPPORT,FALSE,UKRAINE_OCCUPIED_OTHER,OCCUPIED_UA_TEXT,EVENT_FORM_UNRESOLVED,NO_DECISIVE_EVENT_FORM_CUE,,P5_OCCUPIED_UA_OTHER,TRUE,,UNIQUE_EXACT_REPORT_LEVEL,37948,NO_EXACT_REPORT_DUPLICATE,PENDING
237905,20221205,28,785404,nv,https://nv.ua/ukr/ukraine/events/sso-atakuvali-sklad-boyepripasiv-ta-grad-u-donecku-video-50373956.html,AMMUNITION_ARSENAL,склад боєприпас,Знищ,709717,Donetsk,Donets'k,Donets'ka,37.80285,48.015884,REVIEW,REVIEW_NAME_ONLY_RU_SUPPORT,,,Donetsk,a_ukr_init_b,,a_ukr_b,0,a_rus_init_b,,a_rus_b,0,ССО,,«Знищені вщент»: ССО розбили склад боєприпасів та Град у Донецьку,REVIEW_LOCATION_AMBIGUOUS,REVIEW_NAME_ONLY_RU_SUPPORT,FALSE,UKRAINE_OCCUPIED_OTHER,OCCUPIED_UA_TEXT,EVENT_FORM_UNRESOLVED,NO_DECISIVE_EVENT_FORM_CUE,,P5_OCCUPIED_UA_OTHER,TRUE,,UNIQUE_EXACT_REPORT_LEVEL,237905,NO_EXACT_REPORT_DUPLICATE,PENDING
348550,20221205,3,785416,nv,https://nv.ua/ukr/ukraine/events/udar-po-naftobazi-rosiyan-u-feodosiji-u-gur-prokomentuvali-novini-ukrajini-50374022.html,FUEL_STORAGE_TERMINAL,нафтобаз,удар,,,,,35.383911,45.026654,REVIEW,REVIEW_DISPUTED_CRIMEA,,,,a_ukr_init_b,,a_ukr_b,0,a_rus_init_b,,a_rus_b,0,,,ГУР про удар по нафтобазі окупантів у Феодосії: Продовження планової роботи,REVIEW_LOCATION_AMBIGUOUS,REVIEW_DISPUTED_CRIMEA,FALSE,CRIMEA_SEVASTOPOL,CRIMEA_TEXT,EVENT_FORM_UNRESOLVED,NO_DECISIVE_EVENT_FORM_CUE,,P4_CRIMEA,TRUE,,UNIQUE_EXACT_REPORT_LEVEL,348550,NO_EXACT_REPORT_DUPLICATE,PENDING
55381,20221205,11,785380,nv,https://nv.ua/ukr/ukraine/events/ataka-krimu-bezpilotnikami-5-grudnya-bpla-namagalisya-atakuvati-naftobazu-v-misti-feodosiya-50373768.html,FUEL_STORAGE_TERMINAL,нафтобаз,Безпілот|атак,693805,Simferopol,Crimea,Simferopol's'ka,34.0994127132379,44.9536335,REVIEW,REVIEW_DISPUTED_CRIMEA,,,,a_ukr_init_b,,a_ukr_b,0,a_rus_init_b,,a_rus_b,0,,,Безпілотники намагалися атакувати нафтобази в окупованому Криму — росЗМІ,REVIEW_LOCATION_AMBIGUOUS,REVIEW_DISPUTED_CRIMEA,FALSE,CRIMEA_SEVASTOPOL,CRIMEA_TEXT,EVENT_FORM_UNRESOLVED,NO_DECISIVE_EVENT_FORM_CUE,,P4_CRIMEA,TRUE,,UNIQUE_EXACT_REPORT_LEVEL,55381,NO_EXACT_REPORT_DUPLICATE,PENDING
55412,20221210,7,193514,nv,https://nv.ua/ukr/ukraine/events/krim-vibuhi-u-simferopoli-sevastopoli-ta-dzhankoji-shcho-vidomo-novini-ukrajini-50290061.html,STRATEGIC_AIRBASE,аеродром,вибух,693805,Simferopol,Crimea,Simferopol's'ka,34.0994127132379,44.9536335,REVIEW,REVIEW_DISPUTED_CRIMEA,,,,a_ukr_init_b,,a_ukr_b,0,a_rus_init_b,,a_rus_b,0,,,"«Бавовна» у Криму. Телеграм-канали повідомляють про вибухи в районі аеродромів Сімферополя, Севастополя та Джанкоя",REVIEW_LOCATION_AMBIGUOUS,REVIEW_DISPUTED_CRIMEA,FALSE,CRIMEA_SEVASTOPOL,CRIMEA_TEXT,EVENT_FORM_UNRESOLVED,NO_DECISIVE_EVENT_FORM_CUE,EXACT2022-0077,P4_CRIMEA,TRUE,EXACT2022-0077,CANONICAL,55412,EXACT_SOURCE_URL_AND_REPRESENTATIVE_TEXT,PENDING
17177,20221214,1,1628942,meduza,https://twitter.com/hochu_dodomu/status/1603377699178926081,PORT_EXPORT_LOGISTICS,Порт,Пожар,687790,Zaliznyy Port,Kherson,Holoprystans'kyi,32.298167,46.116322,REVIEW,REVIEW_DISPUTED_CRIMEA,,,,a_ukr_init_b,,a_ukr_b,0,a_rus_init_b,,a_rus_b,1,,твер,"Пожар в гостинице """"""""Солемар"""""""" в селе Железный Порт Херсонской области. Как утверждается, в гостинице было расположение российской армии.",REVIEW_LOCATION_AMBIGUOUS,REVIEW_DISPUTED_CRIMEA,FALSE,CONFLICT_OR_COMPOSITE,OCCUPIED_UA_AND_RUSSIA_TEXT,EVENT_FORM_UNRESOLVED,NO_DECISIVE_EVENT_FORM_CUE,,P3_SCOPE_CONFLICT_COMPOSITE,TRUE,,UNIQUE_EXACT_REPORT_LEVEL,17177,NO_EXACT_REPORT_DUPLICATE,PENDING
308258,20221214,1,1628834,meduza,https://www.tiktok.com/@skala_battalion/video/7180613940668370181,AMMUNITION_ARSENAL,складу боеприпас,удар,811044,Imeni Artema,Donets'k,Artemivs'kyi,38.044107,48.601127,REVIEW,REVIEW_NAME_ONLY_RU_SUPPORT,,,Imeni Artema,a_ukr_init_b,,a_ukr_b,0,a_rus_init_b,,a_rus_b,1,ВСУ,,ВСУ нанесла удары по складу боеприпасов и расположению войск ЧВК Вагнера в Бахмуте.,REVIEW_LOCATION_AMBIGUOUS,REVIEW_NAME_ONLY_RU_SUPPORT,FALSE,UNKNOWN,NO_DECISIVE_SCOPE_TEXT,EVENT_FORM_UNRESOLVED,NO_DECISIVE_EVENT_FORM_CUE,,P6_SCOPE_UNKNOWN,TRUE,,UNIQUE_EXACT_REPORT_LEVEL,308258,NO_EXACT_REPORT_DUPLICATE,PENDING
342108,20221214,1,1628941,meduza,https://twitter.com/hochu_dodomu/status/1603368379083005953,PORT_EXPORT_LOGISTICS,Порт,Удар,11184856,Zaliznyi Port,Kherson,Holoprystans'kyi,32.267966,46.122823,REVIEW,REVIEW_DISPUTED_CRIMEA,,,,a_ukr_init_b,,a_ukr_b,0,a_rus_init_b,,a_rus_b,0,ВСУ,,"Удар ВСУ по отелю «Вилла Немо» в селе Железный Порт Херсонской области, где предположительно находились российские военные.",REVIEW_LOCATION_AMBIGUOUS,REVIEW_DISPUTED_CRIMEA,FALSE,UKRAINE_OCCUPIED_OTHER,OCCUPIED_UA_TEXT,EVENT_FORM_UNRESOLVED,NO_DECISIVE_EVENT_FORM_CUE,,P5_OCCUPIED_UA_OTHER,TRUE,,UNIQUE_EXACT_REPORT_LEVEL,342108,NO_EXACT_REPORT_DUPLICATE,PENDING
55472,20221215,1,1644627,liga,https://news.liga.net/region_news/news/okkupanty-v-krymu-boyatsya-udarnyh-dronov-i-krylatyh-raket-usilivayut-zaschitu-aerodromov-gsh,STRATEGIC_AIRBASE,аэродром,дрон|ракет|удар,693805,Simferopol,Crimea,Simferopol's'ka,34.0994127132379,44.9536335,REVIEW,REVIEW_DISPUTED_CRIMEA,,,,a_ukr_init_b,,a_ukr_b,0,a_rus_init_b,,a_rus_b,1,,,"Оккупанты в Крыму боятся ударных дронов и крылатых ракет, усиливают защиту аэродромов – ГШ",REVIEW_LOCATION_AMBIGUOUS,REVIEW_DISPUTED_CRIMEA,FALSE,CRIMEA_SEVASTOPOL,CRIMEA_TEXT,EVENT_FORM_UNRESOLVED,NO_DECISIVE_EVENT_FORM_CUE,,P4_CRIMEA,TRUE,,UNIQUE_EXACT_REPORT_LEVEL,55472,NO_EXACT_REPORT_DUPLICATE,PENDING
199927,20221221,5,194052,nv,https://nv.ua/ukr/ukraine/events/v-hersonskiy-oblasti-cherez-obstril-poshkodzheno-ta-zruynovano-dvi-pidstanciji-novini-ukrajini-50292428.html,ENERGY_GRID_SUPPORT,підстанц,пошкодж,706448,Kherson,Kherson,Khersons'ka,32.614962,46.640319,REVIEW,REVIEW_NAME_ONLY_RU_SUPPORT,,,Kherson,a_ukr_init_b,,a_ukr_b,0,a_rus_init_b,,a_rus_b,0,,,В Херсонській області пошкоджено та зруйновано дві підстанції,REVIEW_LOCATION_AMBIGUOUS,REVIEW_NAME_ONLY_RU_SUPPORT,FALSE,UKRAINE_OCCUPIED_OTHER,OCCUPIED_UA_TEXT,EVENT_FORM_UNRESOLVED,NO_DECISIVE_EVENT_FORM_CUE,,P5_OCCUPIED_UA_OTHER,TRUE,,UNIQUE_EXACT_REPORT_LEVEL,199927,NO_EXACT_REPORT_DUPLICATE,PENDING
199948,20221222,1,1644707,liga,https://news.liga.net/politics/news/ukrainskie-raketchiki-nanesli-udar-po-aerodromu-pod-hersonom-unichtojeny-150-okkupantov,STRATEGIC_AIRBASE,аэродром,ракет|удар|уничтож,706448,Kherson,Kherson,Khersons'ka,32.614962,46.640319,REVIEW,REVIEW_NAME_ONLY_RU_SUPPORT,,,Kherson,a_ukr_init_b,,a_ukr_b,1,a_rus_init_b,,a_rus_b,0,Украин,,Украинские ракетчики нанесли удар по аэродрому под Херсоном: уничтожены 150 оккупантов,REVIEW_LOCATION_AMBIGUOUS,REVIEW_NAME_ONLY_RU_SUPPORT,FALSE,UKRAINE_OCCUPIED_OTHER,OCCUPIED_UA_TEXT,EVENT_FORM_UNRESOLVED,NO_DECISIVE_EVENT_FORM_CUE,,P5_OCCUPIED_UA_OTHER,TRUE,,UNIQUE_EXACT_REPORT_LEVEL,199948,NO_EXACT_REPORT_DUPLICATE,PENDING
238160,20221227,3,1787803,liveuamap,https://t.me/UkraineNow/26070,PIPELINE_PUMPING,трубопровод,пошкодж,709717,Donetsk,Donets'k,Donets'ka,37.80285,48.015884,REVIEW,REVIEW_NAME_ONLY_RU_SUPPORT,,,Donetsk,a_ukr_init_b,,a_ukr_b,0,a_rus_init_b,,a_rus_b,0,,,Усі газові котельні в Донецькій області зупинили роботу через пошкодження магістрального трубопроводу в Харківській області,REVIEW_LOCATION_AMBIGUOUS,REVIEW_NAME_ONLY_RU_SUPPORT,FALSE,UKRAINE_OCCUPIED_OTHER,OCCUPIED_UA_TEXT,EVENT_FORM_UNRESOLVED,NO_DECISIVE_EVENT_FORM_CUE,EXACT2022-0078,P5_OCCUPIED_UA_OTHER,TRUE,EXACT2022-0078,CANONICAL,238160,EXACT_SOURCE_URL_AND_REPRESENTATIVE_TEXT,PENDING
291978,20221227,1,333407,espreso,https://espreso.tv/podrobitsi-vibukhiv-na-aerodromi-engels-situatsiya-navkolo-bakhmuta-ta-yak-protidiyati-druzhbi-iranu-ta-rosii-kolonka-sergiya-zgurtsya,STRATEGIC_AIRBASE,аеродром,вибух,713174,Bakhmut,Donets'k,Artemivs'ka,38.001988,48.589471,REVIEW,REVIEW_NAME_ONLY_RU_SUPPORT,,,Bakhmut,a_ukr_init_b,,a_ukr_b,0,a_rus_init_b,,a_rus_b,0,,,"Подробиці вибухів на аеродромі """"Енгельс"""", ситуація навколо Бахмута та як протидіяти """"дружбі"""" Ірану та Росії. Колонка Сергія Згурця",REVIEW_LOCATION_AMBIGUOUS,REVIEW_NAME_ONLY_RU_SUPPORT,FALSE,UNKNOWN,NO_DECISIVE_SCOPE_TEXT,EVENT_FORM_UNRESOLVED,NO_DECISIVE_EVENT_FORM_CUE,,P6_SCOPE_UNKNOWN,TRUE,,UNIQUE_EXACT_REPORT_LEVEL,291978,NO_EXACT_REPORT_DUPLICATE,PENDING
238182,20221229,1,164348,ntv,https://www.ntv.ru/novosti/2740650/,MILITARY_COMMS_SPACE,"центре по контролю и координации вопросов, связ",ракет,709717,Donetsk,Donets'k,Donets'ka,37.80285,48.015884,REVIEW,REVIEW_NAME_ONLY_RU_SUPPORT,,,Donetsk,a_ukr_init_b,,a_ukr_b,0,a_rus_init_b,,a_rus_b,0,ВСУ|Украин,,"ВСУ выпустили по Донецку 16 ракет из РСЗО — Специальная военная операция России ВСУ в третий раз за день обстреляли Донецк, они выпустили по городу 16 ракет из РСЗО, сообщило представительство ДНР в Совместном центре по контролю и координации вопросов, связанных с военными преступлениями Украины.",REVIEW_LOCATION_AMBIGUOUS,REVIEW_NAME_ONLY_RU_SUPPORT,FALSE,UKRAINE_OCCUPIED_OTHER,OCCUPIED_UA_TEXT,EVENT_FORM_UNRESOLVED,NO_DECISIVE_EVENT_FORM_CUE,,P5_OCCUPIED_UA_OTHER,TRUE,,UNIQUE_EXACT_REPORT_LEVEL,238182,NO_EXACT_REPORT_DUPLICATE,PENDING
145117,20220224,123,147118|147132|147295|370256|370389,mz,https://www.facebook.com/anton.gerashchenko.7/posts/4865046130248862|https://zona.media/online/2022/02/24/war,STRATEGIC_AIRBASE,аэродром,атак|ракет|удар|уничтож,703448,Kyiv,Kiev City,Shevchenkivs'kyi,30.52355,50.450441,DROP,DROP_LOCATION_NOT_RU,,,,a_ukr_init_b,,a_ukr_b,0,a_rus_init_b,,a_rus_b,0,Силы оборон|Украин,твер,"Советник министра Украины Антон Геращенко сообщил об атаке российских вертолетов на аэродром в Гостомеле в Киевской области. Он опубликовал видео, на котором, по его словам, один из сбитых вертолетов, всего было сбито три.  На видео, снятых местными жителями, говорят, что вертолетов было «штук 20». «Бомбят аэропорт», — говорит голос за кадров. || При захвате аэродрома в Гостомеле под Киевом были убиты больше «200 националистов», утверждает российское Минобороны. «При захвате аэродрома было уничтожено более двухсот националистов из состава специальных подразделений Украины», — сказали в военном ведомстве. || В сводке генштаба вооруженных сил Украины говорится, что информация о российском десанте в Одессе является фейком.   Также штаб сообщает, что ракетно-бомбовые удары были нанесены по аэродромам в Борисполе (Киевская область), Озерном (Житомирская область), Кульбакине (Николаевская область), Чугуеве (Харьковская область), Краматорске (Донецкая область), Чернобаевке (Херсонская область).  «Силы обороны государства находятся в полной боевой готовности, заняты и сохраняют оборонительные позиции. Ситуация под контролем», — уверяют в украинском штабе.",REVIEW_TEXT_RUSSIA_UA_ACTOR,UA_ACTOR_TEXT+RU_SCOPE_TEXT,FALSE,CONFLICT_OR_COMPOSITE,OCCUPIED_UA_AND_RUSSIA_TEXT,EVENT_FORM_UNRESOLVED,NO_DECISIVE_EVENT_FORM_CUE,,P3_SCOPE_CONFLICT_COMPOSITE,TRUE,,UNIQUE_EXACT_REPORT_LEVEL,145117,NO_EXACT_REPORT_DUPLICATE,PENDING
228979,20220224,21,147117|147131|370255,mz,https://www.facebook.com/anton.gerashchenko.7/posts/4865046130248862|https://zona.media/online/2022/02/24/war,STRATEGIC_AIRBASE,аэродром,атак|уничтож,708251,Hostomel,Kiev,Kyievo-Sviatoshyns'kyi,30.264853,50.580265,DROP,DROP_LOCATION_NOT_RU,,,,a_ukr_init_b,,a_ukr_b,0,a_rus_init_b,,a_rus_b,0,Украин,твер,"Советник министра Украины Антон Геращенко сообщил об атаке российских вертолетов на аэродром в Гостомеле в Киевской области. Он опубликовал видео, на котором, по его словам, один из сбитых вертолетов, всего было сбито три.  На видео, снятых местными жителями, говорят, что вертолетов было «штук 20». «Бомбят аэропорт», — говорит голос за кадров. || При захвате аэродрома в Гостомеле под Киевом были убиты больше «200 националистов», утверждает российское Минобороны. «При захвате аэродрома было уничтожено более двухсот националистов из состава специальных подразделений Украины», — сказали в военном ведомстве. || Советник министра Украины Антон Геращенко сообщил об атаке российских вертолетов на аэродром в Гостомеле в Киевской области. Он опубликовал видео, на котором, по его словам, один из сбитых вертолетов, всего было сбито три. На видео, снятых местными жителями, говорят, что вертолетов было «штук 20». «Бомбят аэропорт», — говорит голос за кадров.",REVIEW_TEXT_RUSSIA_UA_ACTOR,UA_ACTOR_TEXT+RU_SCOPE_TEXT,FALSE,RUSSIA_PROPER,RUSSIAN_PLACE_TEXT,EVENT_FORM_UNRESOLVED,NO_DECISIVE_EVENT_FORM_CUE,,P1_RUSSIA_UA_ACTOR,TRUE,,UNIQUE_EXACT_REPORT_LEVEL,228979,NO_EXACT_REPORT_DUPLICATE,PENDING
27256,20220224,2,147089,mz,https://zona.media/online/2022/02/24/war,STRATEGIC_AIRBASE,аэродром,атак|ракет|удар,689198,Volnovakha,Donets'k,Volnovas'kyi,37.483508,47.597907,DROP,DROP_LOCATION_NOT_RU,,,,a_ukr_init_b,,a_ukr_b,0,a_rus_init_b,,a_rus_b,0,ВСУ|Украин,твер,"— Минобороны России утверждает, что наступление ведут силы ДНР и ЛНР при огневой поддержке ВС РФ  — Ведомство настаивает, что атакует только высокоточным оружием и только инфраструктуру вооруженных сил Украины  — Видеозаписи о гражданских жертвах объявлены постановочными фейками  — Минобороны России сообщает, что некоторые части пограничников складывают оружие, по их позициям огонь не ведется  Полная расшифровка брифинга:  «В соответствии с решением верховного главнокомандующего вооруженными силами Российской Федерации, 24 февраля российские вооруженные силы приступили к проведению специальной военной операции по защите Донецкой и Луганской народных республик. Утром народные милиции ДНР и ЛНР, после продолжительных боев по отражению агрессии вооруженных сил Украины на территории республик, провели мобилизацию и создали группировки войск. В настоящее время они перешли в контрнаступление при огневой поддержке российских вооруженных сил. Ими прорван передний край эшелонированной и хорошо оборудованной в инженерном отношении обороны вооруженных сил Украины. Группировка войск Донецкой народной республики, наступая на Волноваху, продвинулась до 3 километров а группировка ЛНР, наступая в направлении населенного пункта Счастье, форсировала [реку] Северский Донец и продвинулась на полтора километра.  Сейчас группировки войск ДНР и ЛНР ведут бои и наносят огневое поражение противнику. Подразделения ВС Украины продолжают обстрелы мирных городов Донбасса, есть жертвы среди гражданского населения Донецкой и Луганской народных республик. ВС РФ никаких ракетных, авиационных или артиллерийских ударов по городам Украины не наносят. Военнослужащие погранслужбы Украины сопротивления российским подразделениям не оказали. Данные средств разведки показывают, что отдельные подразделения и военнослужащие ВС Украины массово покидают занимаемые позиции, бросая вооружение. Позиции подразделений ВСУ, сложивших оружие, ударам не подвергаются  Высокоточным оружием российских вооруженных сил выводится из строя только военная инфраструктура, это объекты ПВО, военные аэродромы, авиация ВСУ. Обращаем внимание СМИ, что Службой безопасности Украины готовятся и уже реализуются провокации по известным лекалам """"""""""""""""белых касок"""""""""""""""": в украинских городах проведены постановочные видеосъемки с якобы массовыми жертвами среди гражданского населения Украины. Подготовленные ролики распространяются через подконтрольные телеграм-каналы и социальные сети. Их целью является обвинение России в якобы неизбирательности и непропорциональности ударов для запугивания населения и трансляции на западных телеканалах. Особо хочу подчеркнуть: ВС России не наносят ударов по городам Украины, мирному населения ничего не угрожает».",REVIEW_TEXT_RUSSIA_UA_ACTOR,UA_ACTOR_TEXT+RU_SCOPE_TEXT,FALSE,CONFLICT_OR_COMPOSITE,OCCUPIED_UA_AND_RUSSIA_TEXT,EVENT_FORM_UNRESOLVED,NO_DECISIVE_EVENT_FORM_CUE,EXACT2022-0001,P3_SCOPE_CONFLICT_COMPOSITE,TRUE,EXACT2022-0001,CANONICAL,27256,EXACT_SOURCE_URL_AND_REPRESENTATIVE_TEXT,PENDING
27259,20220224,1,370237,mz,,STRATEGIC_AIRBASE,аэродром,атак|ракет|удар,689198,Volnovakha,Donets'k,Volnovas'kyi,37.483508,47.597907,DROP,DROP_LOCATION_NOT_RU,,,,a_ukr_init_b,,a_ukr_b,0,a_rus_init_b,,a_rus_b,1,ВСУ|Украин,твер,"— Минобороны России утверждает, что наступление ведут силы ДНР и ЛНР при огневой поддержке ВС РФ — Ведомство настаивает, что атакует только высокоточным оружием и только инфраструктуру вооруженных сил Украины — Видеозаписи о гражданских жертвах объявлены постановочными фейками — Минобороны России сообщает, что некоторые части пограничников складывают оружие, по их позициям огонь не ведется Полная расшифровка брифинга: «В соответствии с решением верховного главнокомандующего вооруженными силами Российской Федерации, 24 февраля российские вооруженные силы приступили к проведению специальной военной операции по защите Донецкой и Луганской народных республик. Утром народные милиции ДНР и ЛНР, после продолжительных боев по отражению агрессии вооруженных сил Украины на территории республик, провели мобилизацию и создали группировки войск. В настоящее время они перешли в контрнаступление при огневой поддержке российских вооруженных сил. Ими прорван передний край эшелонированной и хорошо оборудованной в инженерном отношении обороны вооруженных сил Украины. Группировка войск Донецкой народной республики, наступая на Волноваху, продвинулась до 3 километров а группировка ЛНР, наступая в направлении населенного пункта Счастье, форсировала [реку] Северский Донец и продвинулась на полтора километра. Сейчас группировки войск ДНР и ЛНР ведут бои и наносят огневое поражение противнику. Подразделения ВС Украины продолжают обстрелы мирных городов Донбасса, есть жертвы среди гражданского населения Донецкой и Луганской народных республик. ВС РФ никаких ракетных, авиационных или артиллерийских ударов по городам Украины не наносят. Военнослужащие погранслужбы Украины сопротивления российским подразделениям не оказали. Данные средств разведки показывают, что отдельные подразделения и военнослужащие ВС Украины массово покидают занимаемые позиции, бросая вооружение. Позиции подразделений ВСУ, сложивших оружие, ударам не подвергаются Высокоточным оружием российских вооруженных сил выводится из строя только военная инфраструктура, это объекты ПВО, военные аэродромы, авиация ВСУ. Обращаем внимание СМИ, что Службой безопасности Украины готовятся и уже реализуются провокации по известным лекалам """"белых касок"""": в украинских городах проведены постановочные видеосъемки с якобы массовыми жертвами среди гражданского населения Украины. Подготовленные ролики распространяются через подконтрольные телеграм-каналы и социальные сети. Их целью является обвинение России в якобы неизбирательности и непропорциональности ударов для запугивания населения и трансляции на западных телеканалах. Особо хочу подчеркнуть: ВС России не наносят ударов по городам Украины, мирному населения ничего не угрожает».",REVIEW_TEXT_RUSSIA_UA_ACTOR,UA_ACTOR_TEXT+RU_SCOPE_TEXT,FALSE,CONFLICT_OR_COMPOSITE,OCCUPIED_UA_AND_RUSSIA_TEXT,EVENT_FORM_UNRESOLVED,NO_DECISIVE_EVENT_FORM_CUE,EXACT2022-0002,P3_SCOPE_CONFLICT_COMPOSITE,TRUE,EXACT2022-0002,CANONICAL,27259,EXACT_SOURCE_URL_AND_REPRESENTATIVE_TEXT,PENDING
342494,20220224,6,147023,mz,https://www.facebook.com/anton.gerashchenko.7/posts/4865046130248862,STRATEGIC_AIRBASE,аэродром,Уничтож|ракет,11550168,Nahortsi,Kiev,Ivankivs'kyi,30.12291,51.37472,DROP,DROP_LOCATION_NOT_RU,,,,a_ukr_init_b,,a_ukr_b,0,a_rus_init_b,,a_rus_b,0,украин,твер,"Российские СМИ публикуют информацию от Минобороны России. Территория в районе Чернобыльской АЭС накануне была взята под полный контроль российских войск, с военнослужащими украинского батальона охраны станции «достигнута договоренность о совместном обеспечении безопасности», радиоактивный фон в норме (при этом в инспекции ядерного регулирования Украины говорят, что радиоционный фон повысился из-за перемещения тяжеловесной техники по земле). В районе острова Змеиный сдались 82 украинских военных, с них берут подписку об отказе от боев и отпускают, утверждают в министерстве. Всего сложили оружие более 150 военных. Уничтожено 11 военных аэродромов, 13 пунктов управления, 14 зенитных ракетных комплексов ПВО, 36 радиолокационных станций, 11 летательных аппаратов, 18 бронированных машин, семь систем залпового огня.",REVIEW_TEXT_RUSSIA_UA_ACTOR,UA_ACTOR_TEXT+RU_SCOPE_TEXT,FALSE,RUSSIA_PROPER,RUSSIAN_PLACE_TEXT,EVENT_FORM_UNRESOLVED,NO_DECISIVE_EVENT_FORM_CUE,EXACT2022-0079,P1_RUSSIA_UA_ACTOR,TRUE,EXACT2022-0079,CANONICAL,342494,EXACT_SOURCE_URL_AND_REPRESENTATIVE_TEXT,PENDING
65163,20220224,13,147086|147302|370396,mz,https://zona.media/online/2022/02/24/war,STRATEGIC_AIRBASE,аэродром,атак|ракет|удар,695094,Ruttschenkowo,Donets'k,Donets'ka,37.675289,47.955082,DROP,DROP_LOCATION_NOT_RU,,,,a_ukr_init_b,,a_ukr_b,0,a_rus_init_b,,a_rus_b,0,ВСУ|Силы оборон|Украин,твер,"— Минобороны России утверждает, что наступление ведут силы ДНР и ЛНР при огневой поддержке ВС РФ  — Ведомство настаивает, что атакует только высокоточным оружием и только инфраструктуру вооруженных сил Украины  — Видеозаписи о гражданских жертвах объявлены постановочными фейками  — Минобороны России сообщает, что некоторые части пограничников складывают оружие, по их позициям огонь не ведется  Полная расшифровка брифинга:  «В соответствии с решением верховного главнокомандующего вооруженными силами Российской Федерации, 24 февраля российские вооруженные силы приступили к проведению специальной военной операции по защите Донецкой и Луганской народных республик. Утром народные милиции ДНР и ЛНР, после продолжительных боев по отражению агрессии вооруженных сил Украины на территории республик, провели мобилизацию и создали группировки войск. В настоящее время они перешли в контрнаступление при огневой поддержке российских вооруженных сил. Ими прорван передний край эшелонированной и хорошо оборудованной в инженерном отношении обороны вооруженных сил Украины. Группировка войск Донецкой народной республики, наступая на Волноваху, продвинулась до 3 километров а группировка ЛНР, наступая в направлении населенного пункта Счастье, форсировала [реку] Северский Донец и продвинулась на полтора километра.  Сейчас группировки войск ДНР и ЛНР ведут бои и наносят огневое поражение противнику. Подразделения ВС Украины продолжают обстрелы мирных городов Донбасса, есть жертвы среди гражданского населения Донецкой и Луганской народных республик. ВС РФ никаких ракетных, авиационных или артиллерийских ударов по городам Украины не наносят. Военнослужащие погранслужбы Украины сопротивления российским подразделениям не оказали. Данные средств разведки показывают, что отдельные подразделения и военнослужащие ВС Украины массово покидают занимаемые позиции, бросая вооружение. Позиции подразделений ВСУ, сложивших оружие, ударам не подвергаются  Высокоточным оружием российских вооруженных сил выводится из строя только военная инфраструктура, это объекты ПВО, военные аэродромы, авиация ВСУ. Обращаем внимание СМИ, что Службой безопасности Украины готовятся и уже реализуются провокации по известным лекалам """"""""""""""""белых касок"""""""""""""""": в украинских городах проведены постановочные видеосъемки с якобы массовыми жертвами среди гражданского населения Украины. Подготовленные ролики распространяются через подконтрольные телеграм-каналы и социальные сети. Их целью является обвинение России в якобы неизбирательности и непропорциональности ударов для запугивания населения и трансляции на западных телеканалах. Особо хочу подчеркнуть: ВС России не наносят ударов по городам Украины, мирному населения ничего не угрожает». || В сводке генштаба вооруженных сил Украины говорится, что информация о российском десанте в Одессе является фейком.   Также штаб сообщает, что ракетно-бомбовые удары были нанесены по аэродромам в Борисполе (Киевская область), Озерном (Житомирская область), Кульбакине (Николаевская область), Чугуеве (Харьковская область), Краматорске (Донецкая область), Чернобаевке (Херсонская область).  «Силы обороны государства находятся в полной боевой готовности, заняты и сохраняют оборонительные позиции. Ситуация под контролем», — уверяют в украинском штабе. || В сводке генштаба вооруженных сил Украины говорится, что информация о российском десанте в Одессе является фейком. Также штаб сообщает, что ракетно-бомбовые удары были нанесены по аэродромам в Борисполе (Киевская область), Озерном (Житомирская область), Кульбакине (Николаевская область), Чугуеве (Харьковская область), Краматорске (Донецкая область), Чернобаевке (Херсонская область). «Силы обороны государства находятся в полной боевой готовности, заняты и сохраняют оборонительные позиции. Ситуация под контролем», — уверяют в украинском штабе.",REVIEW_TEXT_RUSSIA_UA_ACTOR,UA_ACTOR_TEXT+RU_SCOPE_TEXT,FALSE,CONFLICT_OR_COMPOSITE,OCCUPIED_UA_AND_RUSSIA_TEXT,EVENT_FORM_UNRESOLVED,NO_DECISIVE_EVENT_FORM_CUE,,P3_SCOPE_CONFLICT_COMPOSITE,TRUE,,UNIQUE_EXACT_REPORT_LEVEL,65163,NO_EXACT_REPORT_DUPLICATE,PENDING
145205,20220225,28,147404,mz,https://zona.media/online/2022/02/24/war-2,STRATEGIC_AIRBASE,аэродром,уничтож,703448,Kyiv,Kiev City,Shevchenkivs'kyi,30.52355,50.450441,DROP,DROP_LOCATION_NOT_RU,,,,a_ukr_init_b,,a_ukr_b,0,a_rus_init_b,,a_rus_b,0,Украин,твер,"При захвате аэродрома в Гостомеле под Киевом были убиты больше «200 националистов», утверждает российское Минобороны.  «При захвате аэродрома было уничтожено более двухсот националистов из состава специальных подразделений Украины», — сказали в военном ведомстве.",REVIEW_TEXT_RUSSIA_UA_ACTOR,UA_ACTOR_TEXT+RU_SCOPE_TEXT,FALSE,RUSSIA_PROPER,RUSSIAN_PLACE_TEXT,EVENT_FORM_UNRESOLVED,NO_DECISIVE_EVENT_FORM_CUE,EXACT2022-0080,P1_RUSSIA_UA_ACTOR,TRUE,EXACT2022-0080,CANONICAL,145205,EXACT_SOURCE_URL_AND_REPRESENTATIVE_TEXT,PENDING
342498,20220225,3,147348,mz,https://zona.media/online/2022/02/24/war-2,STRATEGIC_AIRBASE,аэродром,Уничтож|ракет,11550168,Nahortsi,Kiev,Ivankivs'kyi,30.12291,51.37472,DROP,DROP_LOCATION_NOT_RU,,,,a_ukr_init_b,,a_ukr_b,0,a_rus_init_b,,a_rus_b,0,украин,твер,"Российские СМИ публикуют информацию от Минобороны России.  Территория в районе Чернобыльской АЭС накануне была взята под полный контроль российских войск, с военнослужащими украинского батальона охраны станции «достигнута договоренность о совместном обеспечении безопасности», радиоактивный фон в норме (при этом в инспекции ядерного регулирования Украины говорят, что радиоционный фон повысился из-за перемещения тяжеловесной техники по земле).  В районе острова Змеиный сдались 82 украинских военных, с них берут подписку об отказе от боев и отпускают, утверждают в министерстве. Всего сложили оружие более 150 военных.   Уничтожено 11 военных аэродромов, 13 пунктов управления, 14 зенитных ракетных комплексов ПВО, 36 радиолокационных станций, 11 летательных аппаратов, 18 бронированных машин, семь систем залпового огня.",REVIEW_TEXT_RUSSIA_UA_ACTOR,UA_ACTOR_TEXT+RU_SCOPE_TEXT,FALSE,RUSSIA_PROPER,RUSSIAN_PLACE_TEXT,EVENT_FORM_UNRESOLVED,NO_DECISIVE_EVENT_FORM_CUE,EXACT2022-0081,P1_RUSSIA_UA_ACTOR,TRUE,EXACT2022-0081,CANONICAL,342498,EXACT_SOURCE_URL_AND_REPRESENTATIVE_TEXT,PENDING
145301,20220226,103,147617|147625,mz,https://t.me/uniannet/32695,FUEL_STORAGE_TERMINAL|STRATEGIC_AIRBASE,авиабаз|аэродром|нефтебаз,взрыв|ракет|удар,703448,Kyiv,Kiev City,Shevchenkivs'kyi,30.52355,50.450441,DROP,DROP_LOCATION_NOT_RU,,,,a_ukr_init_b,,a_ukr_b,0,a_rus_init_b,,a_rus_b,0,ВСУ|Украин,орел|твер,"В городе Василькове в 25 километрах к юго-западу от окраины Киева после ракетного удара загорелась нефтебаза, пишет «Сегодня» со ссылкой на мэра города Наталью Баласинович. «Уважаемая Васильковская община! Вы видите все происходящее. Видите огонь. Это, к сожалению, горит нефтебаза на Крячках. Сегодня весь день шли мощные обстрелы баллистическими ракетами, в том числе — нашего аэродрома. И сейчас идут обстрелы. Ночь будет непростой, что у нас, что в Киеве. <﻿…﻿> Если вы слышите сильные взрывы — идите в укрытия», — приводит ее слова Znak. Вчера УНИАН сообщал о боях в Василькове после попытки высадить десант с воздуха. «Украинская правда» со ссылкой на неназванного собеседника в командовании ВСУ писала, что бой шел за авиабазу «Васильков», на которой базируются шесть самолетов МиГ-29. || На онлайн-камере, установленной на Майдане в центре Киева, всю ночь с небольшими перерывами слышна стрельба очередями и взрывы. Чаще всего выстрелы звучат в отдалении, но иногда очереди раздаются в непосредственной близости от места съемки. Украинские СМИ о местах боев в городе за ночь не сообщали. Глава Киевской областной администрации Алексей Кулеба написал, что бой продолжается в городе Васильков. Накануне в городе, как утверждают вооруженные силы Украины, пытался высадиться российский десант и захватить военный аэропорт. В Василькове горит нефтебаза.",REVIEW_TEXT_RUSSIA_UA_ACTOR,UA_ACTOR_TEXT+RU_SCOPE_TEXT,FALSE,RUSSIA_PROPER,RUSSIAN_PLACE_TEXT,FOLLOWUP_OR_AFTERMATH,FOLLOWUP_CUE_NO_FRESH_VERB,,P1_RUSSIA_UA_ACTOR,TRUE,,UNIQUE_EXACT_REPORT_LEVEL,145301,NO_EXACT_REPORT_DUPLICATE,PENDING
32209,20220226,8,147616|147618|147627,mz,https://t.me/uniannet/32695,FUEL_STORAGE_TERMINAL|STRATEGIC_AIRBASE,авиабаз|аэродром|нефтебаз,взрыв|ракет|удар,690412,Vasylkiv,Kiev,Vasyl'kivs'kyi,30.313146,50.179501,DROP,DROP_LOCATION_NOT_RU,,,,a_ukr_init_b,,a_ukr_b,0,a_rus_init_b,,a_rus_b,0,ВСУ|Украин,орел|твер,"В городе Василькове в 25 километрах к юго-западу от окраины Киева после ракетного удара загорелась нефтебаза, пишет «Сегодня» со ссылкой на мэра города Наталью Баласинович. «Уважаемая Васильковская община! Вы видите все происходящее. Видите огонь. Это, к сожалению, горит нефтебаза на Крячках. Сегодня весь день шли мощные обстрелы баллистическими ракетами, в том числе — нашего аэродрома. И сейчас идут обстрелы. Ночь будет непростой, что у нас, что в Киеве. <﻿…﻿> Если вы слышите сильные взрывы — идите в укрытия», — приводит ее слова Znak. Вчера УНИАН сообщал о боях в Василькове после попытки высадить десант с воздуха. «Украинская правда» со ссылкой на неназванного собеседника в командовании ВСУ писала, что бой шел за авиабазу «Васильков», на которой базируются шесть самолетов МиГ-29. || В городе Василькове в 25 километрах к юго-западу от окраины Киева после ракетного удара загорелась нефтебаза, пишет «Сегодня» со ссылкой на мэра города Наталью Баласинович. «Уважаемая Васильковская община! Вы видите все происходящее. Видите огонь. Это, к сожалению, горит нефтебаза на Крячках. Сегодня весь день шли мощные обстрелы баллистическими ракетами, в том числе — нашего аэродрома. И сейчас идут обстрелы. Ночь будет непростой, что у нас, что в Киеве. <﻿…﻿> Если вы слышите сильные взрывы — идите в укрытия», — приводит ее слова Znak. Вчера УНИАН сообщал о боях в Василькове после попытки высадить десант с воздуха. «Украинская правда» со ссылкой на неназванного собеседника в командовании ВСУ писала, что бой шел за авиабазу «Васильков», на которой базируются шесть самолетов МиГ-29. || На онлайн-камере, установленной на Майдане в центре Киева, всю ночь с небольшими перерывами слышна стрельба очередями и взрывы. Чаще всего выстрелы звучат в отдалении, но иногда очереди раздаются в непосредственной близости от места съемки. Украинские СМИ о местах боев в городе за ночь не сообщали. Глава Киевской областной администрации Алексей Кулеба написал, что бой продолжается в городе Васильков. Накануне в городе, как утверждают вооруженные силы Украины, пытался высадиться российский десант и захватить военный аэропорт. В Василькове горит нефтебаза.",REVIEW_TEXT_RUSSIA_UA_ACTOR,UA_ACTOR_TEXT+RU_SCOPE_TEXT,FALSE,RUSSIA_PROPER,RUSSIAN_PLACE_TEXT,FOLLOWUP_OR_AFTERMATH,FOLLOWUP_CUE_NO_FRESH_VERB,,P1_RUSSIA_UA_ACTOR,TRUE,,UNIQUE_EXACT_REPORT_LEVEL,32209,NO_EXACT_REPORT_DUPLICATE,PENDING
145724,20220303,53,147898,mz,https://www.youtube.com/watch?v=fYUT36YGOh8,STRATEGIC_AIRBASE,аэродром,атак,703448,Kyiv,Kiev City,Shevchenkivs'kyi,30.52355,50.450441,DROP,DROP_LOCATION_NOT_RU,,,,a_ukr_init_b,,a_ukr_b,0,a_rus_init_b,,a_rus_b,0,украин,орел|твер,"Российский «Первый канал» опубликовал репортаж из аэродрома Гостомель под Киевом. На кадрах репортажа виден сожженный самолет Ан-225 «Мрия» — один из самых больших и мощных самолетов украинского производства в мире. Сотрудница «Первого канала» утверждает, что в ангар, где находилось судно, попал снаряд украинской артиллерии. 27 февраля, на четвертый день вторжения в Украину, Верховная рада сообщала, что «Мрия» сгорела в результате воздушной атаки российских войск.",REVIEW_TEXT_RUSSIA_UA_ACTOR,UA_ACTOR_TEXT+RU_SCOPE_TEXT,FALSE,RUSSIA_PROPER,RUSSIAN_PLACE_TEXT,EVENT_FORM_UNRESOLVED,NO_DECISIVE_EVENT_FORM_CUE,EXACT2022-0082,P1_RUSSIA_UA_ACTOR,TRUE,EXACT2022-0082,CANONICAL,145724,EXACT_SOURCE_URL_AND_REPRESENTATIVE_TEXT,PENDING
29408,20220305,4,148066|148078,mz,https://www.instagram.com/p/Cat6IYVqteF/,STRATEGIC_AIRBASE,аэродром,ракет|удар|уничтож,689558,Vinnytsya,Vinnytsya,Vinnyts'ka,28.46868,49.232559,DROP,DROP_LOCATION_NOT_RU,,,,a_ukr_init_b,,a_ukr_b,0,a_rus_init_b,,a_rus_b,0,ВСУ|Украин,твер,"Советник главы МВД Украины Антон Геращенко опубликовал фото и видео последствий ракетного удара по аэропорту в Виннице. Снимки непосредственно с территории разрушенного аэродрома у себя в телеграм-канале выложил мэр Винницы Сергей Моргунов. Ранее Владимир Зеленский сообщил, что в результате ракетного удара аэропорт оказался разрушен. Глава МИД Украины уточнил, что удар по Виннице был нанесен крылатыми ракетами. || Вечерний брифинг Минобороны, коротко: — Минобороны подтвердило уничтожение аэродрома в Виннице; — Практически вся боеспособная авиация ВСУ уничтожена, утверждают в Минобороны; — Также в Минобороны утверждают, что оставшаяся украинская авиация базируется в соседних странах, в том числе в Румынии. Это может расцениваться как вовлечение таких стран в вооруженный конфликт, сказал представитель Минобороны Игорь Конашенков. — Конашенков также утверждает, что российские военные вскрыли «факты зачистки киевским режимом следов реализуемой на Украине военно-биологической программы, финансируемой Минобороны США». По словам Конашенкова, российским военными получены данные о «секретных биологических экспериментах на территории Украины».",REVIEW_TEXT_RUSSIA_UA_ACTOR,UA_ACTOR_TEXT+RU_SCOPE_TEXT,FALSE,RUSSIA_PROPER,RUSSIAN_PLACE_TEXT,FOLLOWUP_OR_AFTERMATH,FOLLOWUP_CUE_NO_FRESH_VERB,EXACT2022-0083,P1_RUSSIA_UA_ACTOR,TRUE,EXACT2022-0083,CANONICAL,29408,EXACT_SOURCE_URL_AND_REPRESENTATIVE_TEXT,PENDING
75116,20220306,1,148217,mz,https://www.facebook.com/DSNSMYKOL/posts/264908269151338,FUEL_STORAGE_TERMINAL,нефтебаз,взрыв|пожар|ракет|удар,695379,Rovenky,Luhans'k,Roven'kivs'ka,39.370123,48.087797,DROP,DROP_LOCATION_NOT_RU,,,,a_ukr_init_b,,a_ukr_b,0,a_rus_init_b,,a_rus_b,0,украин,твер,"На нефтебазе в Луганске начался пожар. Представители самопровозглашенной ЛНР утверждают, что удар по объекту нанесла украинская сторона, пишет «Интерфакс». Обновлено в 09:55. Глава СК Александр Бастрыкин, по данным «РИА Новости», поручил возбудить уголовное дело «по факту нанесения ракетного удара» по нефтебазе. Восемью днями ранее он требовал провести аналогичное расследование после взрыва нефтебазы в городе Ровеньки на территории ЛНР.",REVIEW_TEXT_RUSSIA_UA_ACTOR,UA_ACTOR_TEXT+RU_SCOPE_TEXT,FALSE,CONFLICT_OR_COMPOSITE,OCCUPIED_UA_AND_RUSSIA_TEXT,EVENT_FORM_UNRESOLVED,NO_DECISIVE_EVENT_FORM_CUE,EXACT2022-0084,P3_SCOPE_CONFLICT_COMPOSITE,TRUE,EXACT2022-0084,CANONICAL,75116,EXACT_SOURCE_URL_AND_REPRESENTATIVE_TEXT,PENDING
137506,20220307,10,1063010|148301|247904|247906,mz|nv|ria,https://nv.ua/ukr/ukraine/events/himars-atakuvav-sklad-boyepripasiv-rf-u-luganskiy-oblasti-zmi-50399047.html|https://ria.ru/20220307/delo-1777006175.html|https://ria.ru/20220307/lugansk-1776994984.html|https://www.facebook.com/DSNSMYKOL/posts/264908269151338,AMMUNITION_ARSENAL|FUEL_STORAGE_TERMINAL,нефтебаз|склад боєприпас,Атак|взрыв|пожар|ракет|удар,702658,Luhansk,Luhans'k,Luhans'ka,39.307708,48.573896,DROP,DROP_LOCATION_NOT_RU,,,,a_ukr_init_b,,a_ukr_b,0,a_rus_init_b,,a_rus_b,0,украин,твер,"На нефтебазе в Луганске начался пожар. Представители самопровозглашенной ЛНР утверждают, что удар по объекту нанесла украинская сторона, пишет «Интерфакс». Обновлено в 09:55. Глава СК Александр Бастрыкин, по данным «РИА Новости», поручил возбудить уголовное дело «по факту нанесения ракетного удара» по нефтебазе. Восемью днями ранее он требовал провести аналогичное расследование после взрыва нефтебазы в городе Ровеньки на территории ЛНР. || Украинские силовики нанесли ракетный удар по нефтебазе в Луганске || СК расследует нанесение удара по нефтебазе в Луганске",REVIEW_TEXT_RUSSIA_UA_ACTOR,UA_ACTOR_TEXT+RU_SCOPE_TEXT,FALSE,CONFLICT_OR_COMPOSITE,OCCUPIED_UA_AND_RUSSIA_TEXT,EVENT_FORM_UNRESOLVED,NO_DECISIVE_EVENT_FORM_CUE,,P3_SCOPE_CONFLICT_COMPOSITE,TRUE,,UNIQUE_EXACT_REPORT_LEVEL,137506,NO_EXACT_REPORT_DUPLICATE,PENDING
273318,20220324,10,371167,mz,https://kostroma.news/news/na-ukraine-pogibli-uzhe-bolee-dvadczati-kostromskih-desantnikov/,AMMUNITION_ARSENAL,склад с российскими боеприпас,пожар,712451,Berdyansk,Zaporizhzhya,Berdians'ka,36.789317,46.755673,DROP,DROP_LOCATION_NOT_RU,,,,a_ukr_init_b,,a_ukr_b,0,a_rus_init_b,,a_rus_b,0,Украин,орел,"В порту Бердянска, захваченного российскими войсками, начался пожар, сообщает телеграм-канал «Бердянск Сейчас». По данным телеканала «Украина 24», загорелась емкость с топливом, и пламя перекинулось на склад с российскими боеприпасами.",REVIEW_TEXT_RUSSIA_UA_ACTOR,UA_ACTOR_TEXT+RU_SCOPE_TEXT,FALSE,CONFLICT_OR_COMPOSITE,OCCUPIED_UA_AND_RUSSIA_TEXT,EVENT_FORM_UNRESOLVED,NO_DECISIVE_EVENT_FORM_CUE,,P3_SCOPE_CONFLICT_COMPOSITE,TRUE,,UNIQUE_EXACT_REPORT_LEVEL,273318,NO_EXACT_REPORT_DUPLICATE,PENDING
147220,20220401,49,249897|59863,liveuamap|ria,https://ria.ru/20220401/spetsoperatsiya-1781396455.html|https://twitter.com/Novynarnia/status/1509468013971582977,FUEL_STORAGE_TERMINAL,нафтобаз|нефтебаз,ракет|удар,703448,Kyiv,Kiev City,Shevchenkivs'kyi,30.52355,50.450441,DROP,DROP_LOCATION_NOT_RU,,,,a_ukr_init_b,,a_ukr_b,0,a_rus_init_b,,a_rus_b,0,Украин,Москв,"Росія ракетами розбомбила нафтобазу у Фастові Київської області || День 37-й: удар Украины по нефтебазе, проработка контактов Москвы и Киева",REVIEW_TEXT_RUSSIA_UA_ACTOR,UA_ACTOR_TEXT+RU_SCOPE_TEXT,FALSE,RUSSIA_PROPER,RUSSIAN_PLACE_TEXT,EVENT_FORM_UNRESOLVED,NO_DECISIVE_EVENT_FORM_CUE,,P1_RUSSIA_UA_ACTOR,TRUE,,UNIQUE_EXACT_REPORT_LEVEL,147220,NO_EXACT_REPORT_DUPLICATE,PENDING
254082,20220414,1,322171,espreso,https://espreso.tv/chornobaivka-15-raz-zsu-znishchili-rosiyski-skladi-boepripasiv-a-okupatsiyniy-kreyser-moskva-zatonuv-arestovich,AMMUNITION_ARSENAL,склади боєприпас,знищ,710715,Chornobaivka,Kherson,Bilozers'kyi,32.545136,46.694826,DROP,DROP_LOCATION_NOT_RU,,,,a_ukr_init_b,,a_ukr_b,1,a_rus_init_b,,a_rus_b,0,ЗСУ,Москв,"Чорнобаївка 15 раз: ЗСУ знищили російські склади боєприпасів, а окупаційний крейсер """"""""Москва"""""""" затонув",REVIEW_TEXT_RUSSIA_UA_ACTOR,UA_ACTOR_TEXT+RU_SCOPE_TEXT,FALSE,RUSSIA_PROPER,RUSSIAN_PLACE_TEXT,EVENT_FORM_UNRESOLVED,NO_DECISIVE_EVENT_FORM_CUE,,P1_RUSSIA_UA_ACTOR,TRUE,,UNIQUE_EXACT_REPORT_LEVEL,254082,NO_EXACT_REPORT_DUPLICATE,PENDING
131195,20220504,9,153797|153798,ntv,https://www.ntv.ru/novosti/2704384/|https://www.ntv.ru/video/click2111410/,FUEL_STORAGE_TERMINAL,Нефтебаз,атак|взрыв|удар,702320,Makiivka,Donets'k,Maki‹vs'ka,37.965831,48.046529,DROP,DROP_LOCATION_NOT_RU,,,,a_ukr_init_b,,a_ukr_b,0,a_rus_init_b,,a_rus_b,0,Украин,орел,Нефтебаза в Макеевке загорелась после взрыва 16+ — Специальная военная операция России || Нефтебаза в Макеевке загорелась после взрыва — Специальная военная операция России Украинские военные атаковали Макеевку в Донецкой народной республике. Под удар попала нефтебаза в Червоногвардейском районе.,REVIEW_TEXT_RUSSIA_UA_ACTOR,UA_ACTOR_TEXT+RU_SCOPE_TEXT,FALSE,CONFLICT_OR_COMPOSITE,OCCUPIED_UA_AND_RUSSIA_TEXT,FRESH_ATTACK_WORDING,FRESH_ATTACK_CUE,EXACT2022-0085,P3_SCOPE_CONFLICT_COMPOSITE,TRUE,EXACT2022-0085,CANONICAL,131195,EXACT_SOURCE_URL_AND_REPRESENTATIVE_TEXT,PENDING
65895,20220504,4,153800,ntv,https://www.ntv.ru/novosti/2704384/,FUEL_STORAGE_TERMINAL,Нефтебаз,атак|взрыв|удар,695094,Ruttschenkowo,Donets'k,Donets'ka,37.675289,47.955082,DROP,DROP_LOCATION_NOT_RU,,,,a_ukr_init_b,,a_ukr_b,0,a_rus_init_b,,a_rus_b,0,Украин,орел,Нефтебаза в Макеевке загорелась после взрыва — Специальная военная операция России Украинские военные атаковали Макеевку в Донецкой народной республике. Под удар попала нефтебаза в Червоногвардейском районе.,REVIEW_TEXT_RUSSIA_UA_ACTOR,UA_ACTOR_TEXT+RU_SCOPE_TEXT,FALSE,CONFLICT_OR_COMPOSITE,OCCUPIED_UA_AND_RUSSIA_TEXT,FRESH_ATTACK_WORDING,FRESH_ATTACK_CUE,EXACT2022-0086,P3_SCOPE_CONFLICT_COMPOSITE,TRUE,EXACT2022-0086,CANONICAL,65895,EXACT_SOURCE_URL_AND_REPRESENTATIVE_TEXT,PENDING
65918,20220505,1,1876164,meduza,https://twitter.com/Kramatorsk_Post/status/1522617227329126402,AMMUNITION_ARSENAL,склад боеприпас,ракет|удар|уничтож,695094,Ruttschenkowo,Donets'k,Donets'ka,37.675289,47.955082,DROP,DROP_LOCATION_NOT_RU,,,,a_ukr_init_b,,a_ukr_b,0,a_rus_init_b,,a_rus_b,0,украин,твер,"Разрушения на предприятии Энергомашспецсталь в Краматорске (Донецкая область) после ракетного удара. Как сообщается, почти полностью уничтожено оборудование кузнечно-прессового цеха. Российское Минобороны утверждает, что там был украинский склад боеприпасов. .",REVIEW_TEXT_RUSSIA_UA_ACTOR,UA_ACTOR_TEXT+RU_SCOPE_TEXT,FALSE,CONFLICT_OR_COMPOSITE,OCCUPIED_UA_AND_RUSSIA_TEXT,EVENT_FORM_UNRESOLVED,NO_DECISIVE_EVENT_FORM_CUE,EXACT2022-0011,P3_SCOPE_CONFLICT_COMPOSITE,TRUE,EXACT2022-0011,CANONICAL,65918,EXACT_SOURCE_URL_AND_REPRESENTATIVE_TEXT,PENDING
336556,20220520,2,154248,ntv,https://www.ntv.ru/novosti/2706383/,DEFENSE_INDUSTRY,"военная операция России Условия, в которых содержат сдавшихся военнопленных с завод",атак,10323823,Miskyi Ostriv,Donets'k,Mariupol's'ka,37.574211,47.096046,DROP,DROP_LOCATION_NOT_RU,,,,a_ukr_init_b,,a_ukr_b,0,a_rus_init_b,,a_rus_b,0,украин,осети,"Пленных с «Азовстали» навестили представители украинской стороны и сотрудники Красного Креста — Специальная военная операция России Условия, в которых содержат сдавшихся военнопленных с завода «Азовсталь», проверила специальная делегация. В нее вошли представители Украины и сотрудники Красного Креста. Они посетили пункт, куда привозят сложивших оружие боевиков нацформирований. Только накануне с белым флагом из катакомб предприятия вышли около 700 человек. Среди них много раненых. Нацистов из «Азовстали» вывозили автобусами под чуткой охраной российских военных и сил народной милиции.",REVIEW_TEXT_RUSSIA_UA_ACTOR,UA_ACTOR_TEXT+RU_SCOPE_TEXT,FALSE,UNKNOWN,NO_DECISIVE_SCOPE_TEXT,EVENT_FORM_UNRESOLVED,NO_DECISIVE_EVENT_FORM_CUE,,P6_SCOPE_UNKNOWN,TRUE,,UNIQUE_EXACT_REPORT_LEVEL,336556,NO_EXACT_REPORT_DUPLICATE,PENDING
192361,20220610,1,1626656,meduza,https://t.me/milinfolive/85166,STRATEGIC_AIRBASE,аэродром,удар|уничтож,706004,Kryvoruchka,Mykolayiv,Voznesens'kyi,31.248662,47.506035,DROP,DROP_LOCATION_NOT_RU,,,,a_ukr_init_b,,a_ukr_b,0,a_rus_init_b,,a_rus_b,1,Украин,твер,"Как утверждается, уничтоженный российским ударом Су-25 ВВС Украины на военном аэродроме Мартыновское под Вознесенском (Николаевская область).",REVIEW_TEXT_RUSSIA_UA_ACTOR,UA_ACTOR_TEXT+RU_SCOPE_TEXT,FALSE,RUSSIA_PROPER,RUSSIAN_PLACE_TEXT,EVENT_FORM_UNRESOLVED,NO_DECISIVE_EVENT_FORM_CUE,,P1_RUSSIA_UA_ACTOR,TRUE,,UNIQUE_EXACT_REPORT_LEVEL,192361,NO_EXACT_REPORT_DUPLICATE,PENDING
342727,20220624,1,1626746,meduza,https://t.me/NeoficialniyBeZsonoV/15122,AMMUNITION_ARSENAL,склад боеприпас,уничтож,11566277,Polihon,Mykolayiv,Zhovtnevyi,32.15029,46.95456,DROP,DROP_LOCATION_NOT_RU,,,,a_ukr_init_b,,a_ukr_b,0,a_rus_init_b,,a_rus_b,0,украин,твер,"Утверждается, что российская артиллерия уничтожила украинские полевой склад боеприпасов и позиции под Николаевым (Николаевская область).",REVIEW_TEXT_RUSSIA_UA_ACTOR,UA_ACTOR_TEXT+RU_SCOPE_TEXT,FALSE,RUSSIA_PROPER,RUSSIAN_PLACE_TEXT,EVENT_FORM_UNRESOLVED,NO_DECISIVE_EVENT_FORM_CUE,,P1_RUSSIA_UA_ACTOR,TRUE,,UNIQUE_EXACT_REPORT_LEVEL,342727,NO_EXACT_REPORT_DUPLICATE,PENDING
170419,20220627,8,1641494,liga,https://news.liga.net/politics/news/rakety-po-kremenchugu-zapuskali-strategicheskie-bombardirovschiki-iz-kurskoy-oblasti-vs-vsu,STRATEGIC_AIRBASE,стратегические бомбард,Ракет,704147,Kremenchuk,Poltava,Kremenchuts'kyi,33.410241,49.065499,DROP,DROP_LOCATION_NOT_RU,,,,a_ukr_init_b,,a_ukr_b,0,a_rus_init_b,,a_rus_b,0,ВСУ,Курск,обновленодополнено Ракеты по Кременчугу запускали стратегические бомбардировщики из Курской области – ВС ВСУ,REVIEW_TEXT_RUSSIA_UA_ACTOR,UA_ACTOR_TEXT+RU_SCOPE_TEXT,FALSE,RUSSIA_PROPER,RUSSIAN_PLACE_TEXT,EVENT_FORM_UNRESOLVED,NO_DECISIVE_EVENT_FORM_CUE,,P1_RUSSIA_UA_ACTOR,TRUE,,UNIQUE_EXACT_REPORT_LEVEL,170419,NO_EXACT_REPORT_DUPLICATE,PENDING
273586,20220630,1,313685,nv,https://nv.ua/ukr/ukraine/events/zsu-vdarili-po-aerodromu-berdyanska-vluchivshi-po-shtabu-ta-sklad-rosiyan-genshtab-50335550.html,STRATEGIC_AIRBASE,аеродром,удар,712451,Berdyansk,Zaporizhzhya,Berdians'ka,36.789317,46.755673,DROP,DROP_LOCATION_NOT_RU,,,,a_ukr_init_b,,a_ukr_b,1,a_rus_init_b,,a_rus_b,0,ЗСУ,твер,ЗСУ підтвердили удар по аеродрому біля Бердянська: влучили в штаб і склад росіян,REVIEW_TEXT_RUSSIA_UA_ACTOR,UA_ACTOR_TEXT+RU_SCOPE_TEXT,FALSE,CONFLICT_OR_COMPOSITE,OCCUPIED_UA_AND_RUSSIA_TEXT,FRESH_ATTACK_WORDING,FRESH_ATTACK_CUE,,P3_SCOPE_CONFLICT_COMPOSITE,TRUE,,UNIQUE_EXACT_REPORT_LEVEL,273586,NO_EXACT_REPORT_DUPLICATE,PENDING
144069,20220722,1,39124,interfaxua,https://interfax.com.ua/news/general/847734.html,REFINING_PETROCHEM_GAS,НПЗ,атак,702972,Lysychansk,Luhans'k,Lysychans'ka,38.419552,48.912914,DROP,DROP_LOCATION_NOT_RU,,,,a_ukr_init_b,,a_ukr_b,0,a_rus_init_b,,a_rus_b,1,ЗСУ,твер,ЗСУ у четвер відбили ворожі атаки з боку Лисичанського НПЗ,REVIEW_TEXT_RUSSIA_UA_ACTOR,UA_ACTOR_TEXT+RU_SCOPE_TEXT,FALSE,RUSSIA_PROPER,RUSSIAN_PLACE_TEXT,EVENT_FORM_UNRESOLVED,NO_DECISIVE_EVENT_FORM_CUE,,P1_RUSSIA_UA_ACTOR,TRUE,,UNIQUE_EXACT_REPORT_LEVEL,144069,NO_EXACT_REPORT_DUPLICATE,PENDING
83194,20220722,2,156628,ntv,https://www.ntv.ru/novosti/2715998/,DEFENSE_INDUSTRY,военная операция России В Пологах Запорожской области попал на видео поврежденный снарядами Украины маслоэкстракционный завод. Здания завод,поврежд,696677,Polohy,Zaporizhzhya,Polohivs'kyi,36.276037,47.475517,DROP,DROP_LOCATION_NOT_RU,,,,a_ukr_init_b,,a_ukr_b,0,a_rus_init_b,,a_rus_b,0,ВСУ|Украин,орел,"ВСУ разрушили завод в Пологах Запорожской области: видео — Специальная военная операция России В Пологах Запорожской области попал на видео поврежденный снарядами Украины маслоэкстракционный завод. Здания завода сильно обгорели и повреждены, отдельные строения разрушены.",REVIEW_TEXT_RUSSIA_UA_ACTOR,UA_ACTOR_TEXT+RU_SCOPE_TEXT,FALSE,CONFLICT_OR_COMPOSITE,OCCUPIED_UA_AND_RUSSIA_TEXT,EVENT_FORM_UNRESOLVED,NO_DECISIVE_EVENT_FORM_CUE,EXACT2022-0087,P3_SCOPE_CONFLICT_COMPOSITE,TRUE,EXACT2022-0087,CANONICAL,83194,EXACT_SOURCE_URL_AND_REPRESENTATIVE_TEXT,PENDING
231931,20220822,1,1877291,meduza,https://t.me/romanov_92/25356,ENERGY_GRID_SUPPORT,подстанц,Пожар|удар,709276,Enerhodar,Zaporizhzhya,Kamians'ko-Dniprovs'kyi,34.65961,47.493263,DROP,DROP_LOCATION_NOT_RU,,,,a_ukr_init_b,,a_ukr_b,1,a_rus_init_b,,a_rus_b,0,ВСУ,твер,"Пожар на подстанции в Энергодаре, возникший в результате, как утверждается, удара со стороны ВСУ. Утверждается, что станция и часть Херсонской области обесточены..",REVIEW_TEXT_RUSSIA_UA_ACTOR,UA_ACTOR_TEXT+RU_SCOPE_TEXT,FALSE,CONFLICT_OR_COMPOSITE,OCCUPIED_UA_AND_RUSSIA_TEXT,EVENT_FORM_UNRESOLVED,NO_DECISIVE_EVENT_FORM_CUE,EXACT2022-0088,P3_SCOPE_CONFLICT_COMPOSITE,TRUE,EXACT2022-0088,CANONICAL,231931,EXACT_SOURCE_URL_AND_REPRESENTATIVE_TEXT,PENDING
67512,20220825,1,1627426,meduza,https://t.me/milinfolive/89756,AMMUNITION_ARSENAL,склад боеприпас,уничтож,695094,Ruttschenkowo,Donets'k,Donets'ka,37.675289,47.955082,DROP,DROP_LOCATION_NOT_RU,,,,a_ukr_init_b,,a_ukr_b,0,a_rus_init_b,,a_rus_b,0,ВСУ,твер,"Как утверждается, силы непризнанной ДНР уничтожили склад боеприпасов и укрепрайон ВСУ в районе Первомайского (Донецкая область).",REVIEW_TEXT_RUSSIA_UA_ACTOR,UA_ACTOR_TEXT+RU_SCOPE_TEXT,FALSE,CONFLICT_OR_COMPOSITE,OCCUPIED_UA_AND_RUSSIA_TEXT,EVENT_FORM_UNRESOLVED,NO_DECISIVE_EVENT_FORM_CUE,EXACT2022-0058,P3_SCOPE_CONFLICT_COMPOSITE,TRUE,EXACT2022-0058,CANONICAL,67512,EXACT_SOURCE_URL_AND_REPRESENTATIVE_TEXT,PENDING
259599,20220828,1,145983,militarnyy,https://mil.in.ua/uk/news/zsu-pidtverdyly-znyshhennya-komandnyh-punktiv-ta-skladiv-boyeprypasiv-na-hersonshhyni/,AMMUNITION_ARSENAL,"складів боєприпасів на Херсонщині. В Оперативному командуванні """"""""""""""""Південь"""""""""""""""" підтвердили знищення командних пунктів ворога та складів з боєприпас",знищ,710771,Chorna Dolyna,Kherson,Kakhovs'kyi,33.481729,46.55783,DROP,DROP_LOCATION_NOT_RU,,,,a_ukr_init_b,,a_ukr_b,1,a_rus_init_b,,a_rus_b,0,ЗСУ,твер,"ЗСУ підтвердили знищення командних пунктів та складів боєприпасів на Херсонщині. В Оперативному командуванні """"""""""""""""Південь"""""""""""""""" підтвердили знищення командних пунктів ворога та складів з боєприпасами на Херсонщині. Про це йдеться у зв...",REVIEW_TEXT_RUSSIA_UA_ACTOR,UA_ACTOR_TEXT+RU_SCOPE_TEXT,FALSE,CONFLICT_OR_COMPOSITE,OCCUPIED_UA_AND_RUSSIA_TEXT,EVENT_FORM_UNRESOLVED,NO_DECISIVE_EVENT_FORM_CUE,,P3_SCOPE_CONFLICT_COMPOSITE,TRUE,,UNIQUE_EXACT_REPORT_LEVEL,259599,NO_EXACT_REPORT_DUPLICATE,PENDING
151262,20220910,4,159073,ntv,https://www.ntv.ru/novosti/2723151/,STRATEGIC_AIRBASE,авиабаз,атак,703448,Kyiv,Kiev City,Shevchenkivs'kyi,30.52355,50.450441,DROP,DROP_LOCATION_NOT_RU,,,,a_ukr_init_b,,a_ukr_b,0,a_rus_init_b,,a_rus_b,0,ВСУ|Украин,Москв,"Украинская атака: ВСУ затягивают в «огневой каменный мешок» — Специальная военная операция России На авиабазе Рамштайн, где в обстановке полной секретности заседал так называемый клуб друзей и союзников Украины, западные генералы и политики ломали голову над тем, как еще помочь Киеву. Помогать, судя по настроениям в тамошних коридорах власти и военных штабах, придется довольно долго. В растиражированной на Западе статье украинского главкома Валерия Залужного тот рассказывает о планах военной кампании аж на 2023 год. Любые военные действия рано или поздно заканчиваются, но пока ни о финале, ни о переговорах, а тем более компромиссе ни Москва, ни Киев уже давно не говорят.",REVIEW_TEXT_RUSSIA_UA_ACTOR,UA_ACTOR_TEXT+RU_SCOPE_TEXT,FALSE,RUSSIA_PROPER,RUSSIAN_PLACE_TEXT,EVENT_FORM_UNRESOLVED,NO_DECISIVE_EVENT_FORM_CUE,EXACT2022-0089,P1_RUSSIA_UA_ACTOR,TRUE,EXACT2022-0089,CANONICAL,151262,EXACT_SOURCE_URL_AND_REPRESENTATIVE_TEXT,PENDING
73087,20220917,1,1627783,meduza,https://twitter.com/am_misfit/status/1572984853938962433,AMMUNITION_ARSENAL,склад с боеприпас,уничтож,695266,Rubtsi,Donets'k,Krasnolymans'kyi,37.578033,49.180451,DROP,DROP_LOCATION_NOT_RU,,,,a_ukr_init_b,,a_ukr_b,1,a_rus_init_b,,a_rus_b,0,ВСУ,твер,"Как утверждается, артиллерия ВСУ уничтожила российский склад с боеприпасами и техникой в селе Рубцы (Донецкая область). Дата съемки неизвестна. Позднее село перешло под контроль ВСУ.",REVIEW_TEXT_RUSSIA_UA_ACTOR,UA_ACTOR_TEXT+RU_SCOPE_TEXT,FALSE,CONFLICT_OR_COMPOSITE,OCCUPIED_UA_AND_RUSSIA_TEXT,EVENT_FORM_UNRESOLVED,NO_DECISIVE_EVENT_FORM_CUE,,P3_SCOPE_CONFLICT_COMPOSITE,TRUE,,UNIQUE_EXACT_REPORT_LEVEL,73087,NO_EXACT_REPORT_DUPLICATE,PENDING
95172,20221023,1,161432,ntv,https://www.ntv.ru/novosti/2729274/,ENERGY_GRID_SUPPORT,подстанц,Удар|атак|ракет,698740,Odessa,Odessa,Odes'ka,30.731689,46.484213,DROP,DROP_LOCATION_NOT_RU,,,,a_ukr_init_b,,a_ukr_b,0,a_rus_init_b,,a_rus_b,0,ВСУ|украин,Москв,"Экс-депутат Рады разоблачил «псевдоуспехи» ВСУ и предсказал взятие российскими войсками Одессы — Специальная военная операция России На этой неделе ракетные атаки шли практически каждый день и наносились вглубь всей украинской территории. Удары по электроподстанциям и линиям электропередачи привели к масштабным и длительным веерным отключениям. Власти призывают украинцев к тотальной экономии. При этом ошибкой было бы считать, что критическое состояние критически важной инфраструктуры хоть как-то изменило позицию официального Киева по поводу переговоров с Москвой. Владимир Зеленский снова заявил, что «пространства для переговоров» не осталось.",REVIEW_TEXT_RUSSIA_UA_ACTOR,UA_ACTOR_TEXT+RU_SCOPE_TEXT,FALSE,RUSSIA_PROPER,RUSSIAN_PLACE_TEXT,EVENT_FORM_UNRESOLVED,NO_DECISIVE_EVENT_FORM_CUE,EXACT2022-0090,P1_RUSSIA_UA_ACTOR,TRUE,EXACT2022-0090,CANONICAL,95172,EXACT_SOURCE_URL_AND_REPRESENTATIVE_TEXT,PENDING
228256,20221031,1,1628398,meduza,https://twitter.com/PaulJawin/status/1587325488208527360,AMMUNITION_ARSENAL,склад боеприпас,уничтож,707992,Blahodatne,Donets'k,Velykonovosilkivs'kyi,36.811333,47.797575,DROP,DROP_LOCATION_NOT_RU,,,,a_ukr_init_b,,a_ukr_b,1,a_rus_init_b,,a_rus_b,0,Украин,твер,"Украинская артиллерия, как утверждается, уничтожает российские РСЗО, склад боеприпасов и комплекс РЭБ южнее Великой Новоселки. Российские войска с марта безуспешно пытаются взять украинскую """"""""крепость"""""""" в этом районе.",REVIEW_TEXT_RUSSIA_UA_ACTOR,UA_ACTOR_TEXT+RU_SCOPE_TEXT,FALSE,RUSSIA_PROPER,RUSSIAN_PLACE_TEXT,EVENT_FORM_UNRESOLVED,NO_DECISIVE_EVENT_FORM_CUE,,P1_RUSSIA_UA_ACTOR,TRUE,,UNIQUE_EXACT_REPORT_LEVEL,228256,NO_EXACT_REPORT_DUPLICATE,PENDING
331048,20221118,1,1628629,meduza,https://t.me/LPR_JCCC/7695,ENERGY_GRID_SUPPORT,подстанц,атак|дрон|поврежд,9120300,Chapaievka,Luhans'k,Antratsytivs'kyi,39.192856,48.14017,DROP,DROP_LOCATION_NOT_RU,,,,a_ukr_init_b,,a_ukr_b,0,a_rus_init_b,,a_rus_b,0,украин,твер,"В поселке Чапаевка в Луганской области двумя украинскими дронами атакована электроподстанция. Как утверждается, из-за обстрела повреждены два трансформатора.",REVIEW_TEXT_RUSSIA_UA_ACTOR,UA_ACTOR_TEXT+RU_SCOPE_TEXT,FALSE,CONFLICT_OR_COMPOSITE,OCCUPIED_UA_AND_RUSSIA_TEXT,EVENT_FORM_UNRESOLVED,NO_DECISIVE_EVENT_FORM_CUE,,P3_SCOPE_CONFLICT_COMPOSITE,TRUE,,UNIQUE_EXACT_REPORT_LEVEL,331048,NO_EXACT_REPORT_DUPLICATE,PENDING
153152,20221124,1,1672958,pravdaua,https://www.pravda.com.ua/news/2022/11/24/7377735/,ENERGY_GRID_SUPPORT,підстанц,Удар,703448,Kyiv,Kiev City,Shevchenkivs'kyi,30.52355,50.450441,DROP,DROP_LOCATION_NOT_RU,,,,a_ukr_init_b,,a_ukr_b,0,a_rus_init_b,,a_rus_b,1,Україн,Москв,"Удари по ТЕС і підстанціях не змусять Україну до переговорів із Росією – ISW. Росія здійснила сьому серію масованих по житлових будинках, теплових електростанціях і підстанціях у Києві та кількох областях України, але це не змусить українську владу домовлятися з Москвою, констатують в Інституті вивчення війни.",REVIEW_TEXT_RUSSIA_UA_ACTOR,UA_ACTOR_TEXT+RU_SCOPE_TEXT,FALSE,RUSSIA_PROPER,RUSSIAN_PLACE_TEXT,EVENT_FORM_UNRESOLVED,NO_DECISIVE_EVENT_FORM_CUE,,P1_RUSSIA_UA_ACTOR,TRUE,,UNIQUE_EXACT_REPORT_LEVEL,153152,NO_EXACT_REPORT_DUPLICATE,PENDING
153314,20221130,1,163299,ntv,https://www.ntv.ru/novosti/2735941/,STRATEGIC_AIRBASE,аэродром,атак|удар,703448,Kyiv,Kiev City,Shevchenkivs'kyi,30.52355,50.450441,DROP,DROP_LOCATION_NOT_RU,,,,a_ukr_init_b,,a_ukr_b,0,a_rus_init_b,,a_rus_b,1,Украин,на территории России,Глава МИД Латвии призвал разрешить Украине атаковать российские аэродромы — Специальная военная операция России Министр иностранных дел Латвии Эдгарс Ринкевичс призвал Запад разрешить Киеву наносить удары по военным объектам на территории России.,REVIEW_TEXT_RUSSIA_UA_ACTOR,UA_ACTOR_TEXT+RU_SCOPE_TEXT,FALSE,RUSSIA_PROPER,EXPLICIT_RUSSIA_TEXT,EVENT_FORM_UNRESOLVED,NO_DECISIVE_EVENT_FORM_CUE,EXACT2022-0091,P1_RUSSIA_UA_ACTOR,TRUE,EXACT2022-0091,CANONICAL,153314,EXACT_SOURCE_URL_AND_REPRESENTATIVE_TEXT,PENDING
251841,20221214,1,1629031,meduza,https://twitter.com/GirkinGirkin/status/1605272465436975116,AMMUNITION_ARSENAL,складу боеприпас,удар,710209,Dekonskaya,Donets'k,Artemivs'kyi,38.114714,48.673779,DROP,DROP_LOCATION_NOT_RU,,,,a_ukr_init_b,,a_ukr_b,1,a_rus_init_b,,a_rus_b,0,украин,твер,"Как утверждается, украинские военные нанесли удар по российскому складу боеприпасов на юго-восточной окраине Соледара. Большие потери не помешали ЧВК Вагнера ворваться в город.",REVIEW_TEXT_RUSSIA_UA_ACTOR,UA_ACTOR_TEXT+RU_SCOPE_TEXT,FALSE,RUSSIA_PROPER,RUSSIAN_PLACE_TEXT,EVENT_FORM_UNRESOLVED,NO_DECISIVE_EVENT_FORM_CUE,,P1_RUSSIA_UA_ACTOR,TRUE,,UNIQUE_EXACT_REPORT_LEVEL,251841,NO_EXACT_REPORT_DUPLICATE,PENDING
36851,20221214,2,1628875,meduza,https://twitter.com/mdfzeh/status/1610212399046352898,AMMUNITION_ARSENAL,склада боеприпас,удар|уничтож,691358,Torske,Donets'k,Krasnolymans'kyi,37.952894,49.021621,DROP,DROP_LOCATION_NOT_RU,,,,a_ukr_init_b,,a_ukr_b,0,a_rus_init_b,,a_rus_b,1,украин,твер,"Как утверждается, уничтожение артиллерийским ударом украинского склада боеприпасов в Торском.",REVIEW_TEXT_RUSSIA_UA_ACTOR,UA_ACTOR_TEXT+RU_SCOPE_TEXT,FALSE,RUSSIA_PROPER,RUSSIAN_PLACE_TEXT,EVENT_FORM_UNRESOLVED,NO_DECISIVE_EVENT_FORM_CUE,,P1_RUSSIA_UA_ACTOR,TRUE,,UNIQUE_EXACT_REPORT_LEVEL,36851,NO_EXACT_REPORT_DUPLICATE,PENDING
