event_id_1pd,date,n_reports,event_ids_matching,sources_matching,source_urls,target_classes,target_terms,attack_terms,geonameid,asciiname,ADM1_NAME,ADM2_NAME,longitude,latitude,location_bucket,location_method,nearest_ru_distance_km,nearest_ru_geonameid,nearest_ru_name,a_ukr_init_field,a_ukr_init,a_ukr_field,a_ukr,a_rus_init_field,a_rus_init,a_rus_field,a_rus,ua_actor_text,ru_scope_text,representative_text,Stage1Triage,CandidateCensusComplete
95566,20250118,1,2258161,meduza,https://meduza.io/feature/2025/01/18/voyna,PIPELINE_PUMPING,трубопровод,атак|поврежд|удар,696877,Podil,Kiev City,Shevchenkivs'kyi,30.504631,50.473602,DROP,DROP_LOCATION_NOT_RU,,,,a_ukr_init_b,,a_ukr_b,0,a_rus_init_b,,a_rus_b,0,FALSE,FALSE,"В результате атаки, по словам мэра, в Шевченковском районе загорелось нежилое здание, повреждены жилой дом, трубопровод водоснабжения и вход на станцию метро «Лукьяновская». Ее закрыли для пассажиров на несколько часов. Судя по видео очевидцев с места событий, из-за прорыва трубопровода в районе удара затопило улицы.",MACHINE_NONCANDIDATE,FALSE
30817,20250122,1,2236617,liveuamap,https://t.me/GeneralStaffZSU/20123,FUEL_STORAGE_TERMINAL,нафтобаз,атак,689198,Volnovakha,Donets'k,Volnovas'kyi,37.49496,47.59964,DROP,DROP_LOCATION_NOT_RU,,,,a_ukr_init_b,,a_ukr_b,1,a_rus_init_b,,a_rus_b,0,TRUE,FALSE,"Генштаб ЗСУ взяв на себе відповідальність за атаки на нафтобазу в Лісках, що у Воронезькій області, військово-авіаційний завод у Смоленську та штаб 29-ї армії у Волновасі, що на окупованій частині Донецької область України",MACHINE_NONCANDIDATE,FALSE
81686,20250122,1,2236618,liveuamap,https://t.me/GeneralStaffZSU/20123,FUEL_STORAGE_TERMINAL,нафтобаз,атак,695094,Ruttschenkowo,Donets'k,Donets'ka,37.675289,47.955082,DROP,DROP_LOCATION_NOT_RU,,,,a_ukr_init_b,,a_ukr_b,1,a_rus_init_b,,a_rus_b,0,TRUE,FALSE,"Генштаб ЗСУ взяв на себе відповідальність за атаки на нафтобазу в Лісках, що у Воронезькій області, військово-авіаційний завод у Смоленську та штаб 29-ї армії у Волновасі, що на окупованій частині Донецької область України",MACHINE_NONCANDIDATE,FALSE
30818,20250123,1,2236716,liveuamap,https://t.me/GeneralStaffZSU/20123,FUEL_STORAGE_TERMINAL,нафтобаз,атак,689198,Volnovakha,Donets'k,Volnovas'kyi,37.49496,47.59964,DROP,DROP_LOCATION_NOT_RU,,,,a_ukr_init_b,,a_ukr_b,1,a_rus_init_b,,a_rus_b,0,TRUE,FALSE,"Генштаб ЗСУ взяв на себе відповідальність за атаки на нафтобазу в Лісках, що у Воронезькій області, військово-авіаційний завод у Смоленську та штаб 29-ї армії у Волновасі, що на окупованій частині Донецької область України",MACHINE_NONCANDIDATE,FALSE
81691,20250123,1,2236717,liveuamap,https://t.me/GeneralStaffZSU/20123,FUEL_STORAGE_TERMINAL,нафтобаз,атак,695094,Ruttschenkowo,Donets'k,Donets'ka,37.675289,47.955082,DROP,DROP_LOCATION_NOT_RU,,,,a_ukr_init_b,,a_ukr_b,1,a_rus_init_b,,a_rus_b,0,TRUE,FALSE,"Генштаб ЗСУ взяв на себе відповідальність за атаки на нафтобазу в Лісках, що у Воронезькій області, військово-авіаційний завод у Смоленську та штаб 29-ї армії у Волновасі, що на окупованій частині Донецької область України",MACHINE_NONCANDIDATE,FALSE
67469,20250129,1,2229617,pravdaua,https://www.pravda.com.ua/news/2025/01/29/7495795/,REFINING_PETROCHEM_GAS,НПЗ,атак|дрон,693805,Simferopol,Crimea,Simferopol's'ka,34.0994127132379,44.9536335,REVIEW,REVIEW_DISPUTED_CRIMEA,,,,a_ukr_init_b,,a_ukr_b,0,a_rus_init_b,,a_rus_b,1,FALSE,FALSE,Партизани помітили жваві перевезення пального через Крим після атак дронів на російські НПЗ.,REVIEW,FALSE
67471,20250130,1,2229640,pravdaua,https://www.pravda.com.ua/news/2025/01/29/7495795/,REFINING_PETROCHEM_GAS,НПЗ,атак|дрон,693805,Simferopol,Crimea,Simferopol's'ka,34.0994127132379,44.9536335,REVIEW,REVIEW_DISPUTED_CRIMEA,,,,a_ukr_init_b,,a_ukr_b,0,a_rus_init_b,,a_rus_b,1,FALSE,FALSE,Партизани помітили жваві перевезення пального через Крим після атак дронів на російські НПЗ.,REVIEW,FALSE
397243,20250205,1,2237519,liveuamap,https://t.me/channel24_ua/162527,ENERGY_GRID_SUPPORT,підстанц,атак,12233194,Vita-Lytovska,Kiev City,Holosiïvs'kyi,30.55229,50.3511,DROP,DROP_LOCATION_NOT_RU,,,,a_ukr_init_b,,a_ukr_b,0,a_rus_init_b,,a_rus_b,0,TRUE,FALSE,Глава МАГАТЕ попередив про ризик ядерної аварії в Україні. Рафаель Гроссі відвідав київську електропідстанцію та застеріг про небезпеку можливої ядерної катастрофи внаслідок російських атак на енергетичну інфраструктуру.,MACHINE_NONCANDIDATE,FALSE
92521,20250205,1,2243178,espreso,https://espreso.tv/article-ymovirno-tse-raketa-palyanitsya-udar-po-npz-u-krasnodarskomu-krai-rf-ta-tekhnologii-yaki-proponuyut-zsu-ukrainski-novatori-kolonka-sergiya-zgurtsya,REFINING_PETROCHEM_GAS,НПЗ,ракет|удар,696605,Palianytsia,Ivano-Frankivs'k,Iaremchans'ka,24.4443,48.348857,DROP,DROP_LOCATION_NOT_RU,,,,a_ukr_init_b,,a_ukr_b,0,a_rus_init_b,,a_rus_b,0,TRUE,FALSE,"""""Ймовірно, це ракета """"Паляниця"""": удар по НПЗ у Краснодарському краї РФ та технології, які пропонують ЗСУ українські новатори. Колонка Сергія Згурця",MACHINE_NONCANDIDATE,FALSE
222660,20250217,1,2452743,meduza,https://meduza.io/feature/2025/02/17/voyna,PIPELINE_PUMPING,перекачивающая станц,атак|беспилот|удар,705812,Kropyvnytskyy,Kirovohrad,Kirovohrads'kyi,32.26637,48.51036,DROP,DROP_LOCATION_NOT_RU,,,,a_ukr_init_b,0,a_ukr_b,0,a_rus_init_b,0,a_rus_b,0,TRUE,TRUE,Украинские беспилотники атаковали Краснодарский край. Под удар попали Ильский завод и нефтеперекачивающая станция «Кропоткинская»,REVIEW,FALSE
111877,20250224,1,2288810,pravdaua,https://www.pravda.com.ua/news/2025/02/24/7499774/,PORT_EXPORT_LOGISTICS,порт,атак|дрон|пожеж|пошкодж,698740,Odessa,Odessa,Odes'ka,30.73169,46.48421,DROP,DROP_LOCATION_NOT_RU,,,,a_ukr_init_b,0,a_ukr_b,0,a_rus_init_b,0,a_rus_b,0,FALSE,FALSE,"Нічна атака дронів: під Одесою пошкоджено порт, на Київщині ліквідували пожежу. Ціни на нафту впали, продовживши втрати минулого тижня, на тлі перспективи відновлення експорту з нафтових родовищ Курдистану.",MACHINE_NONCANDIDATE,FALSE
395846,20250224,1,2288811,pravdaua,https://www.pravda.com.ua/news/2025/02/24/7499774/,PORT_EXPORT_LOGISTICS,порт,атак|дрон|пожеж|пошкодж,11777953,Deremezna,Kiev,Obukhivs'kyi,30.47662,50.02393,DROP,DROP_LOCATION_NOT_RU,,,,a_ukr_init_b,0,a_ukr_b,0,a_rus_init_b,0,a_rus_b,0,FALSE,FALSE,"Нічна атака дронів: під Одесою пошкоджено порт, на Київщині ліквідували пожежу. Ціни на нафту впали, продовживши втрати минулого тижня, на тлі перспективи відновлення експорту з нафтових родовищ Курдистану.",MACHINE_NONCANDIDATE,FALSE
111881,20250224,1,2276262,pravdaua,https://www.pravda.com.ua/news/2025/02/24/7499774/,PORT_EXPORT_LOGISTICS,порт,атак|дрон|пожеж|пошкодж,698740,Odessa,Odessa,Odes'ka,30.73169,46.48421,DROP,DROP_LOCATION_NOT_RU,,,,a_ukr_init_b,0,a_ukr_b,1,a_rus_init_b,0,a_rus_b,1,FALSE,FALSE,"Нічна атака дронів: під Одесою пошкоджено порт, на Київщині ліквідували пожежу.",MACHINE_NONCANDIDATE,FALSE
395849,20250224,1,2276263,pravdaua,https://www.pravda.com.ua/news/2025/02/24/7499774/,PORT_EXPORT_LOGISTICS,порт,атак|дрон|пожеж|пошкодж,11777953,Deremezna,Kiev,Obukhivs'kyi,30.47662,50.02393,DROP,DROP_LOCATION_NOT_RU,,,,a_ukr_init_b,0,a_ukr_b,1,a_rus_init_b,0,a_rus_b,1,FALSE,FALSE,"Нічна атака дронів: під Одесою пошкоджено порт, на Київщині ліквідували пожежу.",MACHINE_NONCANDIDATE,FALSE
111883,20250225,2,2274020,pravdaua,https://www.pravda.com.ua/news/2025/02/24/7499774/,PORT_EXPORT_LOGISTICS,порт,атак|дрон|пожеж|пошкодж,698740,Odessa,Odessa,Odes'ka,30.731689,46.484213,DROP,DROP_LOCATION_NOT_RU,,,,a_ukr_init_b,,a_ukr_b,0,a_rus_init_b,,a_rus_b,0,FALSE,FALSE,"Нічна атака дронів: під Одесою пошкоджено порт, на Київщині ліквідували пожежу.",MACHINE_NONCANDIDATE,FALSE
395851,20250225,1,2274021,pravdaua,https://www.pravda.com.ua/news/2025/02/24/7499774/,PORT_EXPORT_LOGISTICS,порт,атак|дрон|пожеж|пошкодж,11777953,Deremezna,Kiev,Obukhivs'kyi,30.476622,50.023928,DROP,DROP_LOCATION_NOT_RU,,,,a_ukr_init_b,,a_ukr_b,0,a_rus_init_b,,a_rus_b,0,FALSE,FALSE,"Нічна атака дронів: під Одесою пошкоджено порт, на Київщині ліквідували пожежу.",MACHINE_NONCANDIDATE,FALSE
184404,20250227,1,2275058,liveuamap,https://t.me/GeneralStaffZSU/21439,REFINING_PETROCHEM_GAS|STRATEGIC_AIRBASE,аеродром|нафтоперероб,удар,703448,Kyiv,Kiev City,Shevchenkivs'kyi,30.52914,50.44426,DROP,DROP_LOCATION_NOT_RU,,,,a_ukr_init_b,,a_ukr_b,0,a_rus_init_b,,a_rus_b,0,TRUE,FALSE,Генштаб Збройних сил України повідомляє про удари по аеродромах Саки і Кача в окупованому Криму та нафтопереробному заводі Туапси в Краснодарському краї,MACHINE_NONCANDIDATE,FALSE
81836,20250228,3,2292511,pravdaua,https://www.pravda.com.ua/news/2025/02/28/7500624/,AMMUNITION_ARSENAL,склад термобаричних боєприпас,знищ,695094,Ruttschenkowo,Donets'k,Donets'ka,37.67529,47.95508,DROP,DROP_LOCATION_NOT_RU,,,,a_ukr_init_b,0,a_ukr_b,0,a_rus_init_b,0,a_rus_b,0,FALSE,FALSE,Сили оборони знищили склад термобаричних боєприпасів ворога на Донеччині.,MACHINE_NONCANDIDATE,FALSE
81841,20250301,3,2278005,pravdaua,https://www.pravda.com.ua/news/2025/02/28/7500624/,AMMUNITION_ARSENAL,склад термобаричних боєприпас,знищ,695094,Ruttschenkowo,Donets'k,Donets'ka,37.67529,47.95508,DROP,DROP_LOCATION_NOT_RU,,,,a_ukr_init_b,0,a_ukr_b,1,a_rus_init_b,0,a_rus_b,0,FALSE,FALSE,Сили оборони знищили склад термобаричних боєприпасів ворога на Донеччині.,MACHINE_NONCANDIDATE,FALSE
111890,20250301,1,2276436,espreso,https://espreso.tv/viyna-z-rosiyeyu-rf-vdarila-balistikoyu-po-odesi-poshkodzheno-port-ta-inozemne-sudno-dvoe-poranenikh,PORT_EXPORT_LOGISTICS,порт,пошкодж,698740,Odessa,Odessa,Odes'ka,30.73169,46.48421,DROP,DROP_LOCATION_NOT_RU,,,,a_ukr_init_b,0,a_ukr_b,1,a_rus_init_b,0,a_rus_b,0,FALSE,FALSE,"РФ вдарила балістикою по Одесі: пошкоджено порт та іноземний контейнеровоз, двоє поранених",MACHINE_NONCANDIDATE,FALSE
184429,20250301,1,2276720,liveuamap,https://t.me/GeneralStaffZSU/21439,REFINING_PETROCHEM_GAS|STRATEGIC_AIRBASE,аеродром|нафтоперероб,удар,703448,Kyiv,Kiev City,Shevchenkivs'kyi,30.52914,50.44426,DROP,DROP_LOCATION_NOT_RU,,,,a_ukr_init_b,0,a_ukr_b,1,a_rus_init_b,0,a_rus_b,1,TRUE,FALSE,Генштаб Збройних сил України повідомляє про удари по аеродромах Саки і Кача в окупованому Криму та нафтопереробному заводі Туапси в Краснодарському краї,MACHINE_NONCANDIDATE,FALSE
73360,20250301,1,2276776,liveuamap,https://t.me/GeneralStaffZSU/21497,AMMUNITION_ARSENAL|REFINING_PETROCHEM_GAS,нафтоперероб|складу термобаричних боєприпас,удар,694677,Selydove,Donets'k,Novohrodivs'ka,37.30854,48.14859,DROP,DROP_LOCATION_NOT_RU,,,,a_ukr_init_b,0,a_ukr_b,0,a_rus_init_b,0,a_rus_b,0,TRUE,FALSE,Генштаб ЗСУ заявляє про удари по складу термобаричних боєприпасів у Селидовому на окупованій частині Донецької області та Ільському нафтопереробному заводі в Краснодарському краї.,MACHINE_NONCANDIDATE,FALSE
81839,20250301,1,2276777,liveuamap,https://t.me/GeneralStaffZSU/21497,AMMUNITION_ARSENAL|REFINING_PETROCHEM_GAS,нафтоперероб|складу термобаричних боєприпас,удар,695094,Ruttschenkowo,Donets'k,Donets'ka,37.67529,47.95508,DROP,DROP_LOCATION_NOT_RU,,,,a_ukr_init_b,0,a_ukr_b,0,a_rus_init_b,0,a_rus_b,0,TRUE,FALSE,Генштаб ЗСУ заявляє про удари по складу термобаричних боєприпасів у Селидовому на окупованій частині Донецької області та Ільському нафтопереробному заводі в Краснодарському краї.,MACHINE_NONCANDIDATE,FALSE
73361,20250302,1,2276831,liveuamap,https://t.me/GeneralStaffZSU/21497,AMMUNITION_ARSENAL|REFINING_PETROCHEM_GAS,нафтоперероб|складу термобаричних боєприпас,удар,694677,Selydove,Donets'k,Novohrodivs'ka,37.30854,48.14859,DROP,DROP_LOCATION_NOT_RU,,,,a_ukr_init_b,1,a_ukr_b,0,a_rus_init_b,0,a_rus_b,1,TRUE,FALSE,Генштаб ЗСУ заявляє про удари по складу термобаричних боєприпасів у Селидовому на окупованій частині Донецької області та Ільському нафтопереробному заводі в Краснодарському краї.,REVIEW,FALSE
81845,20250302,1,2276832,liveuamap,https://t.me/GeneralStaffZSU/21497,AMMUNITION_ARSENAL|REFINING_PETROCHEM_GAS,нафтоперероб|складу термобаричних боєприпас,удар,695094,Ruttschenkowo,Donets'k,Donets'ka,37.67529,47.95508,DROP,DROP_LOCATION_NOT_RU,,,,a_ukr_init_b,1,a_ukr_b,0,a_rus_init_b,0,a_rus_b,1,TRUE,FALSE,Генштаб ЗСУ заявляє про удари по складу термобаричних боєприпасів у Селидовому на окупованій частині Донецької області та Ільському нафтопереробному заводі в Краснодарському краї.,REVIEW,FALSE
73362,20250303,1,2277006,liveuamap,https://t.me/GeneralStaffZSU/21497,AMMUNITION_ARSENAL|REFINING_PETROCHEM_GAS,нафтоперероб|складу термобаричних боєприпас,удар,694677,Selydove,Donets'k,Novohrodivs'ka,37.30854,48.14859,DROP,DROP_LOCATION_NOT_RU,,,,a_ukr_init_b,0,a_ukr_b,1,a_rus_init_b,0,a_rus_b,1,TRUE,FALSE,Генштаб ЗСУ заявляє про удари по складу термобаричних боєприпасів у Селидовому на окупованій частині Донецької області та Ільському нафтопереробному заводі в Краснодарському краї.,MACHINE_NONCANDIDATE,FALSE
81853,20250303,1,2277007,liveuamap,https://t.me/GeneralStaffZSU/21497,AMMUNITION_ARSENAL|REFINING_PETROCHEM_GAS,нафтоперероб|складу термобаричних боєприпас,удар,695094,Ruttschenkowo,Donets'k,Donets'ka,37.67529,47.95508,DROP,DROP_LOCATION_NOT_RU,,,,a_ukr_init_b,0,a_ukr_b,1,a_rus_init_b,0,a_rus_b,1,TRUE,FALSE,Генштаб ЗСУ заявляє про удари по складу термобаричних боєприпасів у Селидовому на окупованій частині Донецької області та Ільському нафтопереробному заводі в Краснодарському краї.,MACHINE_NONCANDIDATE,FALSE
184456,20250304,2,2452815,meduza,https://meduza.io/feature/2025/03/04/voyna,STRATEGIC_AIRBASE,аэродром,атак,703448,Kyiv,Kiev City,Shevchenkivs'kyi,30.52355,50.45044,DROP,DROP_LOCATION_NOT_RU,,,,a_ukr_init_b,0,a_ukr_b,1,a_rus_init_b,0,a_rus_b,0,TRUE,FALSE,"Но наиболее чувствительной потерей для Украины, считает The Economist, могла бы стать приостановка доступа к американским разведывательным данным — именно они позволяют ВСУ заранее иметь информацию об угрозах: вылетах российских самолетов, перегруппировках российских войск, новых логистических маршрутах российской армии; также на их основе ВСУ планируют атаки на военные аэродромы и склады внутри России. Однако, как пишет издание «РБК-Украина» со ссылкой на «источники в военно-политических кругах», пока США продолжают предоставлять Киеву разведданные.",MACHINE_NONCANDIDATE,FALSE
132875,20250304,1,2277178,liveuamap,https://t.me/rostov_glavniy/110625,FUEL_STORAGE_TERMINAL,нафтобаз,безпілот|удар,701104,Milove,Luhans'k,Milovs'kyi,40.13198,49.38516,STRICT,COORDINATE_RU_STRICT,0.578,810743,Proletarka,a_ukr_init_b,0,a_ukr_b,0,a_rus_init_b,0,a_rus_b,1,FALSE,FALSE,У місті Чортково Ростовської області внаслідок удару безпілотника загорілася нафтобаза,REVIEW,FALSE
132876,20250305,1,2277216,liveuamap,https://t.me/rostov_glavniy/110625,FUEL_STORAGE_TERMINAL,нафтобаз,безпілот|удар,701104,Milove,Luhans'k,Milovs'kyi,40.13198,49.38516,STRICT,COORDINATE_RU_STRICT,0.578,810743,Proletarka,a_ukr_init_b,0,a_ukr_b,1,a_rus_init_b,1,a_rus_b,1,FALSE,FALSE,У місті Чортково Ростовської області внаслідок удару безпілотника загорілася нафтобаза,REVIEW,FALSE
132877,20250306,1,2279305,liveuamap,https://t.me/rostov_glavniy/110625,FUEL_STORAGE_TERMINAL,нафтобаз,безпілот|удар,701104,Milove,Luhans'k,Milovs'kyi,40.13198,49.38516,STRICT,COORDINATE_RU_STRICT,0.578,810743,Proletarka,a_ukr_init_b,0,a_ukr_b,0,a_rus_init_b,0,a_rus_b,1,FALSE,FALSE,У місті Чортково Ростовської області внаслідок удару безпілотника загорілася нафтобаза,REVIEW,FALSE
373640,20250311,2,2284602,espreso,https://espreso.tv/svit-pitannya-suverenitetu-siyarto-zayaviv-shcho-cherez-ataku-ukraini-na-naftoprovid-druzhba-zupinilis-postavki-nafti-do-ugorshchini,PIPELINE_PUMPING,нафтопров,атак,9114074,Druzhba,Donets'k,Kostiantynivs'kyi,37.91028,48.41,REVIEW,REVIEW_NAME_ONLY_RU_SUPPORT,,,Druzhba,a_ukr_init_b,0,a_ukr_b,1,a_rus_init_b,0,a_rus_b,0,TRUE,FALSE,"""""Питання суверенітету"""": Сіярто заявив, що через атаку України на нафтопровід """"Дружба"""" зупинились поставки нафти до Угорщини",REVIEW,FALSE
111939,20250311,1,2285567,unian,https://www.unian.ua/war/odesa-rosiya-vdarila-balistikoyu-po-morskomu-portu-novini-odesi-12942402.html,PORT_EXPORT_LOGISTICS,порт,атак,698740,Odessa,Odessa,Odes'ka,30.73169,46.48421,DROP,DROP_LOCATION_NOT_RU,,,,a_ukr_init_b,1,a_ukr_b,1,a_rus_init_b,0,a_rus_b,1,FALSE,FALSE,Росія атакувала балістикою Одеський порт: загинули моряки іноземного судна (фото),REVIEW,FALSE
373644,20250312,1,2284786,liveuamap,https://t.me/rentv_news/170964,PIPELINE_PUMPING,нафтопров,атак|безпілот,9114074,Druzhba,Donets'k,Kostiantynivs'kyi,37.91028,48.41,REVIEW,REVIEW_NAME_ONLY_RU_SUPPORT,,,Druzhba,a_ukr_init_b,1,a_ukr_b,0,a_rus_init_b,0,a_rus_b,1,TRUE,FALSE,"Постачання нафти з Росії до Угорщини призупинено через атаку українського безпілотника на вимірювальну станцію нафтопроводу """"""""Дружба"""""""", - заявив міністр закордонних справ Угорщини Петер Сійярто.",REVIEW,FALSE
373645,20250312,1,2284824,liveuamap,https://t.me/rentv_news/170964,PIPELINE_PUMPING,нафтопров,атак|безпілот,9114074,Druzhba,Donets'k,Kostiantynivs'kyi,37.91028,48.41,REVIEW,REVIEW_NAME_ONLY_RU_SUPPORT,,,Druzhba,a_ukr_init_b,0,a_ukr_b,1,a_rus_init_b,1,a_rus_b,1,TRUE,FALSE,"Постачання нафти з Росії до Угорщини призупинено через атаку українського безпілотника на вимірювальну станцію нафтопроводу """"Дружба"""", - заявив міністр закордонних справ Угорщини Петер Сійярто.",REVIEW,FALSE
218096,20250318,1,2291227,espreso,https://espreso.tv/viyna-z-rosiyeyu-rosiyska-armiya-dronami-znishchila-naftopererobniy-zavod-na-kharkivshchini,REFINING_PETROCHEM_GAS,нафтоперероб,дрон|знищ,705183,Slobozhans'ke,Kharkiv,Zmiïvs'kyi,36.50512,49.61494,DROP,DROP_LOCATION_NOT_RU,,,,a_ukr_init_b,0,a_ukr_b,1,a_rus_init_b,1,a_rus_b,1,FALSE,FALSE,Російська армія дронами знищила нафтопереробний завод на Харківщині,MACHINE_NONCANDIDATE,FALSE
193406,20250320,1,2293062,espreso,https://espreso.tv/viyna-z-rosiyeyu-rf-vnochi-spryamuvala-ponad-30-kabiv-na-kupyansk-e-zagibliy-i-poraneni,ENERGY_GRID_SUPPORT,підстанц,знищ,703656,Kupiansk,Kharkiv,Kupians'ka,37.61478,49.7108,DROP,DROP_LOCATION_NOT_RU,,,,a_ukr_init_b,0,a_ukr_b,1,a_rus_init_b,0,a_rus_b,0,FALSE,FALSE,"РФ уночі спрямувала на Куп'янськ 31 КАБ: є загиблі й поранені, знищено електропідстанцію",MACHINE_NONCANDIDATE,FALSE
184698,20250321,2,2293273,liveuamap,https://t.me/GeneralStaffZSU/22192,AMMUNITION_ARSENAL|STRATEGIC_AIRBASE,"аеродром|складовими Сил оборони, у ніч на 20 березня завдали удару по аеродрому """"Енгельс"""" у Саратовській області РФ. В районі аеродрому зафіксовано пожежу, вибухи та вторинну детонацію боєприпас",вибух|пожеж|удар,703448,Kyiv,Kiev City,Shevchenkivs'kyi,30.52355,50.45044,DROP,DROP_LOCATION_NOT_RU,,,,a_ukr_init_b,0,a_ukr_b,0,a_rus_init_b,0,a_rus_b,0,TRUE,FALSE,"Генеральний Штаб Збройних Сил України: Підрозділи Сил спеціальних операцій Збройних Сил України, Служби безпеки України, у взаємодії з іншими складовими Сил оборони, у ніч на 20 березня завдали удару по аеродрому """"Енгельс"""" у Саратовській області РФ. В районі аеродрому зафіксовано пожежу, вибухи та вторинну детонацію боєприпасів",MACHINE_NONCANDIDATE,FALSE
184711,20250321,1,2293238,liveuamap,https://t.me/GeneralStaffZSU/22192,AMMUNITION_ARSENAL|STRATEGIC_AIRBASE,"аеродром|складовими Сил оборони, у ніч на 20 березня завдали удару по аеродрому """"""""Енгельс"""""""" у Саратовській області РФ. В районі аеродрому зафіксовано пожежу, вибухи та вторинну детонацію боєприпас",вибух|пожеж|удар,703448,Kyiv,Kiev City,Shevchenkivs'kyi,30.47848,50.43956,DROP,DROP_LOCATION_NOT_RU,,,,a_ukr_init_b,0,a_ukr_b,1,a_rus_init_b,1,a_rus_b,1,TRUE,FALSE,"Генеральний Штаб Збройних Сил України: Підрозділи Сил спеціальних операцій Збройних Сил України, Служби безпеки України, у взаємодії з іншими складовими Сил оборони, у ніч на 20 березня завдали удару по аеродрому """"""""Енгельс"""""""" у Саратовській області РФ. В районі аеродрому зафіксовано пожежу, вибухи та вторинну детонацію боєприпасів",MACHINE_NONCANDIDATE,FALSE
67552,20250323,1,2296068,espreso,https://espreso.tv/viyna-z-rosiyeyu-u-rf-zayavili-pro-ataku-droniv-na-6-oblastey-ta-krim-vibukhi-lunali-bilya-npz-u-volgogradi,REFINING_PETROCHEM_GAS,НПЗ,атак|вибух|дрон,693805,Simferopol,Crimea,Simferopol's'ka,34.09941,44.95363,REVIEW,REVIEW_DISPUTED_CRIMEA,,,,a_ukr_init_b,0,a_ukr_b,1,a_rus_init_b,1,a_rus_b,1,FALSE,FALSE,У РФ заявили про атаку дронів на 6 областей та Крим: вибухи лунали біля НПЗ у Волгограді,REVIEW,FALSE
6376,20250325,1,2298132,espreso,https://espreso.tv/viyna-z-rosiyeyu-zavodi-peretvorilis-na-skladi-dlya-poshkodzhenoi-tekhniki-atesh-pro-situatsiyu-v-sudnobudivniy-galuzi-rf-u-krimu,MILITARY_REPAIR_SHIPYARD,суднобуд,пошкодж,687499,Zavody,Kharkiv,Iziums'kyi,37.07819,49.15037,REVIEW,REVIEW_NAME_ONLY_RU_SUPPORT,,,Zavody,a_ukr_init_b,0,a_ukr_b,1,a_rus_init_b,0,a_rus_b,0,FALSE,FALSE,"Заводи перетворились на склади для пошкодженої техніки: """"Атеш"""" про ситуацію в суднобудівній галузі РФ у Криму",REVIEW,FALSE
67557,20250325,1,2298133,espreso,https://espreso.tv/viyna-z-rosiyeyu-zavodi-peretvorilis-na-skladi-dlya-poshkodzhenoi-tekhniki-atesh-pro-situatsiyu-v-sudnobudivniy-galuzi-rf-u-krimu,MILITARY_REPAIR_SHIPYARD,суднобуд,пошкодж,693805,Simferopol,Crimea,Simferopol's'ka,34.09941,44.95363,REVIEW,REVIEW_DISPUTED_CRIMEA,,,,a_ukr_init_b,0,a_ukr_b,1,a_rus_init_b,0,a_rus_b,0,FALSE,FALSE,"Заводи перетворились на склади для пошкодженої техніки: """"Атеш"""" про ситуацію в суднобудівній галузі РФ у Криму",REVIEW,FALSE
236201,20250410,1,2314367,espreso,https://espreso.tv/kryminal-sbu-zatrimala-agenta-rf-yakiy-planuvav-navesti-rosiyskiy-udar-na-odnu-z-klyuchovikh-elektropidstantsiy-u-khersoni,ENERGY_GRID_SUPPORT,підстанц,удар,706448,Kherson,Kherson,Khersons'ka,32.61496,46.64032,REVIEW,REVIEW_NAME_ONLY_RU_SUPPORT,,,Kherson,a_ukr_init_b,0,a_ukr_b,1,a_rus_init_b,0,a_rus_b,1,TRUE,FALSE,"СБУ затримала агента РФ, який планував навести російський удар на одну з ключових електропідстанцій у Херсоні",REVIEW,FALSE
67651,20250425,5,2331508,unian,https://www.unian.ua/war/ataka-bezpilotnikiv-na-aerodromi-u-krimu-polkovnik-zapasu-ociniv-do-chogo-gotuyutsya-zsu-12989487.html,STRATEGIC_AIRBASE,аеродром,Атак|безпілот,693805,Simferopol,Crimea,Simferopol's'ka,34.09941,44.95363,REVIEW,REVIEW_DISPUTED_CRIMEA,,,,a_ukr_init_b,0,a_ukr_b,0,a_rus_init_b,0,a_rus_b,0,TRUE,FALSE,"Атака безпілотників на аеродроми у Криму: полковник запасу оцінив, до чого готуються ЗСУ",REVIEW,FALSE
67700,20250502,1,2356582,pravdaua,https://www.pravda.com.ua/news/2025/05/2/7510185/,STRATEGIC_AIRBASE,аеродром,атак|вибух,693805,Simferopol,Crimea,Simferopol's'ka,34.09941,44.95363,REVIEW,REVIEW_DISPUTED_CRIMEA,,,,a_ukr_init_b,0,a_ukr_b,1,a_rus_init_b,0,a_rus_b,0,FALSE,TRUE,"У Росії заявили про масовану атаку БпЛА на Крим: біля військових аеродромів лунали вибухи. Прем’єр-міністр Польщі Дональд Туск у своїй промові на 1 травня сказав, що Польща має стати """"регіональною потугою"""" і має для того усі передумови.",REVIEW,FALSE
67699,20250502,1,2337781,espreso,https://espreso.tv/viyna-z-rosiyeyu-bpla-masovano-atakuvali-rosiyski-viyskovi-aerodromi-v-krimu,STRATEGIC_AIRBASE,аеродром,атак,693805,Simferopol,Crimea,Simferopol's'ka,34.09941,44.95363,REVIEW,REVIEW_DISPUTED_CRIMEA,,,,a_ukr_init_b,0,a_ukr_b,1,a_rus_init_b,0,a_rus_b,0,FALSE,FALSE,БПЛА масовано атакували російські військові аеродроми в Криму,REVIEW,FALSE
67698,20250502,1,2338735,pravdaua,https://www.pravda.com.ua/news/2025/05/2/7510185/,STRATEGIC_AIRBASE,аеродром,атак|вибух,693805,Simferopol,Crimea,Simferopol's'ka,34.09941,44.95363,REVIEW,REVIEW_DISPUTED_CRIMEA,,,,a_ukr_init_b,0,a_ukr_b,1,a_rus_init_b,0,a_rus_b,0,FALSE,TRUE,У Росії заявили про масовану атаку БпЛА на Крим: біля військових аеродромів лунали вибухи.,REVIEW,FALSE
67703,20250502,1,2338843,unian,https://www.unian.ua/war/ataka-na-krim-2-travnya-bezpilotniki-vdarili-po-aerodromah-12995892.html,STRATEGIC_AIRBASE,аеродром,Безпілот,693805,Simferopol,Crimea,Simferopol's'ka,34.09941,44.95363,REVIEW,REVIEW_DISPUTED_CRIMEA,,,,a_ukr_init_b,0,a_ukr_b,1,a_rus_init_b,0,a_rus_b,1,FALSE,FALSE,Безпілотники масовано вдарили по Криму: ціллю стали аеродроми (відео),REVIEW,FALSE
67708,20250503,1,2340832,pravdaua,https://www.pravda.com.ua/news/2025/05/2/7510185/,STRATEGIC_AIRBASE,аеродром,атак|вибух,693805,Simferopol,Crimea,Simferopol's'ka,34.09941,44.95363,REVIEW,REVIEW_DISPUTED_CRIMEA,,,,a_ukr_init_b,0,a_ukr_b,1,a_rus_init_b,0,a_rus_b,0,FALSE,TRUE,"У Росії заявили про масовану атаку БпЛА на Крим: біля військових аеродромів лунали вибухи. Прем’єр-міністр Польщі Дональд Туск у своїй промові на 1 травня сказав, що Польща має стати """"регіональною потугою"""" і має для того усі передумови.",REVIEW,FALSE
372461,20250508,1,2570440,meduza,https://www.instagram.com/reel/DLsFfGbi6E8,DEFENSE_INDUSTRY,военнослужащим ВС РФ в микрорайоне Шевченко около развалин цеха №2 Часовоярского огнеупорного завод,Удар|дрон,9113821,Levanivskoho,Donets'k,Artemivs'kyi,37.826628,48.566749,DROP,DROP_LOCATION_NOT_RU,,,,a_ukr_init_b,0,a_ukr_b,1,a_rus_init_b,0,a_rus_b,0,TRUE,FALSE,Удар дрона ВСУ по военнослужащим ВС РФ в микрорайоне Шевченко около развалин цеха №2 Часовоярского огнеупорного завода.,MACHINE_NONCANDIDATE,FALSE
67741,20250516,1,2379628,liga,https://news.liga.net/all/news/krym-atakovali-drony-pod-udarom-mogli-byt-aerodromy-i-sklad-boepripasov-video,AMMUNITION_ARSENAL|STRATEGIC_AIRBASE,аэродром|склад боеприпас,атак|дрон|удар,693805,Simferopol,Crimea,Simferopol's'ka,34.09941,44.95363,REVIEW,REVIEW_DISPUTED_CRIMEA,,,,a_ukr_init_b,0,a_ukr_b,1,a_rus_init_b,0,a_rus_b,1,FALSE,FALSE,Крым атаковали дроны. Под ударом могли быть аэродромы и склад боеприпасов – видео,REVIEW,FALSE
67742,20250516,1,2352103,unian,https://www.unian.ua/war/krim-pid-atakoyu-gorit-sklad-boyepripasiv-pracyuye-ppo-13009881.html,AMMUNITION_ARSENAL|STRATEGIC_AIRBASE,аеродром|склад боєприпас,атак|вибух,693805,Simferopol,Crimea,Simferopol's'ka,34.09941,44.95363,REVIEW,REVIEW_DISPUTED_CRIMEA,,,,a_ukr_init_b,1,a_ukr_b,1,a_rus_init_b,0,a_rus_b,1,FALSE,FALSE,"У Криму прогриміли гучні вибухи: під атакою аеродроми, палає склад боєприпасів (відео)",REVIEW,FALSE
67740,20250516,1,2352125,espreso,https://espreso.tv/viyna-z-rosiyeyu-rf-zayavila-pro-ataku-bpla-na-krim-partizani-zafiksuvali-prilit-u-sklad-boepripasiv-perekrito-trasu-yalta-simferopol,AMMUNITION_ARSENAL,склад боєприпас,атак,693805,Simferopol,Crimea,Simferopol's'ka,34.09941,44.95363,REVIEW,REVIEW_DISPUTED_CRIMEA,,,,a_ukr_init_b,0,a_ukr_b,1,a_rus_init_b,0,a_rus_b,0,FALSE,FALSE,"РФ заявила про атаку БПЛА на Крим, партизани зафіксували приліт у склад боєприпасів, перекрито трасу Ялта – Сімферополь",REVIEW,FALSE
23354,20250516,1,2352126,espreso,https://espreso.tv/viyna-z-rosiyeyu-rf-zayavila-pro-ataku-bpla-na-krim-partizani-zafiksuvali-prilit-u-sklad-boepripasiv-perekrito-trasu-yalta-simferopol,AMMUNITION_ARSENAL,склад боєприпас,атак,688533,Yalta,Crimea,Ialtyns'ka,34.15869,44.49707,REVIEW,REVIEW_DISPUTED_CRIMEA,,,,a_ukr_init_b,0,a_ukr_b,1,a_rus_init_b,0,a_rus_b,0,FALSE,FALSE,"РФ заявила про атаку БПЛА на Крим, партизани зафіксували приліт у склад боєприпасів, перекрито трасу Ялта – Сімферополь",REVIEW,FALSE
67744,20250517,2,2353802,unian,https://www.unian.ua/war/vibuhi-v-krimu-droni-sbu-urazili-skladi-boyepripasiv-voroga-video-13010913.html,AMMUNITION_ARSENAL,склади боєприпас,Дрон,693805,Simferopol,Crimea,Simferopol's'ka,34.09941,44.95363,REVIEW,REVIEW_DISPUTED_CRIMEA,,,,a_ukr_init_b,0,a_ukr_b,0,a_rus_init_b,0,a_rus_b,0,TRUE,FALSE,"Дрони СБУ рознесли склади боєприпасів окупантів в Криму, - джерела (відео)",REVIEW,FALSE
67745,20250517,1,2352981,espreso,https://espreso.tv/viyna-z-rosiyeyu-droni-sbu-urazili-skladi-boepripasiv-126-brigadi-beregovoi-oboroni-rf-u-krimu-zmi,AMMUNITION_ARSENAL,склади боєприпас,Дрон,693805,Simferopol,Crimea,Simferopol's'ka,34.09941,44.95363,REVIEW,REVIEW_DISPUTED_CRIMEA,,,,a_ukr_init_b,0,a_ukr_b,1,a_rus_init_b,0,a_rus_b,1,TRUE,FALSE,Дрони СБУ уразили склади боєприпасів 126-ї бригади берегової оборони РФ у Криму,REVIEW,FALSE
381791,20250530,2,2364086|2364087,liveuamap,https://x.com/bayraktar_1love/status/1927840592521789774,DEFENSE_INDUSTRY,"оборонному заводі в Санкт-Петербурзі. На оборонному заводі """"""""Авангард"""""""" у Калінінському районі Санкт-Петербурга спалахнула велика пожежа. З верхніх поверхів завод|оборонному заводі в Санкт-Петербурзі. На оборонному заводі """"Авангард"""" у Калінінському районі Санкт-Петербурга спалахнула велика пожежа. З верхніх поверхів завод",вибух|пожеж,9983712,Avanhard,Odessa,Bilia‹vs'kyi,30.61381,46.47109,DROP,DROP_LOCATION_NOT_RU,,,,a_ukr_init_b,0,a_ukr_b,1,a_rus_init_b,0,a_rus_b,0,FALSE,FALSE,"Повідомляється про пожежу та вибухи на російському оборонному заводі в Санкт-Петербурзі. На оборонному заводі """"""""Авангард"""""""" у Калінінському районі Санкт-Петербурга спалахнула велика пожежа. З верхніх поверхів заводу на Кондратьївському проспекті було видно густий чорний дим та відкрите полум'я. || Повідомляється про пожежу та вибухи на російському оборонному заводі в Санкт-Петербурзі. На оборонному заводі """"Авангард"""" у Калінінському районі Санкт-Петербурга спалахнула велика пожежа. З верхніх поверхів заводу на Кондратьївському проспекті було видно густий чорний дим та відкрите полум'я.",MACHINE_NONCANDIDATE,FALSE
67786,20250605,1,2370146,unian,https://www.unian.ua/world/viyna-v-ukrajini-chomu-tramp-ne-vidreaguvav-na-udari-sbu-po-aerodromah-rf-13028913.html,STRATEGIC_AIRBASE,аеродром,удар,693805,Simferopol,Crimea,Simferopol's'ka,34.09941,44.95363,REVIEW,REVIEW_DISPUTED_CRIMEA,,,,a_ukr_init_b,1,a_ukr_b,1,a_rus_init_b,0,a_rus_b,0,TRUE,FALSE,"Експерт припустив, чому Трамп мовчить про удари України по аеродромах РФ та Кримському мосту",REVIEW,FALSE
185798,20250606,1,2391924,pravdaua,https://epravda.com.ua/biznes/mizh-stanciyami-metro-lisova-ta-arsenalna-zapustili-avtobusniy-marshrut-807658/,AMMUNITION_ARSENAL,Арсенал,Атак,703448,Kyiv,Kiev City,Shevchenkivs'kyi,30.52355,50.45044,DROP,DROP_LOCATION_NOT_RU,,,,a_ukr_init_b,0,a_ukr_b,0,a_rus_init_b,0,a_rus_b,0,FALSE,FALSE,Атака на Київ: Між станціями метро Лісова та Арсенальна запустили автобусний маршрут.,MACHINE_NONCANDIDATE,FALSE
185835,20250607,3,2374125,pravdaua,https://epravda.com.ua/biznes/mizh-stanciyami-metro-lisova-ta-arsenalna-zapustili-avtobusniy-marshrut-807658/,AMMUNITION_ARSENAL,Арсенал,Атак,703448,Kyiv,Kiev City,Shevchenkivs'kyi,30.52355,50.45044,DROP,DROP_LOCATION_NOT_RU,,,,a_ukr_init_b,0,a_ukr_b,0,a_rus_init_b,0,a_rus_b,0,FALSE,FALSE,Атака на Київ: Між станціями метро Лісова та Арсенальна запустили автобусний маршрут.,MACHINE_NONCANDIDATE,FALSE
186128,20250623,1,2453448,meduza,https://meduza.io/feature/2025/06/23/voyna,AMMUNITION_ARSENAL|STRATEGIC_AIRBASE,арсенал|аэродром,удар,703448,Kyiv,Kiev City,Shevchenkivs'kyi,30.52355,50.45044,DROP,DROP_LOCATION_NOT_RU,,,,a_ukr_init_b,0,a_ukr_b,0,a_rus_init_b,1,a_rus_b,0,TRUE,FALSE,"Минобороны РФ утверждает, что российские военные нанесли удар по военным предприятиям в Киевской области, инфраструктуре военного аэродрома и арсеналу минно-торпедного вооружения ВМС Украины. «Цели удара достигнуты. Все назначенные объекты поражены», — говорится в сообщении ведомства.",MACHINE_NONCANDIDATE,FALSE
67828,20250628,1,2427790,liga,https://news.liga.net/politics/news/sputnik-nasa-zafiksiroval-bolshoi-pozhar-na-aerodrome-kirovskoe-v-krymu-posle-udara-sbu,STRATEGIC_AIRBASE,аэродром,пожар|удар,693805,Simferopol,Crimea,Simferopol's'ka,34.09941,44.95363,REVIEW,REVIEW_DISPUTED_CRIMEA,,,,a_ukr_init_b,1,a_ukr_b,1,a_rus_init_b,0,a_rus_b,1,TRUE,FALSE,"На аэродроме """"Кировское"""" в оккупированном Крыму случился большой пожар после удара СБУ",REVIEW,FALSE
67824,20250628,1,2394723,espreso,https://espreso.tv/viyna-z-rosiyeyu-droni-sbu-atakuvali-viyskoviy-aerodrom-kirovske-v-krimu-znishcheno-vorozhiy-zgrk-pantsir-s1-ta-tri-gelikopteri,STRATEGIC_AIRBASE,аеродром,Дрон|атак|знищ,693805,Simferopol,Crimea,Simferopol's'ka,34.09941,44.95363,REVIEW,REVIEW_DISPUTED_CRIMEA,,,,a_ukr_init_b,0,a_ukr_b,1,a_rus_init_b,0,a_rus_b,0,TRUE,FALSE,"Дрони СБУ атакували військовий аеродром """"Кіровське"""" в Криму: знищено ворожий ЗГРК """"Панцир-С1"""" та три гелікоптери",REVIEW,FALSE
67829,20250629,1,2396139,liga,https://news.liga.net/all/chronicle/novaya-ugroza-iz-rossii-vse-glavnoe-ob-eskalatsii-voennoy-agressii-rf-protiv-ukrainy-live,STRATEGIC_AIRBASE,аэродром,атак|ракет,693805,Simferopol,Crimea,Simferopol's'ka,34.09941,44.95363,REVIEW,REVIEW_DISPUTED_CRIMEA,,,,a_ukr_init_b,0,a_ukr_b,1,a_rus_init_b,0,a_rus_b,0,TRUE,FALSE,"РФ атаковала Украину ракетами и БпЛА, СБУ попала по аэродрому оккупантов в Крыму – LIVE",REVIEW,FALSE
144611,20250701,1,2420788,pravdaua,https://www.eurointegration.com.ua/news/2025/07/1/7214965/,STRATEGIC_AIRBASE,аеродром,атак,701832,Marynivka,Mykolayiv,Domanivs'kyi,30.88074,47.77188,DROP,DROP_LOCATION_NOT_RU,,,,a_ukr_init_b,0,a_ukr_b,0,a_rus_init_b,0,a_rus_b,0,TRUE,FALSE,Розвідка Британії проаналізувала атаку України на військовий аеродром РФ Маринівка.,MACHINE_NONCANDIDATE,FALSE
144612,20250702,1,2400273,pravdaua,https://www.eurointegration.com.ua/news/2025/07/1/7214965/,STRATEGIC_AIRBASE,аеродром,атак,701832,Marynivka,Mykolayiv,Domanivs'kyi,30.88074,47.77188,DROP,DROP_LOCATION_NOT_RU,,,,a_ukr_init_b,0,a_ukr_b,0,a_rus_init_b,1,a_rus_b,1,TRUE,FALSE,Розвідка Британії проаналізувала атаку України на військовий аеродром РФ Маринівка.,MACHINE_NONCANDIDATE,FALSE
237099,20250703,1,2432984,liga,https://news.liga.net/politics/news/drony-sbu-porazili-sklady-boepripasov-vozle-vremenno-okkupirovannogo-hartsyzska,AMMUNITION_ARSENAL,складам боеприпас,Дрон|удар,706466,Khartsyzk,Donets'k,n.a. ( 511),38.14585,48.04026,DROP,DROP_LOCATION_NOT_RU,,,,a_ukr_init_b,0,a_ukr_b,1,a_rus_init_b,0,a_rus_b,0,TRUE,FALSE,Дроны СБУ ударили по складам боеприпасов в тылу врага возле Харцызска,MACHINE_NONCANDIDATE,FALSE
237100,20250703,1,2422941,pravdaua,https://www.pravda.com.ua/news/2025/07/3/7519987/,AMMUNITION_ARSENAL,склади боєприпас,Дрон,706466,Khartsyzk,Donets'k,n.a. ( 511),38.14585,48.04026,DROP,DROP_LOCATION_NOT_RU,,,,a_ukr_init_b,0,a_ukr_b,1,a_rus_init_b,0,a_rus_b,0,TRUE,FALSE,СБУ: Дрони висадили в повітря склади боєприпасів РФ біля Харцизька.,MACHINE_NONCANDIDATE,FALSE
237098,20250703,1,2422957,pravdaua,https://www.pravda.com.ua/news/2025/07/3/7519930/,AMMUNITION_ARSENAL,складі боєприпас,вибух,706466,Khartsyzk,Donets'k,n.a. ( 511),38.14585,48.04026,DROP,DROP_LOCATION_NOT_RU,,,,a_ukr_init_b,0,a_ukr_b,0,a_rus_init_b,0,a_rus_b,0,FALSE,FALSE,В окупованому Харцизьку на Донеччині пролунав вибух на складі боєприпасів – ЗМІ.,MACHINE_NONCANDIDATE,FALSE
82320,20250703,1,2422958,pravdaua,https://www.pravda.com.ua/news/2025/07/3/7519930/,AMMUNITION_ARSENAL,складі боєприпас,вибух,695094,Ruttschenkowo,Donets'k,Donets'ka,37.67529,47.95508,DROP,DROP_LOCATION_NOT_RU,,,,a_ukr_init_b,0,a_ukr_b,0,a_rus_init_b,0,a_rus_b,0,FALSE,FALSE,В окупованому Харцизьку на Донеччині пролунав вибух на складі боєприпасів – ЗМІ.,MACHINE_NONCANDIDATE,FALSE
237101,20250703,1,2400401,espreso,https://espreso.tv/viyna-z-rosiyeyu-droni-sbu-urazili-skladi-boepripasiv-rf-bilya-okupovanogo-khartsizka-na-donechchini,AMMUNITION_ARSENAL,склади боєприпас,Дрон,706466,Khartsyzk,Donets'k,n.a. ( 511),38.14585,48.04026,DROP,DROP_LOCATION_NOT_RU,,,,a_ukr_init_b,1,a_ukr_b,1,a_rus_init_b,0,a_rus_b,1,TRUE,FALSE,Дрони СБУ уразили склади боєприпасів РФ біля окупованого Харцизька на Донеччині,REVIEW,FALSE
82322,20250703,1,2400402,espreso,https://espreso.tv/viyna-z-rosiyeyu-droni-sbu-urazili-skladi-boepripasiv-rf-bilya-okupovanogo-khartsizka-na-donechchini,AMMUNITION_ARSENAL,склади боєприпас,Дрон,695094,Ruttschenkowo,Donets'k,Donets'ka,37.67529,47.95508,DROP,DROP_LOCATION_NOT_RU,,,,a_ukr_init_b,1,a_ukr_b,1,a_rus_init_b,0,a_rus_b,1,TRUE,FALSE,Дрони СБУ уразили склади боєприпасів РФ біля окупованого Харцизька на Донеччині,REVIEW,FALSE
237102,20250703,1,2401475,unian,https://www.unian.ua/war/harcizsk-droni-sbu-visadili-v-povitrya-rosiyski-skladi-boyepripasiv-13056348.html,AMMUNITION_ARSENAL,склади боєприпас,Дрон,706466,Khartsyzk,Donets'k,n.a. ( 511),38.14585,48.04026,DROP,DROP_LOCATION_NOT_RU,,,,a_ukr_init_b,0,a_ukr_b,1,a_rus_init_b,1,a_rus_b,1,TRUE,FALSE,Дрони СБУ висадили в повітря російські склади боєприпасів біля Харцизька,MACHINE_NONCANDIDATE,FALSE
186348,20250704,1,2424041,pravdaua,https://epravda.com.ua/energetika/armiya-rf-poshkodila-v-kiyevi-obladnannya-dtek-ta-znishchila-dvi-transformatorni-pidstanciji-808836/?fbclid=IwZXh0bgNhZW0CMTAAYnJpZBExV2NLUnVDUUhLRUlvU0dnUQEeTupisqosGL6qm9osHKaOdGag12VYeh2zjxeIPNXe3rOFxgob1KgoaSEFNdw_aem,ENERGY_GRID_SUPPORT,підстанц,знищ,703448,Kyiv,Kiev City,Shevchenkivs'kyi,30.52355,50.45044,DROP,DROP_LOCATION_NOT_RU,,,,a_ukr_init_b,1,a_ukr_b,1,a_rus_init_b,0,a_rus_b,1,FALSE,FALSE,Армія РФ пошкодила в Києві обладнання ДТЕК та знищила дві трансформаторні підстанції.,REVIEW,FALSE
237105,20250704,1,2403767,pravdaua,https://www.pravda.com.ua/news/2025/07/3/7519987/,AMMUNITION_ARSENAL,склади боєприпас,Дрон,706466,Khartsyzk,Donets'k,n.a. ( 511),38.14585,48.04026,DROP,DROP_LOCATION_NOT_RU,,,,a_ukr_init_b,0,a_ukr_b,1,a_rus_init_b,1,a_rus_b,1,TRUE,FALSE,СБУ: Дрони висадили в повітря склади боєприпасів РФ біля Харцизька.,MACHINE_NONCANDIDATE,FALSE
237104,20250704,1,2403783,pravdaua,https://www.pravda.com.ua/news/2025/07/3/7519930/,AMMUNITION_ARSENAL,складі боєприпас,вибух,706466,Khartsyzk,Donets'k,n.a. ( 511),38.14585,48.04026,DROP,DROP_LOCATION_NOT_RU,,,,a_ukr_init_b,0,a_ukr_b,1,a_rus_init_b,0,a_rus_b,0,FALSE,FALSE,В окупованому Харцизьку на Донеччині пролунав вибух на складі боєприпасів – ЗМІ.,MACHINE_NONCANDIDATE,FALSE
82324,20250704,1,2403784,pravdaua,https://www.pravda.com.ua/news/2025/07/3/7519930/,AMMUNITION_ARSENAL,складі боєприпас,вибух,695094,Ruttschenkowo,Donets'k,Donets'ka,37.67529,47.95508,DROP,DROP_LOCATION_NOT_RU,,,,a_ukr_init_b,0,a_ukr_b,1,a_rus_init_b,0,a_rus_b,0,FALSE,FALSE,В окупованому Харцизьку на Донеччині пролунав вибух на складі боєприпасів – ЗМІ.,MACHINE_NONCANDIDATE,FALSE
186380,20250705,1,2403834,pravdaua,https://epravda.com.ua/energetika/armiya-rf-poshkodila-v-kiyevi-obladnannya-dtek-ta-znishchila-dvi-transformatorni-pidstanciji-808836/?fbclid=IwZXh0bgNhZW0CMTAAYnJpZBExV2NLUnVDUUhLRUlvU0dnUQEeTupisqosGL6qm9osHKaOdGag12VYeh2zjxeIPNXe3rOFxgob1KgoaSEFNdw_aem,ENERGY_GRID_SUPPORT,підстанц,знищ,703448,Kyiv,Kiev City,Shevchenkivs'kyi,30.52355,50.45044,DROP,DROP_LOCATION_NOT_RU,,,,a_ukr_init_b,1,a_ukr_b,1,a_rus_init_b,0,a_rus_b,1,FALSE,FALSE,Армія РФ пошкодила в Києві обладнання ДТЕК та знищила дві трансформаторні підстанції.,REVIEW,FALSE
30201,20250709,1,2439008,liga,https://news.liga.net/politics/news/glavnym-napravleniem-rekordnogo-dronovogo-udara-byla-volyn-v-tom-chisle-aerodrom-ignat,STRATEGIC_AIRBASE,аэродром,дрон|удар,689131,Voloshky,Volyn,Kovel's'kyi,24.87053,51.19091,DROP,DROP_LOCATION_NOT_RU,,,,a_ukr_init_b,0,a_ukr_b,1,a_rus_init_b,0,a_rus_b,0,FALSE,FALSE,"Главным направлением рекордного дронового удара была Волынь, в том числе аэродром – Игнат",MACHINE_NONCANDIDATE,FALSE
236432,20250715,1,2414536,espreso,https://espreso.tv/kultura-rosiyani-u-khersoni-znishchili-istorichnu-budivlyu-xix-st-budinok-kulturi-sudnobudivnikiv,MILITARY_REPAIR_SHIPYARD,суднобуд,знищ,706448,Kherson,Kherson,Khersons'ka,32.61496,46.64032,REVIEW,REVIEW_NAME_ONLY_RU_SUPPORT,,,Kherson,a_ukr_init_b,0,a_ukr_b,1,a_rus_init_b,0,a_rus_b,0,FALSE,FALSE,Росіяни у Херсоні знищили історичну будівлю XIX ст. — будинок культури суднобудівників,REVIEW,FALSE
399619,20250721,1,2422475,unian,https://www.unian.ua/war/millerovo-u-rostovskiy-oblasti-rf-chuti-vibuhi-region-pid-atakoyu-bpla-13074258.html,STRATEGIC_AIRBASE,аеродром,вибух,,,,,40.39185,48.91963,STRICT,COORDINATE_RU_STRICT,0.853,526558,Millerovo,a_ukr_init_b,0,a_ukr_b,0,a_rus_init_b,0,a_rus_b,0,FALSE,FALSE,"У російському Міллерово пролунало понад 10 вибухів, там знаходиться військовий аеродром (відео)",REVIEW,FALSE
186793,20250731,1,2457517,pravdaua,https://epravda.com.ua/energetika/armiya-rf-poshkodila-transformatornu-pidstanciyu-v-kiyevi-809842/,ENERGY_GRID_SUPPORT,підстанц,атак,703448,Kyiv,Kiev City,Shevchenkivs'kyi,30.52355,50.45044,DROP,DROP_LOCATION_NOT_RU,,,,a_ukr_init_b,1,a_ukr_b,1,a_rus_init_b,0,a_rus_b,0,FALSE,FALSE,В Києві атака РФ пошкодила трансформаторну підстанцію.,REVIEW,FALSE
265177,20250731,1,2431196,liveuamap,https://t.me/landforcesofukraine/25203,MILITARY_REPAIR_SHIPYARD,Сухопутні війська України: внаслідок,ракет,708501,Honcharivske,Chernihiv,Chernihivs'kyi,30.92625,51.3022,DROP,DROP_LOCATION_NOT_RU,,,,a_ukr_init_b,0,a_ukr_b,1,a_rus_init_b,0,a_rus_b,0,TRUE,FALSE,"Сухопутні війська України: внаслідок ракетного обстрілу навчальної частини загинуло 3 військовослужбовців, 18 отримали поранення",MACHINE_NONCANDIDATE,FALSE
186819,20250801,3,2434874,pravdaua,https://epravda.com.ua/energetika/armiya-rf-poshkodila-transformatornu-pidstanciyu-v-kiyevi-809842/,ENERGY_GRID_SUPPORT,підстанц,атак,703448,Kyiv,Kiev City,Shevchenkivs'kyi,30.52355,50.45044,DROP,DROP_LOCATION_NOT_RU,,,,a_ukr_init_b,0,a_ukr_b,0,a_rus_init_b,0,a_rus_b,0,FALSE,FALSE,В Києві атака РФ пошкодила трансформаторну підстанцію.,MACHINE_NONCANDIDATE,FALSE
315464,20250804,1,2471205,liga,https://news.liga.net/politics/news/v-berdyanske-vzryv-na-podstantsii-obestochil-remontnuyu-bazu-okkupantov-istochnik-iz-razvedki,ENERGY_GRID_SUPPORT,подстанц,взрыв,712451,Berdyansk,Zaporizhzhya,Berdians'ka,36.78932,46.75567,DROP,DROP_LOCATION_NOT_RU,,,,a_ukr_init_b,0,a_ukr_b,0,a_rus_init_b,0,a_rus_b,0,FALSE,FALSE,В Бердянске взрыв на подстанции обесточил ремонтную базу оккупантов – источник из разведки,MACHINE_NONCANDIDATE,FALSE
67872,20250804,1,2471209,liga,https://news.liga.net/politics/news/drony-sbu-porazili-pyat-rossiiskih-istrebitelei-na-aerodrome-v-okkupirovannom-krymu,STRATEGIC_AIRBASE,аэродром,Дрон,693805,Simferopol,Crimea,Simferopol's'ka,34.09941,44.95363,REVIEW,REVIEW_DISPUTED_CRIMEA,,,,a_ukr_init_b,0,a_ukr_b,0,a_rus_init_b,0,a_rus_b,0,TRUE,FALSE,Дроны СБУ поразили пять российских истребителей на аэродроме в оккупированном Крыму,REVIEW,FALSE
67871,20250804,3,2461407,pravdaua,https://www.pravda.com.ua/news/2025/08/4/7524702/,STRATEGIC_AIRBASE,аеродром,Дрон,693805,Simferopol,Crimea,Simferopol's'ka,34.09941,44.95363,REVIEW,REVIEW_DISPUTED_CRIMEA,,,,a_ukr_init_b,0,a_ukr_b,0,a_rus_init_b,0,a_rus_b,0,TRUE,FALSE,СБУ: Дрони спецслужби уразили 5 російських винищувачів на аеродромі Саки в Криму.,REVIEW,FALSE
67875,20250804,1,2436955,espreso,https://espreso.tv/viyna-z-rosiyeyu-droni-sbu-urazili-5-vinishchuvachiv-rf-na-aerodromi-saki-u-krimu-odin-litak-znishcheno-povnistyu,STRATEGIC_AIRBASE,аеродром,Дрон|знищ,693805,Simferopol,Crimea,Simferopol's'ka,34.09941,44.95363,REVIEW,REVIEW_DISPUTED_CRIMEA,,,,a_ukr_init_b,0,a_ukr_b,1,a_rus_init_b,1,a_rus_b,1,TRUE,FALSE,"Дрони СБУ уразили 5 винищувачів РФ на аеродромі """"Саки"""" в Криму: один літак знищено повністю",REVIEW,FALSE
315466,20250804,1,2436001,espreso,https://espreso.tv/viyna-z-rosiyeyu-v-okupovanomu-berdyansku-cherez-vibukh-na-elektropidstantsii-znestrumleno-remontnu-bazu-rosiyan-zmi,ENERGY_GRID_SUPPORT,підстанц,вибух,712451,Berdyansk,Zaporizhzhya,Berdians'ka,36.78932,46.75567,DROP,DROP_LOCATION_NOT_RU,,,,a_ukr_init_b,0,a_ukr_b,1,a_rus_init_b,1,a_rus_b,1,FALSE,FALSE,В окупованому Бердянську через вибух на електропідстанції знеструмлено ремонтну базу росіян,MACHINE_NONCANDIDATE,FALSE
251362,20250805,1,2453620,meduza,https://meduza.io/feature/2025/08/05/voyna,RAIL_STRATEGIC_LOGISTICS,железнодорожное депо,атак|беспилот|поврежд|удар,706483,Kharkiv,Kharkiv,Kharkivs'ka,36.2312,49.99217,DROP,DROP_LOCATION_NOT_RU,,,,a_ukr_init_b,0,a_ukr_b,1,a_rus_init_b,1,a_rus_b,1,TRUE,FALSE,"По данным главы Харьковской областной военной администрации Олега Синегубова, во время атаки были применены 34 ударных беспилотника. По словам мэра, в Лозовой повреждены критическая инфраструктура, многоэтажки, частный сектор; также пострадали вокзал и железнодорожное депо. Часть поездов отправили в обход, сообщили в «Украинских железных дорогах».",MACHINE_NONCANDIDATE,FALSE
159276,20250805,3,2453621,meduza,https://meduza.io/feature/2025/08/05/voyna,RAIL_STRATEGIC_LOGISTICS,железнодорожное депо,атак|беспилот|поврежд|удар,702760,Lozova,Kharkiv,Lozivs'ka,36.31137,48.89005,DROP,DROP_LOCATION_NOT_RU,,,,a_ukr_init_b,0,a_ukr_b,1,a_rus_init_b,1,a_rus_b,1,TRUE,FALSE,"По данным главы Харьковской областной военной администрации Олега Синегубова, во время атаки были применены 34 ударных беспилотника. По словам мэра, в Лозовой повреждены критическая инфраструктура, многоэтажки, частный сектор; также пострадали вокзал и железнодорожное депо. Часть поездов отправили в обход, сообщили в «Украинских железных дорогах».",MACHINE_NONCANDIDATE,FALSE
67876,20250805,1,2438818,pravdaua,https://www.pravda.com.ua/news/2025/08/4/7524702/,STRATEGIC_AIRBASE,аеродром,Дрон,693805,Simferopol,Crimea,Simferopol's'ka,34.09941,44.95363,REVIEW,REVIEW_DISPUTED_CRIMEA,,,,a_ukr_init_b,0,a_ukr_b,0,a_rus_init_b,0,a_rus_b,0,TRUE,FALSE,СБУ: Дрони спецслужби уразили 5 російських винищувачів на аеродромі Саки в Криму.,REVIEW,FALSE
67888,20250808,1,2439989,espreso,https://espreso.tv/viyna-z-rosiyeyu-buv-potuzhniy-vibukh-ydetsya-pro-pidstantsiyu-titan-bratchuk-pro-mozhlive-urazhennya-obekta-v-krimu,ENERGY_GRID_SUPPORT,підстанц,вибух,693805,Simferopol,Crimea,Simferopol's'ka,34.09941,44.95363,REVIEW,REVIEW_DISPUTED_CRIMEA,,,,a_ukr_init_b,0,a_ukr_b,0,a_rus_init_b,1,a_rus_b,0,FALSE,FALSE,"Був потужний вибух, йдеться про підстанцію """"Титан"""": Братчук про можливе ураження об'єкта в Криму",REVIEW,FALSE
388583,20250812,1,2469465,pravdaua,https://epravda.com.ua/energetika/poryad-iz-zaporizkoyu-aes-pomitili-pozhezhu-poperedno-gorit-vantazhniy-port-810371/,PORT_EXPORT_LOGISTICS,порт,пожеж,10951287,Vesele,Zaporizhzhya,Tokmats'kyi,35.7672,47.17894,DROP,DROP_LOCATION_NOT_RU,,,,a_ukr_init_b,0,a_ukr_b,1,a_rus_init_b,1,a_rus_b,1,FALSE,FALSE,Поряд із Запорізькою АЕС помітили пожежу: попередньо горить вантажний порт.,MACHINE_NONCANDIDATE,FALSE
373666,20250813,1,2470503,pravdaua,https://www.pravda.com.ua/news/2025/08/13/7526058/,PIPELINE_PUMPING,нафтопров,удар,9114074,Druzhba,Donets'k,Kostiantynivs'kyi,37.91028,48.41,REVIEW,REVIEW_NAME_ONLY_RU_SUPPORT,,,Druzhba,a_ukr_init_b,0,a_ukr_b,1,a_rus_init_b,1,a_rus_b,1,FALSE,FALSE,"Сійярто звинуватив Україну в ударі по """"важливому"""" нафтопроводу """"Дружба"""".",REVIEW,FALSE
388584,20250813,1,2446734,pravdaua,https://epravda.com.ua/energetika/poryad-iz-zaporizkoyu-aes-pomitili-pozhezhu-poperedno-gorit-vantazhniy-port-810371/,PORT_EXPORT_LOGISTICS,порт,пожеж,10951287,Vesele,Zaporizhzhya,Tokmats'kyi,35.7672,47.17894,DROP,DROP_LOCATION_NOT_RU,,,,a_ukr_init_b,0,a_ukr_b,1,a_rus_init_b,1,a_rus_b,1,FALSE,FALSE,Поряд із Запорізькою АЕС помітили пожежу: попередньо горить вантажний порт.,MACHINE_NONCANDIDATE,FALSE
373663,20250813,1,2445813,unian,https://www.unian.ua/war/udari-po-rf-droni-urazili-naybilshiy-vuzol-naftoprovodu-druzhba-13096314.html,PIPELINE_PUMPING,нафтопров,Дрон,9114074,Druzhba,Donets'k,Kostiantynivs'kyi,37.91028,48.41,REVIEW,REVIEW_NAME_ONLY_RU_SUPPORT,,,Druzhba,a_ukr_init_b,0,a_ukr_b,0,a_rus_init_b,0,a_rus_b,0,FALSE,FALSE,"Дрони уразили найбільший вузол нафтопроводу """"Дружба"""": деталі від Генштабу",REVIEW,FALSE
373664,20250813,1,2445825,unian,https://www.unian.ua/world/v-ugorshchini-nakinulisya-na-ukrajinu-zi-zvinuvachennyami-cherez-udar-po-naftoprovodu-druzhba-13097106.html,PIPELINE_PUMPING,нафтопров,удар,9114074,Druzhba,Donets'k,Kostiantynivs'kyi,37.91028,48.41,REVIEW,REVIEW_NAME_ONLY_RU_SUPPORT,,,Druzhba,a_ukr_init_b,0,a_ukr_b,0,a_rus_init_b,0,a_rus_b,0,FALSE,FALSE,"В Угорщині накинулися на Україну зі звинуваченнями через удар по нафтопроводу """"Дружба""""",REVIEW,FALSE
373669,20250814,1,2446790,pravdaua,https://www.pravda.com.ua/news/2025/08/13/7526058/,PIPELINE_PUMPING,нафтопров,удар,9114074,Druzhba,Donets'k,Kostiantynivs'kyi,37.91028,48.41,REVIEW,REVIEW_NAME_ONLY_RU_SUPPORT,,,Druzhba,a_ukr_init_b,0,a_ukr_b,1,a_rus_init_b,1,a_rus_b,1,FALSE,FALSE,"Сійярто звинуватив Україну в ударі по """"важливому"""" нафтопроводу """"Дружба"""".",REVIEW,FALSE
136232,20250817,1,2455244,espreso,https://espreso.tv/news-biytsi-gur-znishchili-u-melitopoli-sklad-z-boepripasami-ta-okupantiv-yakikh-perekidali-na-zaporizkiy-napryamok,AMMUNITION_ARSENAL,склад з боєприпас,знищ,701404,Melitopol,Zaporizhzhya,Melitopol's'kyi,35.37288,46.84219,DROP,DROP_LOCATION_NOT_RU,,,,a_ukr_init_b,0,a_ukr_b,1,a_rus_init_b,1,a_rus_b,1,FALSE,FALSE,"Бійці ГУР знищили у Мелітополі склад з боєприпасами та окупантів, яких перекидали на Запорізький напрямок",MACHINE_NONCANDIDATE,FALSE
18704,20250817,1,2455245,espreso,https://espreso.tv/news-biytsi-gur-znishchili-u-melitopoli-sklad-z-boepripasami-ta-okupantiv-yakikh-perekidali-na-zaporizkiy-napryamok,AMMUNITION_ARSENAL,склад з боєприпас,знищ,687700,Zaporizhzhya,Zaporizhzhya,Zaporiz'ka,35.13885,47.83831,DROP,DROP_LOCATION_NOT_RU,,,,a_ukr_init_b,0,a_ukr_b,1,a_rus_init_b,1,a_rus_b,1,FALSE,FALSE,"Бійці ГУР знищили у Мелітополі склад з боєприпасами та окупантів, яких перекидали на Запорізький напрямок",MACHINE_NONCANDIDATE,FALSE
373672,20250817,1,2456156,unian,https://www.unian.ua/war/viyna-v-ukrajini-zsu-znishchili-nasosni-stanciji-unecha-naftoprovodu-druzhba-13100730.html,PIPELINE_PUMPING,нафтопров,Удар|знищ,9114074,Druzhba,Donets'k,Kostiantynivs'kyi,37.91028,48.41,REVIEW,REVIEW_NAME_ONLY_RU_SUPPORT,,,Druzhba,a_ukr_init_b,0,a_ukr_b,0,a_rus_init_b,0,a_rus_b,0,TRUE,FALSE,"Удар ЗСУ знищив насосні станції стратегічного нафтопроводу """"Дружба"""", – ЗМІ",REVIEW,FALSE
373677,20250818,1,2530603,liga,https://news.liga.net/politics/news/udar-vsu-polnostyu-ostanovil-nefteprovod-druzhba-genshtab,PIPELINE_PUMPING,нефтепровод,удар,9114074,Druzhba,Donets'k,Kostiantynivs'kyi,37.91028,48.41,REVIEW,REVIEW_NAME_ONLY_RU_SUPPORT,,,Druzhba,a_ukr_init_b,1,a_ukr_b,1,a_rus_init_b,0,a_rus_b,1,TRUE,FALSE,"Украинский удар полностью остановил нефтепровод """"Дружба"""" – Генштаб",REVIEW,FALSE
373678,20250818,1,2532768,pravdaua,https://www.pravda.com.ua/news/2025/08/18/7526736/,PIPELINE_PUMPING,Нафтопров,удар,9114074,Druzhba,Donets'k,Kostiantynivs'kyi,37.91028,48.41,REVIEW,REVIEW_NAME_ONLY_RU_SUPPORT,,,Druzhba,a_ukr_init_b,1,a_ukr_b,1,a_rus_init_b,0,a_rus_b,1,FALSE,TRUE,"Нафтопровід """"Дружба"""" зупинив роботу після удару Сили оборони по станції """"Нікольське"""" в РФ.",REVIEW,FALSE
30319,20250818,1,2532769,pravdaua,https://www.pravda.com.ua/news/2025/08/18/7526736/,PIPELINE_PUMPING,Нафтопров,удар,689151,Nikol's'ke,Donets'k,Volodars'kyi,37.31873,47.19947,DROP,DROP_LOCATION_NOT_RU,,,,a_ukr_init_b,1,a_ukr_b,1,a_rus_init_b,0,a_rus_b,1,FALSE,TRUE,"Нафтопровід """"Дружба"""" зупинив роботу після удару Сили оборони по станції """"Нікольське"""" в РФ.",REVIEW,FALSE
320976,20250818,1,2532788,pravdaua,https://www.pravda.com.ua/news/2025/08/18/7526648/,FUEL_STORAGE_TERMINAL,нафтобаз,атак|безпілот|пожеж,712609,Bilka,Odessa,Ivanivs'kyi,30.40579,46.90822,DROP,DROP_LOCATION_NOT_RU,,,,a_ukr_init_b,0,a_ukr_b,1,a_rus_init_b,1,a_rus_b,1,FALSE,FALSE,На Одещині безпілотники РФ знову атакували нафтобазу SOCAR: зайнялася масштабна пожежа.,MACHINE_NONCANDIDATE,FALSE
373675,20250818,1,2456185,espreso,https://espreso.tv/viyna-z-rosiyeyu-sili-oboroni-atakuvali-naftoperekachuvalnu-stantsiyu-u-tambovskiy-oblasti-rf-naftoprovod-druzhba-povnistyu-zupineno,PIPELINE_PUMPING,нафтопров,Удар|атак|дрон,9114074,Druzhba,Donets'k,Kostiantynivs'kyi,37.91028,48.41,REVIEW,REVIEW_NAME_ONLY_RU_SUPPORT,,,Druzhba,a_ukr_init_b,0,a_ukr_b,1,a_rus_init_b,0,a_rus_b,0,TRUE,FALSE,"Удари українських дронів повністю зупинили роботу нафтопроводу """"Дружба"""": в Угорщині розкритикували атаку, Сибіга порадив скаржитися Москві",REVIEW,FALSE
325144,20250819,2,2530619|2532807,liga|pravdaua,https://news.liga.net/politics/news/drony-sbu-unichtozhili-dva-sklada-boepripasov-rossiyan-v-luganskoi-oblasti|https://www.pravda.com.ua/news/2025/08/19/7526895/,AMMUNITION_ARSENAL,склада боеприпас|склади боєприпас,Дрон|уничтож,712734,Baydivka,Luhans'k,Starobil's'kyi,38.90252,49.15874,DROP,DROP_LOCATION_NOT_RU,,,,a_ukr_init_b,1,a_ukr_b,1,a_rus_init_b,0,a_rus_b,1,TRUE,FALSE,Дроны СБУ уничтожили два склада боеприпасов россиян в Луганской области || Дрони СБУ запалили склади боєприпасів росіян на Луганщині.,REVIEW,FALSE
325143,20250819,1,2457170,espreso,https://espreso.tv/viyna-z-rosiyeyu-sbu-znishchila-dronami-dva-skladi-boepripasiv-okupantiv-na-luganshchini,AMMUNITION_ARSENAL,склади боєприпас,дрон|знищ,712734,Baydivka,Luhans'k,Starobil's'kyi,38.90252,49.15874,DROP,DROP_LOCATION_NOT_RU,,,,a_ukr_init_b,0,a_ukr_b,0,a_rus_init_b,0,a_rus_b,1,TRUE,FALSE,СБУ знищила дронами два склади боєприпасів окупантів на Луганщині,MACHINE_NONCANDIDATE,FALSE
373684,20250820,1,2530635,liga,https://news.liga.net/politics/news/vengriya-zayavila-o-vozobnovlenii-postavok-po-truboprovodu-druzhba-posle-ataki-vsu,PIPELINE_PUMPING,трубопровод,атак,9114074,Druzhba,Donets'k,Kostiantynivs'kyi,37.91028,48.41,REVIEW,REVIEW_NAME_ONLY_RU_SUPPORT,,,Druzhba,a_ukr_init_b,0,a_ukr_b,1,a_rus_init_b,0,a_rus_b,0,TRUE,FALSE,"Венгрия заявила о возобновлении поставок по трубопроводу """"Дружба"""" после атаки ВСУ",REVIEW,FALSE
373682,20250820,2,2532848,pravdaua,https://www.pravda.com.ua/news/2025/08/20/7526961/,PIPELINE_PUMPING,нафтопров,атак,9114074,Druzhba,Donets'k,Kostiantynivs'kyi,37.91028,48.41,REVIEW,REVIEW_NAME_ONLY_RU_SUPPORT,,,Druzhba,a_ukr_init_b,0,a_ukr_b,1,a_rus_init_b,0,a_rus_b,0,FALSE,FALSE,"В Угорщині заявили, що нафтопровід """"Дружба"""" відновив роботу і просять Україну більше не атакувати його.",REVIEW,FALSE
325145,20250820,1,2458908,pravdaua,https://www.pravda.com.ua/news/2025/08/19/7526895/,AMMUNITION_ARSENAL,склади боєприпас,Дрон,712734,Baydivka,Luhans'k,Starobil's'kyi,38.90252,49.15874,DROP,DROP_LOCATION_NOT_RU,,,,a_ukr_init_b,0,a_ukr_b,0,a_rus_init_b,0,a_rus_b,0,TRUE,FALSE,Дрони СБУ запалили склади боєприпасів росіян на Луганщині.,MACHINE_NONCANDIDATE,FALSE
373685,20250821,1,2459916,pravdaua,https://www.pravda.com.ua/news/2025/08/20/7526961/,PIPELINE_PUMPING,нафтопров,атак,9114074,Druzhba,Donets'k,Kostiantynivs'kyi,37.91028,48.41,REVIEW,REVIEW_NAME_ONLY_RU_SUPPORT,,,Druzhba,a_ukr_init_b,0,a_ukr_b,0,a_rus_init_b,0,a_rus_b,0,FALSE,FALSE,"В Угорщині заявили, що нафтопровід """"Дружба"""" відновив роботу і просять Україну більше не атакувати його.",REVIEW,FALSE
373690,20250822,3,2460031|2530658,espreso|liga,https://espreso.tv/viyna-z-rosiyeyu-ukrainski-bezpilotniki-vnochi-znovu-atakuvali-naftoprovid-druzhba-ugorshchina-kazhe-pro-pripinennya-postachannya-nafti|https://news.liga.net/politics/news/orban-pozhalovalsya-trampu-na-ukrainskie-udary-po-gazoprovodu-druzhba-magyar-nemzet,PIPELINE_PUMPING,нафтопров|нефтепровод,атак|безпілот|удар,9114074,Druzhba,Donets'k,Kostiantynivs'kyi,37.91028,48.41,REVIEW,REVIEW_NAME_ONLY_RU_SUPPORT,,,Druzhba,a_ukr_init_b,0,a_ukr_b,1,a_rus_init_b,0,a_rus_b,0,TRUE,FALSE,"Трамп заявил Орбану, что """"очень зол"""" на украинские удары по нефтепроводу """"Дружба"""" – фото || Українські безпілотники вночі знову атакували нафтопровід """"Дружба"""", Угорщина каже про припинення постачання нафти",REVIEW,FALSE
373695,20250822,1,2532893,pravdaua,https://www.pravda.com.ua/news/2025/08/22/7527412/,PIPELINE_PUMPING,нафтопров,атак,9114074,Druzhba,Donets'k,Kostiantynivs'kyi,37.91028,48.41,REVIEW,REVIEW_NAME_ONLY_RU_SUPPORT,,,Druzhba,a_ukr_init_b,0,a_ukr_b,1,a_rus_init_b,1,a_rus_b,1,TRUE,FALSE,"Росіяни назвали Сійярто термін ремонту нафтопроводу """"Дружба"""" після останньої атаки ЗСУ.",REVIEW,FALSE
373689,20250822,2,2532907,pravdaua,https://www.pravda.com.ua/news/2025/08/22/7527342/,PIPELINE_PUMPING,нафтопров,удар,9114074,Druzhba,Donets'k,Kostiantynivs'kyi,37.91028,48.41,REVIEW,REVIEW_NAME_ONLY_RU_SUPPORT,,,Druzhba,a_ukr_init_b,0,a_ukr_b,0,a_rus_init_b,0,a_rus_b,0,FALSE,FALSE,"Словаччина і Угорщина поскаржились Єврокомісії на удари по нафтопроводу """"Дружба"""".",REVIEW,FALSE
373693,20250822,1,2532920,pravdaua,https://www.pravda.com.ua/news/2025/08/22/7527313/,PIPELINE_PUMPING,нафтопров,атак|дрон,9114074,Druzhba,Donets'k,Kostiantynivs'kyi,37.91028,48.41,REVIEW,REVIEW_NAME_ONLY_RU_SUPPORT,,,Druzhba,a_ukr_init_b,1,a_ukr_b,1,a_rus_init_b,0,a_rus_b,1,TRUE,FALSE,"Сійярто знову скаржиться, що нафтопровід """"Дружба"""" не працює. Роботу астраханського порту """"Оля"""" паралізовано вже тиждень після атаки українських дронів в ніч на 15 серпня.",REVIEW,FALSE
121441,20250822,1,2460927,espreso,https://espreso.tv/viyna-z-rosiyeyu-zsu-znishchili-punkt-bazuvannya-bpla-forpost-na-aerodromi-v-sevastopoli,STRATEGIC_AIRBASE,аеродром,знищ,700022,Nizhnedneprovsk,Dnipropetrovs'k,Dnipropetrovs'ka,35.07667,48.49679,DROP,DROP_LOCATION_NOT_RU,,,,a_ukr_init_b,0,a_ukr_b,0,a_rus_init_b,1,a_rus_b,1,TRUE,FALSE,"ЗСУ знищили пункт базування БПЛА """"Форпост"""" на аеродромі в Севастополі",MACHINE_NONCANDIDATE,FALSE
72574,20250822,1,2460928,espreso,https://espreso.tv/viyna-z-rosiyeyu-zsu-znishchili-punkt-bazuvannya-bpla-forpost-na-aerodromi-v-sevastopoli,STRATEGIC_AIRBASE,аеродром,знищ,694423,Sevastopol,Sevastopol',Lenins'kyi,33.52291,44.60105,REVIEW,REVIEW_DISPUTED_CRIMEA,,,,a_ukr_init_b,0,a_ukr_b,0,a_rus_init_b,1,a_rus_b,1,TRUE,FALSE,"ЗСУ знищили пункт базування БПЛА """"Форпост"""" на аеродромі в Севастополі",REVIEW,FALSE
373688,20250822,1,2460009,unian,https://www.unian.ua/war/naftoprovid-druzhba-madyar-povidomiv-pro-ataku-na-naftoperekachuvalnu-stanciyu-unecha-13105683.html,PIPELINE_PUMPING,нафтопров,атак,9114074,Druzhba,Donets'k,Kostiantynivs'kyi,37.91028,48.41,REVIEW,REVIEW_NAME_ONLY_RU_SUPPORT,,,Druzhba,a_ukr_init_b,0,a_ukr_b,0,a_rus_init_b,0,a_rus_b,0,TRUE,FALSE,"ЗСУ знову атакували вузол нафтопроводу """"Дружба"""" в Росії, - Мадяр",REVIEW,FALSE
373697,20250823,1,2461955,pravdaua,https://www.pravda.com.ua/news/2025/08/22/7527412/,PIPELINE_PUMPING,нафтопров,атак,9114074,Druzhba,Donets'k,Kostiantynivs'kyi,37.91028,48.41,REVIEW,REVIEW_NAME_ONLY_RU_SUPPORT,,,Druzhba,a_ukr_init_b,0,a_ukr_b,0,a_rus_init_b,0,a_rus_b,0,TRUE,FALSE,"Росіяни назвали Сійярто термін ремонту нафтопроводу """"Дружба"""" після останньої атаки ЗСУ.",REVIEW,FALSE
373699,20250823,1,2461969,pravdaua,https://www.pravda.com.ua/news/2025/08/22/7527342/,PIPELINE_PUMPING,нафтопров,удар,9114074,Druzhba,Donets'k,Kostiantynivs'kyi,37.91028,48.41,REVIEW,REVIEW_NAME_ONLY_RU_SUPPORT,,,Druzhba,a_ukr_init_b,0,a_ukr_b,1,a_rus_init_b,0,a_rus_b,1,FALSE,FALSE,"Словаччина і Угорщина поскаржились Єврокомісії на удари по нафтопроводу """"Дружба"""".",REVIEW,FALSE
373696,20250823,1,2460916,unian,https://www.unian.ua/world/naftoprovid-druzhba-ugorshchina-ta-slovachchina-poskarzhilisya-yevrokomisiji-13106925.html,PIPELINE_PUMPING,Нафтопров,атак,9114074,Druzhba,Donets'k,Kostiantynivs'kyi,37.91028,48.41,REVIEW,REVIEW_NAME_ONLY_RU_SUPPORT,,,Druzhba,a_ukr_init_b,0,a_ukr_b,0,a_rus_init_b,0,a_rus_b,0,FALSE,FALSE,"Нафтопровід """"Дружба"""": Угорщина та Словаччина звернулися до Єврокомісії через атаку",REVIEW,FALSE
376011,20250824,1,2462920,unian,https://www.unian.ua/war/naftoprovid-druzhba-udar-znishchiv-nasosnu-stanciyu-ta-zupiniv-robotu-naftoprovodu-13108278.html,PIPELINE_PUMPING,нафтопров,знищ|удар,9114542,Novyi,Luhans'k,Krasnoluts'ka,38.59081,48.49995,REVIEW,REVIEW_NAME_ONLY_RU_SUPPORT,,,Novyi,a_ukr_init_b,0,a_ukr_b,0,a_rus_init_b,0,a_rus_b,0,TRUE,FALSE,"Новий удар України знищив насосну станцію та зупинив роботу нафтопроводу """"Дружба""""",REVIEW,FALSE
373701,20250824,1,2462921,unian,https://www.unian.ua/war/naftoprovid-druzhba-udar-znishchiv-nasosnu-stanciyu-ta-zupiniv-robotu-naftoprovodu-13108278.html,PIPELINE_PUMPING,нафтопров,знищ|удар,9114074,Druzhba,Donets'k,Kostiantynivs'kyi,37.91028,48.41,REVIEW,REVIEW_NAME_ONLY_RU_SUPPORT,,,Druzhba,a_ukr_init_b,0,a_ukr_b,0,a_rus_init_b,0,a_rus_b,0,TRUE,FALSE,"Новий удар України знищив насосну станцію та зупинив роботу нафтопроводу """"Дружба""""",REVIEW,FALSE
399635,20250824,1,2461215,liveuamap,https://t.me/GeneralStaffZSU/28142,STRATEGIC_AIRBASE,аеродром,знищ|удар,,,,,33.39732,44.57218,REVIEW,REVIEW_DISPUTED_CRIMEA,,,,a_ukr_init_b,0,a_ukr_b,1,a_rus_init_b,1,a_rus_b,1,TRUE,FALSE,"Генеральний Штаб Збройних Сил України: Силами та засобами ВМС ЗС України було знищено пункт базування БпЛА """"""""Форпост""""""""(""""""""Mohajer-6"""""""") на аеродромі Херсонес у м. Севастополі, на території тимчасово окупованого Криму. За результатами удару було уражено до трьох БпЛА Mohajer-6 та два БпЛА Форпост",REVIEW,FALSE
72578,20250824,1,2461216,liveuamap,https://t.me/GeneralStaffZSU/28142,STRATEGIC_AIRBASE,аеродром,знищ|удар,694423,Sevastopol,Sevastopol',Lenins'kyi,33.52291,44.60105,REVIEW,REVIEW_DISPUTED_CRIMEA,,,,a_ukr_init_b,0,a_ukr_b,1,a_rus_init_b,1,a_rus_b,1,TRUE,FALSE,"Генеральний Штаб Збройних Сил України: Силами та засобами ВМС ЗС України було знищено пункт базування БпЛА """"""""Форпост""""""""(""""""""Mohajer-6"""""""") на аеродромі Херсонес у м. Севастополі, на території тимчасово окупованого Криму. За результатами удару було уражено до трьох БпЛА Mohajer-6 та два БпЛА Форпост",REVIEW,FALSE
67927,20250824,1,2461217,liveuamap,https://t.me/GeneralStaffZSU/28142,STRATEGIC_AIRBASE,аеродром,знищ|удар,693805,Simferopol,Crimea,Simferopol's'ka,34.09941,44.95363,REVIEW,REVIEW_DISPUTED_CRIMEA,,,,a_ukr_init_b,0,a_ukr_b,1,a_rus_init_b,1,a_rus_b,1,TRUE,FALSE,"Генеральний Штаб Збройних Сил України: Силами та засобами ВМС ЗС України було знищено пункт базування БпЛА """"""""Форпост""""""""(""""""""Mohajer-6"""""""") на аеродромі Херсонес у м. Севастополі, на території тимчасово окупованого Криму. За результатами удару було уражено до трьох БпЛА Mohajer-6 та два БпЛА Форпост",REVIEW,FALSE
121444,20250824,1,2461218,liveuamap,https://t.me/GeneralStaffZSU/28142,STRATEGIC_AIRBASE,аеродром,знищ|удар,700022,Nizhnedneprovsk,Dnipropetrovs'k,Dnipropetrovs'ka,35.07667,48.49679,DROP,DROP_LOCATION_NOT_RU,,,,a_ukr_init_b,0,a_ukr_b,1,a_rus_init_b,1,a_rus_b,1,TRUE,FALSE,"Генеральний Штаб Збройних Сил України: Силами та засобами ВМС ЗС України було знищено пункт базування БпЛА """"""""Форпост""""""""(""""""""Mohajer-6"""""""") на аеродромі Херсонес у м. Севастополі, на території тимчасово окупованого Криму. За результатами удару було уражено до трьох БпЛА Mohajer-6 та два БпЛА Форпост",MACHINE_NONCANDIDATE,FALSE
399634,20250824,1,2461307,liveuamap,https://t.me/GeneralStaffZSU/28142,STRATEGIC_AIRBASE,аеродром,знищ|удар,,,,,33.39732,44.57218,REVIEW,REVIEW_DISPUTED_CRIMEA,,,,a_ukr_init_b,0,a_ukr_b,1,a_rus_init_b,0,a_rus_b,0,TRUE,FALSE,"Генеральний Штаб Збройних Сил України: Силами та засобами ВМС ЗС України було знищено пункт базування БпЛА """"Форпост""""(""""Mohajer-6"""") на аеродромі Херсонес у м. Севастополі, на території тимчасово окупованого Криму. За результатами удару було уражено до трьох БпЛА Mohajer-6 та два БпЛА Форпост",REVIEW,FALSE
72577,20250824,1,2461308,liveuamap,https://t.me/GeneralStaffZSU/28142,STRATEGIC_AIRBASE,аеродром,знищ|удар,694423,Sevastopol,Sevastopol',Lenins'kyi,33.52291,44.60105,REVIEW,REVIEW_DISPUTED_CRIMEA,,,,a_ukr_init_b,0,a_ukr_b,1,a_rus_init_b,0,a_rus_b,0,TRUE,FALSE,"Генеральний Штаб Збройних Сил України: Силами та засобами ВМС ЗС України було знищено пункт базування БпЛА """"Форпост""""(""""Mohajer-6"""") на аеродромі Херсонес у м. Севастополі, на території тимчасово окупованого Криму. За результатами удару було уражено до трьох БпЛА Mohajer-6 та два БпЛА Форпост",REVIEW,FALSE
67924,20250824,1,2461309,liveuamap,https://t.me/GeneralStaffZSU/28142,STRATEGIC_AIRBASE,аеродром,знищ|удар,693805,Simferopol,Crimea,Simferopol's'ka,34.09941,44.95363,REVIEW,REVIEW_DISPUTED_CRIMEA,,,,a_ukr_init_b,0,a_ukr_b,1,a_rus_init_b,0,a_rus_b,0,TRUE,FALSE,"Генеральний Штаб Збройних Сил України: Силами та засобами ВМС ЗС України було знищено пункт базування БпЛА """"Форпост""""(""""Mohajer-6"""") на аеродромі Херсонес у м. Севастополі, на території тимчасово окупованого Криму. За результатами удару було уражено до трьох БпЛА Mohajer-6 та два БпЛА Форпост",REVIEW,FALSE
121443,20250824,1,2461310,liveuamap,https://t.me/GeneralStaffZSU/28142,STRATEGIC_AIRBASE,аеродром,знищ|удар,700022,Nizhnedneprovsk,Dnipropetrovs'k,Dnipropetrovs'ka,35.07667,48.49679,DROP,DROP_LOCATION_NOT_RU,,,,a_ukr_init_b,0,a_ukr_b,1,a_rus_init_b,0,a_rus_b,0,TRUE,FALSE,"Генеральний Штаб Збройних Сил України: Силами та засобами ВМС ЗС України було знищено пункт базування БпЛА """"Форпост""""(""""Mohajer-6"""") на аеродромі Херсонес у м. Севастополі, на території тимчасово окупованого Криму. За результатами удару було уражено до трьох БпЛА Mohajer-6 та два БпЛА Форпост",MACHINE_NONCANDIDATE,FALSE
373706,20250825,1,2530704,liga,https://news.liga.net/politics/news/u-orbana-udar-po-nefteprovodu-druzhba-nazvali-voennym-napadeniem-na-evrosoyuz,PIPELINE_PUMPING,нефтепровод,удар,9114074,Druzhba,Donets'k,Kostiantynivs'kyi,37.91028,48.41,REVIEW,REVIEW_NAME_ONLY_RU_SUPPORT,,,Druzhba,a_ukr_init_b,0,a_ukr_b,0,a_rus_init_b,0,a_rus_b,0,FALSE,FALSE,"У Орбана удар по нефтепроводу """"Дружба"""" назвали """"военным нападением"""" на Евросоюз",REVIEW,FALSE
373707,20250825,3,2530709,liga,https://news.liga.net/politics/news/glava-mid-slovakii-udary-po-nefteprovodu-druzhba-vredyat-interesam-samoi-ukrainy,PIPELINE_PUMPING,нефтепровод,Удар,9114074,Druzhba,Donets'k,Kostiantynivs'kyi,37.91028,48.41,REVIEW,REVIEW_NAME_ONLY_RU_SUPPORT,,,Druzhba,a_ukr_init_b,0,a_ukr_b,1,a_rus_init_b,0,a_rus_b,0,TRUE,FALSE,"Глава МИД Словакии: Удары по нефтепроводу """"Дружба"""" вредят интересам самой Украины",REVIEW,FALSE
373705,20250825,1,2532982,pravdaua,https://www.pravda.com.ua/news/2025/08/25/7527754/,PIPELINE_PUMPING,нафтопров,удар,9114074,Druzhba,Donets'k,Kostiantynivs'kyi,37.91028,48.41,REVIEW,REVIEW_NAME_ONLY_RU_SUPPORT,,,Druzhba,a_ukr_init_b,0,a_ukr_b,0,a_rus_init_b,0,a_rus_b,0,FALSE,FALSE,"У партії Орбана прирівняли удар по нафтопроводу """"Дружба"""" до нападу на ЄС.",REVIEW,FALSE
373708,20250825,1,2533002,pravdaua,https://www.pravda.com.ua/news/2025/08/25/7527654/,PIPELINE_PUMPING,нафтопров,Атак,9114074,Druzhba,Donets'k,Kostiantynivs'kyi,37.91028,48.41,REVIEW,REVIEW_NAME_ONLY_RU_SUPPORT,,,Druzhba,a_ukr_init_b,0,a_ukr_b,1,a_rus_init_b,0,a_rus_b,1,TRUE,FALSE,"Глава МЗС Словаччини: Атаки ЗСУ по нафтопроводу """"Дружба"""" шкодять самій Україні.",REVIEW,FALSE
373711,20250826,2,2464796|2464816,pravdaua,https://www.pravda.com.ua/news/2025/08/25/7527654/|https://www.pravda.com.ua/news/2025/08/25/7527754/,PIPELINE_PUMPING,нафтопров,Атак|удар,9114074,Druzhba,Donets'k,Kostiantynivs'kyi,37.91028,48.41,REVIEW,REVIEW_NAME_ONLY_RU_SUPPORT,,,Druzhba,a_ukr_init_b,0,a_ukr_b,1,a_rus_init_b,1,a_rus_b,1,TRUE,FALSE,"У партії Орбана прирівняли удар по нафтопроводу """"Дружба"""" до нападу на ЄС. || Глава МЗС Словаччини: Атаки ЗСУ по нафтопроводу """"Дружба"""" шкодять самій Україні.",REVIEW,FALSE
373716,20250828,2,2533098,pravdaua,https://www.pravda.com.ua/news/2025/08/28/7528212/,PIPELINE_PUMPING,нафтопров,удар,9114074,Druzhba,Donets'k,Kostiantynivs'kyi,37.91028,48.41,REVIEW,REVIEW_NAME_ONLY_RU_SUPPORT,,,Druzhba,a_ukr_init_b,0,a_ukr_b,1,a_rus_init_b,0,a_rus_b,0,FALSE,FALSE,"У Орбана підтвердили, що заборонили в'їзд """"Мадяру"""" за удари по нафтопроводу """"Дружба"""".",REVIEW,FALSE
187222,20250828,4,2533068,pravdaua,https://www.pravda.com.ua/news/2025/08/28/7528302/,REFINING_PETROCHEM_GAS,НПЗ,атак,703448,Kyiv,Kiev City,Shevchenkivs'kyi,30.52355,50.45044,DROP,DROP_LOCATION_NOT_RU,,,,a_ukr_init_b,0,a_ukr_b,1,a_rus_init_b,1,a_rus_b,1,FALSE,FALSE,У Білому домі обстріл Києва поставили в один ряд з атаками по російських НПЗ.,MACHINE_NONCANDIDATE,FALSE
373717,20250828,1,2533109,pravdaua,https://www.pravda.com.ua/news/2025/08/28/7528190/,PIPELINE_PUMPING,нафтопров,атак,9114074,Druzhba,Donets'k,Kostiantynivs'kyi,37.91028,48.41,REVIEW,REVIEW_NAME_ONLY_RU_SUPPORT,,,Druzhba,a_ukr_init_b,0,a_ukr_b,1,a_rus_init_b,0,a_rus_b,0,TRUE,FALSE,"МЗС Угорщини заборонило в’їзд командиру ЗСУ через атаку на нафтопровід """"Дружба"""".",REVIEW,FALSE
373720,20250828,1,2466935,unian,https://www.unian.ua/economics/energetics/naftoprovid-druzhba-slovachchina-ta-ugorshchina-znovu-otrimuyut-rosiysku-naftu-13112559.html,PIPELINE_PUMPING,нафтопров,атак,9114074,Druzhba,Donets'k,Kostiantynivs'kyi,37.91028,48.41,REVIEW,REVIEW_NAME_ONLY_RU_SUPPORT,,,Druzhba,a_ukr_init_b,0,a_ukr_b,1,a_rus_init_b,1,a_rus_b,1,FALSE,FALSE,"Поставки російської нафти нафтопроводом """"Дружба"""" відновилися після атаки",REVIEW,FALSE
50360,20250829,1,2470971,pravdaua,https://www.youtube.com/watch?v=Bwtr4x9eF_0,REFINING_PETROCHEM_GAS,НПЗ,Удар|ракет,692248,Stepnohirsk,Zaporizhzhya,Vasylivs'kyi,35.36408,47.58871,DROP,DROP_LOCATION_NOT_RU,,,,a_ukr_init_b,0,a_ukr_b,0,a_rus_init_b,0,a_rus_b,0,FALSE,FALSE,"Удари по російських НПЗ, Степногірськ і Серебрянське лісництво, ракети ERAM – головне про війну за тиждень.",MACHINE_NONCANDIDATE,FALSE
187268,20250829,2,2468905,pravdaua,https://www.pravda.com.ua/news/2025/08/28/7528302/,REFINING_PETROCHEM_GAS,НПЗ,атак,703448,Kyiv,Kiev City,Shevchenkivs'kyi,30.52355,50.45044,DROP,DROP_LOCATION_NOT_RU,,,,a_ukr_init_b,0,a_ukr_b,1,a_rus_init_b,1,a_rus_b,1,FALSE,FALSE,У Білому домі обстріл Києва поставили в один ряд з атаками по російських НПЗ.,MACHINE_NONCANDIDATE,FALSE
373724,20250829,1,2468935,pravdaua,https://www.pravda.com.ua/news/2025/08/28/7528212/,PIPELINE_PUMPING,нафтопров,удар,9114074,Druzhba,Donets'k,Kostiantynivs'kyi,37.91028,48.41,REVIEW,REVIEW_NAME_ONLY_RU_SUPPORT,,,Druzhba,a_ukr_init_b,0,a_ukr_b,1,a_rus_init_b,1,a_rus_b,1,FALSE,FALSE,"У Орбана підтвердили, що заборонили в'їзд """"Мадяру"""" за удари по нафтопроводу """"Дружба"""".",REVIEW,FALSE
373722,20250829,1,2468946,pravdaua,https://www.pravda.com.ua/news/2025/08/28/7528190/,PIPELINE_PUMPING,нафтопров,атак,9114074,Druzhba,Donets'k,Kostiantynivs'kyi,37.91028,48.41,REVIEW,REVIEW_NAME_ONLY_RU_SUPPORT,,,Druzhba,a_ukr_init_b,0,a_ukr_b,0,a_rus_init_b,1,a_rus_b,1,TRUE,FALSE,"МЗС Угорщини заборонило в’їзд командиру ЗСУ через атаку на нафтопровід """"Дружба"""".",REVIEW,FALSE
50361,20250830,1,2470000,pravdaua,https://www.youtube.com/watch?v=Bwtr4x9eF_0,REFINING_PETROCHEM_GAS,НПЗ,Удар|ракет,692248,Stepnohirsk,Zaporizhzhya,Vasylivs'kyi,35.36408,47.58871,DROP,DROP_LOCATION_NOT_RU,,,,a_ukr_init_b,0,a_ukr_b,0,a_rus_init_b,0,a_rus_b,0,FALSE,FALSE,"Удари по російських НПЗ, Степногірськ і Серебрянське лісництво, ракети ERAM – головне про війну за тиждень.",MACHINE_NONCANDIDATE,FALSE
50362,20250831,1,2533214,pravdaua,https://www.youtube.com/watch?v=Bwtr4x9eF_0,REFINING_PETROCHEM_GAS,НПЗ,Удар|ракет,692248,Stepnohirsk,Zaporizhzhya,Vasylivs'kyi,35.36408,47.58871,DROP,DROP_LOCATION_NOT_RU,,,,a_ukr_init_b,0,a_ukr_b,1,a_rus_init_b,1,a_rus_b,1,FALSE,FALSE,"Удари по російських НПЗ, Степногірськ і Серебрянське лісництво, ракети ERAM – головне про війну за тиждень.",MACHINE_NONCANDIDATE,FALSE
67966,20250901,3,2530828|2533247,liga|pravdaua,https://news.liga.net/politics/news/sily-spetsoperatsii-unichtozhili-radiolokatsionnuyu-stantsiyu-rossiyan-na-voennom-aerodrome-v-krymu|https://www.pravda.com.ua/news/2025/09/1/7528735/,STRATEGIC_AIRBASE,аеродром|аэродром,знищ|уничтож,693805,Simferopol,Crimea,Simferopol's'ka,34.09941,44.95363,REVIEW,REVIEW_DISPUTED_CRIMEA,,,,a_ukr_init_b,1,a_ukr_b,1,a_rus_init_b,0,a_rus_b,1,TRUE,FALSE,Силы спецопераций уничтожили радиолокационную станцию россиян на военном аэродроме в Крыму || ССО знищили радіолокаційну станцію ворога на військовому аеродромі в Криму.,REVIEW,FALSE
50363,20250901,1,2471075,pravdaua,https://www.youtube.com/watch?v=Bwtr4x9eF_0,REFINING_PETROCHEM_GAS,НПЗ,Удар|ракет,692248,Stepnohirsk,Zaporizhzhya,Vasylivs'kyi,35.36408,47.58871,DROP,DROP_LOCATION_NOT_RU,,,,a_ukr_init_b,0,a_ukr_b,0,a_rus_init_b,0,a_rus_b,0,FALSE,FALSE,"Удари по російських НПЗ, Степногірськ і Серебрянське лісництво, ракети ERAM – головне про війну за тиждень.",MACHINE_NONCANDIDATE,FALSE
373731,20250902,1,2471197,espreso,https://espreso.tv/svit-fitso-pid-chas-zustrichi-z-putinim-pozhalivsya-na-ataki-na-naftoprovid-druzhba-ta-porivnyav-chlenstvo-v-es-iz-zhaboyu-na-dni-kolodyazya,PIPELINE_PUMPING,нафтопров,атак,9114074,Druzhba,Donets'k,Kostiantynivs'kyi,37.91028,48.41,REVIEW,REVIEW_NAME_ONLY_RU_SUPPORT,,,Druzhba,a_ukr_init_b,0,a_ukr_b,1,a_rus_init_b,1,a_rus_b,1,FALSE,FALSE,"Фіцо під час зустрічі з Путіним пожалівся на атаки на нафтопровід """"Дружба"""" та порівняв членство в ЄС із """"жабою на дні колодязя""""",REVIEW,FALSE
67969,20250902,2,2472097,pravdaua,https://www.pravda.com.ua/news/2025/09/1/7528735/,STRATEGIC_AIRBASE,аеродром,знищ,693805,Simferopol,Crimea,Simferopol's'ka,34.09941,44.95363,REVIEW,REVIEW_DISPUTED_CRIMEA,,,,a_ukr_init_b,0,a_ukr_b,0,a_rus_init_b,0,a_rus_b,0,TRUE,FALSE,ССО знищили радіолокаційну станцію ворога на військовому аеродромі в Криму.,REVIEW,FALSE
276953,20250903,1,2473249,unian,https://www.unian.ua/war/viyna-v-ukrajini-hrapchinskiy-rozpoviv-yak-rosiya-planuye-zbilshiti-kilkist-atak-shahedami-13118703.html,STRATEGIC_AIRBASE,аеродром,атак,709717,Donetsk,Donets'k,Donets'ka,37.80285,48.01588,REVIEW,REVIEW_NAME_ONLY_RU_SUPPORT,,,Donetsk,a_ukr_init_b,0,a_ukr_b,1,a_rus_init_b,0,a_rus_b,0,FALSE,FALSE,"РФ розбудовує Донецький та Керченський аеродроми для збільшення """"шахедних"""" атак, - експерт",REVIEW,FALSE
38022,20250904,1,2521007,liveuamap,https://t.me/DIUkraine/6777,STRATEGIC_AIRBASE,аеродром,безпілот|удар,690764,Ukromnoye,Crimea,Simferopol's'kyi,33.98046,45.03416,REVIEW,REVIEW_DISPUTED_CRIMEA,,,,a_ukr_init_b,1,a_ukr_b,1,a_rus_init_b,0,a_rus_b,1,TRUE,FALSE,Українська військова розвідка підтвердила удари безпілотників по гелікоптерах на аеродромі в окупованому Криму,REVIEW,FALSE
158711,20250905,1,2474254,unian,https://www.unian.ua/war/lugansk-v-okupovanomu-misti-atakovano-vazhlivu-dlya-viysk-rf-naftobazu-13120497.html,FUEL_STORAGE_TERMINAL,нафтобаз,пожеж,702658,Luhansk,Luhans'k,Luhans'ka,39.30771,48.5739,DROP,DROP_LOCATION_NOT_RU,,,,a_ukr_init_b,0,a_ukr_b,0,a_rus_init_b,0,a_rus_b,0,FALSE,FALSE,В окупованому Луганську уражено важливу нафтобазу: у місті спалахнула пожежа (відео),MACHINE_NONCANDIDATE,FALSE
87291,20250907,1,2521197,liveuamap,https://t.me/GeneralStaffZSU/28647,AMMUNITION_ARSENAL|REFINING_PETROCHEM_GAS,нафтоперероб|складу боєприпас,удар,695743,Razdolinovka,Luhans'k,Luhans'ka,39.28378,48.52805,DROP,DROP_LOCATION_NOT_RU,,,,a_ukr_init_b,1,a_ukr_b,1,a_rus_init_b,0,a_rus_b,1,TRUE,FALSE,"Генеральний штаб Збройних сил України підтвердив нічні удари по Рязанському нафтопереробному заводу, позиціям С-400 у Калузькій області та складу боєприпасів в окупованому Луганську",REVIEW,FALSE
87292,20250908,1,2521316,liveuamap,https://t.me/GeneralStaffZSU/28647,AMMUNITION_ARSENAL|REFINING_PETROCHEM_GAS,нафтоперероб|складу боєприпас,удар,695743,Razdolinovka,Luhans'k,Luhans'ka,39.28378,48.52805,DROP,DROP_LOCATION_NOT_RU,,,,a_ukr_init_b,1,a_ukr_b,1,a_rus_init_b,0,a_rus_b,1,TRUE,FALSE,"Генеральний штаб Збройних сил України підтвердив нічні удари по Рязанському нафтопереробному заводу, позиціям С-400 у Калузькій області та складу боєприпасів в окупованому Луганську",REVIEW,FALSE
373735,20250909,1,2521400,liveuamap,https://t.me/operativnoZSU/191221,PIPELINE_PUMPING,нафтопров,Дрон|атак,9114074,Druzhba,Donets'k,Kostiantynivs'kyi,37.91028,48.41,REVIEW,REVIEW_NAME_ONLY_RU_SUPPORT,,,Druzhba,a_ukr_init_b,1,a_ukr_b,1,a_rus_init_b,0,a_rus_b,1,FALSE,FALSE,Дрони атакували нафтоперекачувальну станцію нафтопроводу Дружба в Найтоповичах Брянської області,REVIEW,FALSE
373736,20250910,1,2521538,liveuamap,https://t.me/operativnoZSU/191221,PIPELINE_PUMPING,нафтопров,Дрон|атак,9114074,Druzhba,Donets'k,Kostiantynivs'kyi,37.91028,48.41,REVIEW,REVIEW_NAME_ONLY_RU_SUPPORT,,,Druzhba,a_ukr_init_b,1,a_ukr_b,1,a_rus_init_b,0,a_rus_b,1,FALSE,FALSE,Дрони атакували нафтоперекачувальну станцію нафтопроводу Дружба в Найтоповичах Брянської області,REVIEW,FALSE
90778,20250912,1,2531042,liga,https://news.liga.net/politics/news/drony-sbu-porazili-klyuchevoi-eksportnyi-port-v-rossii-primorsk-istochniki,PORT_EXPORT_LOGISTICS,порт,Дрон,696292,Prymorsk,Zaporizhzhya,Prymors'kyi,36.36642,46.71265,REVIEW,REVIEW_NAME_ONLY_RU_SUPPORT,,,Prymorsk,a_ukr_init_b,1,a_ukr_b,1,a_rus_init_b,0,a_rus_b,1,TRUE,TRUE,"Дроны СБУ поразили ключевой экспортный порт в России """"Приморск"""" – источник",REVIEW,FALSE
193520,20250914,1,2531077,liga,https://news.liga.net/politics/chronicle/novaya-ugroza-iz-rossii-vse-glavnoe-ob-eskalatsii-voennoy-agressii-rf-protiv-ukrainy-live,REFINING_PETROCHEM_GAS,НПЗ,атак|дрон,703656,Kupiansk,Kharkiv,Kupians'ka,37.61478,49.7108,DROP,DROP_LOCATION_NOT_RU,,,,a_ukr_init_b,1,a_ukr_b,1,a_rus_init_b,0,a_rus_b,1,TRUE,TRUE,"В Ленинградской области дроны атаковали НПЗ, ситуация в Купянске под контролем ВСУ – LIVE",REVIEW,FALSE
124615,20250914,1,2521853,liveuamap,https://t.me/exilenova_plus/12332,AMMUNITION_ARSENAL,склад боєприпас,Дрон|атак,700195,Nykytivka,Luhans'k,Antratsytivs'kyi,38.90534,48.3358,DROP,DROP_LOCATION_NOT_RU,,,,a_ukr_init_b,1,a_ukr_b,1,a_rus_init_b,0,a_rus_b,1,FALSE,FALSE,Дрони атакували склад боєприпасів у Луганській області,REVIEW,FALSE
124616,20250915,1,2521971,liveuamap,https://t.me/exilenova_plus/12332,AMMUNITION_ARSENAL,склад боєприпас,Дрон|атак,700195,Nykytivka,Luhans'k,Antratsytivs'kyi,38.90534,48.3358,DROP,DROP_LOCATION_NOT_RU,,,,a_ukr_init_b,1,a_ukr_b,1,a_rus_init_b,0,a_rus_b,1,FALSE,FALSE,Дрони атакували склад боєприпасів у Луганській області,REVIEW,FALSE
325154,20250922,1,2492199,unian,https://www.unian.ua/war/viyna-v-ukrajini-na-okupovaniy-luganshchini-znishcheno-sklad-boyepripasiv-rosiyan-foto-13138914.html,AMMUNITION_ARSENAL,склад боєприпас,знищ,712734,Baydivka,Luhans'k,Starobil's'kyi,38.90252,49.15874,DROP,DROP_LOCATION_NOT_RU,,,,a_ukr_init_b,0,a_ukr_b,0,a_rus_init_b,0,a_rus_b,0,FALSE,FALSE,"На окупованій Луганщині знищено склад боєприпасів РФ, - супутникові знімки",MACHINE_NONCANDIDATE,FALSE
224038,20250923,1,2493140,espreso,https://zahid.espreso.tv/khmelnychchyna-u-khmelnitskomu-zatrimali-agenta-fsb-yakiy-koriguvav-ataki-rf-po-aerodromakh-ta-energoobektakh-na-zakhodi-ukraini,STRATEGIC_AIRBASE,аеродром,атак,706369,Khmelnytskyy,Khmel'nyts'kyy,Khmel'nyts'ka,26.98717,49.42301,DROP,DROP_LOCATION_NOT_RU,,,,a_ukr_init_b,0,a_ukr_b,1,a_rus_init_b,0,a_rus_b,1,TRUE,FALSE,"У Хмельницькому затримали агента ФСБ, який коригував атаки РФ по аеродромах та енергооб’єктах на заході України",MACHINE_NONCANDIDATE,FALSE
257053,20250924,1,2522607,liveuamap,https://t.me/Crimeanwind/86628,STRATEGIC_AIRBASE,аеродром,Дрон|атак,707281,Kacha,Sevastopol',Nakhimovs'kyi,33.55895,44.78304,REVIEW,REVIEW_DISPUTED_CRIMEA,,,,a_ukr_init_b,1,a_ukr_b,1,a_rus_init_b,0,a_rus_b,1,FALSE,FALSE,Дрони атакують аеродром Кача,REVIEW,FALSE
353655,20250924,1,2522654,liveuamap,https://t.me/GeneralStaffZSU/29306,AMMUNITION_ARSENAL,склад боєприпас,знищ,811136,Bohdanivka,Luhans'k,Slovianoserbs'kyi,38.7317,48.6003,DROP,DROP_LOCATION_NOT_RU,,,,a_ukr_init_b,1,a_ukr_b,1,a_rus_init_b,0,a_rus_b,1,TRUE,FALSE,Генеральний штаб Збройних Сил України: 18 вересня українські війська знищили склад боєприпасів у Богданівці Луганської області,REVIEW,FALSE
158715,20250924,1,2522655,liveuamap,https://t.me/GeneralStaffZSU/29306,AMMUNITION_ARSENAL,склад боєприпас,знищ,702658,Luhansk,Luhans'k,Luhans'ka,39.30771,48.5739,DROP,DROP_LOCATION_NOT_RU,,,,a_ukr_init_b,1,a_ukr_b,1,a_rus_init_b,0,a_rus_b,1,TRUE,FALSE,Генеральний штаб Збройних Сил України: 18 вересня українські війська знищили склад боєприпасів у Богданівці Луганської області,REVIEW,FALSE
257054,20250925,1,2522741,liveuamap,https://t.me/Crimeanwind/86628,STRATEGIC_AIRBASE,аеродром,Дрон|атак,707281,Kacha,Sevastopol',Nakhimovs'kyi,33.55895,44.78304,REVIEW,REVIEW_DISPUTED_CRIMEA,,,,a_ukr_init_b,1,a_ukr_b,1,a_rus_init_b,0,a_rus_b,1,FALSE,FALSE,Дрони атакують аеродром Кача,REVIEW,FALSE
353656,20250925,1,2522788,liveuamap,https://t.me/GeneralStaffZSU/29306,AMMUNITION_ARSENAL,склад боєприпас,знищ,811136,Bohdanivka,Luhans'k,Slovianoserbs'kyi,38.7317,48.6003,DROP,DROP_LOCATION_NOT_RU,,,,a_ukr_init_b,1,a_ukr_b,1,a_rus_init_b,0,a_rus_b,1,TRUE,FALSE,Генеральний штаб Збройних Сил України: 18 вересня українські війська знищили склад боєприпасів у Богданівці Луганської області,REVIEW,FALSE
158716,20250925,1,2522789,liveuamap,https://t.me/GeneralStaffZSU/29306,AMMUNITION_ARSENAL,склад боєприпас,знищ,702658,Luhansk,Luhans'k,Luhans'ka,39.30771,48.5739,DROP,DROP_LOCATION_NOT_RU,,,,a_ukr_init_b,1,a_ukr_b,1,a_rus_init_b,0,a_rus_b,1,TRUE,FALSE,Генеральний штаб Збройних Сил України: 18 вересня українські війська знищили склад боєприпасів у Богданівці Луганської області,REVIEW,FALSE
265182,20250926,1,2522802,liveuamap,https://t.me/landforcesofukraine/26190,MILITARY_REPAIR_SHIPYARD,Сухопутні війська України: є втрати серед військовослужбовців внаслідок,ракет,708502,Goncharov Krug,Chernihiv,Chernihivs'kyi,30.92686,51.29776,DROP,DROP_LOCATION_NOT_RU,,,,a_ukr_init_b,0,a_ukr_b,1,a_rus_init_b,1,a_rus_b,1,TRUE,FALSE,Сухопутні війська України: є втрати серед військовослужбовців внаслідок прямого влучання 2 ракет Іскандер-М по укриттю в одній з навчальних частин Збройних сил України,MACHINE_NONCANDIDATE,FALSE
265183,20250927,1,2522934,liveuamap,https://t.me/landforcesofukraine/26190,MILITARY_REPAIR_SHIPYARD,Сухопутні війська України: є втрати серед військовослужбовців внаслідок,ракет,708502,Goncharov Krug,Chernihiv,Chernihivs'kyi,30.92686,51.29776,DROP,DROP_LOCATION_NOT_RU,,,,a_ukr_init_b,0,a_ukr_b,1,a_rus_init_b,1,a_rus_b,1,TRUE,FALSE,Сухопутні війська України: є втрати серед військовослужбовців внаслідок прямого влучання 2 ракет Іскандер-М по укриттю в одній з навчальних частин Збройних сил України,MACHINE_NONCANDIDATE,FALSE
68064,20250928,1,2497584,unian,https://www.unian.ua/war/viyna-v-ukrajini-ekspert-rozpoviv-pro-naslidki-udariv-po-aerodromu-kacha-13145154.html,STRATEGIC_AIRBASE,аеродром,Удар,693805,Simferopol,Crimea,Simferopol's'ka,34.09941,44.95363,REVIEW,REVIEW_DISPUTED_CRIMEA,,,,a_ukr_init_b,0,a_ukr_b,1,a_rus_init_b,0,a_rus_b,0,FALSE,FALSE,"Удари по аеродрому """"Кача"""" в Криму змінили ситуацію на морі, - аналітик",REVIEW,FALSE
68063,20250928,1,2497587,unian,https://www.unian.ua/war/kacha-suputnikovi-znimki-pidtverdili-znishchennya-rosiyskih-litakiv-na-aerodromah-u-krimu-13145250.html,STRATEGIC_AIRBASE,аеродром,знищ,693805,Simferopol,Crimea,Simferopol's'ka,34.09941,44.95363,REVIEW,REVIEW_DISPUTED_CRIMEA,,,,a_ukr_init_b,0,a_ukr_b,0,a_rus_init_b,0,a_rus_b,0,FALSE,FALSE,Супутникові знімки підтвердили знищення російських літаків на аеродромах у Криму,REVIEW,FALSE
399647,20250929,1,2531438,liga,https://news.liga.net/politics/news/v-feodosii-pozhar-na-neftebaze-rossiyane-zayavili-o-neudachnyh-svarochnyh-rabotah,FUEL_STORAGE_TERMINAL,нефтебаз,пожар,,,,,35.38391,45.02665,REVIEW,REVIEW_DISPUTED_CRIMEA,,,,a_ukr_init_b,0,a_ukr_b,1,a_rus_init_b,1,a_rus_b,1,FALSE,FALSE,"В Феодосии пожар на нефтебазе. Россияне заявили о """"неудачных сварочных работах""""",REVIEW,FALSE
391676,20250930,1,2523118,liveuamap,https://t.me/belgorod_informant/11362,ENERGY_GRID_SUPPORT,підстанц,ракет|удар,11564392,Luch,Mykolayiv,Zhovtnevyi,32.22201,46.82795,REVIEW,REVIEW_NAME_ONLY_RU_SUPPORT,,,Luch,a_ukr_init_b,0,a_ukr_b,1,a_rus_init_b,1,a_rus_b,1,FALSE,FALSE,"Повідомляється, що підстанція Луч була уражена ракетним ударом у Бєлгороді",REVIEW,FALSE
399650,20250930,1,2523119,liveuamap,https://t.me/belgorod_informant/11362,ENERGY_GRID_SUPPORT,підстанц,ракет|удар,,,,,36.58734,50.59556,STRICT,COORDINATE_RU_STRICT,0.986,578072,Belgorod,a_ukr_init_b,0,a_ukr_b,1,a_rus_init_b,1,a_rus_b,1,FALSE,FALSE,"Повідомляється, що підстанція Луч була уражена ракетним ударом у Бєлгороді",REVIEW,FALSE
311083,20251001,1,2523206,liveuamap,https://t.me/exilenova_plus/12704,FUEL_STORAGE_TERMINAL,нафтобаз,Пожеж,712048,Blizhnye Kamyshi,Crimea,Feodosiis'ka,35.39246,45.06582,REVIEW,REVIEW_DISPUTED_CRIMEA,,,,a_ukr_init_b,0,a_ukr_b,0,a_rus_init_b,0,a_rus_b,0,FALSE,FALSE,Пожежа на нафтобазі у Феодосії,REVIEW,FALSE
391677,20251001,1,2523234,liveuamap,https://t.me/belgorod_informant/11362,ENERGY_GRID_SUPPORT,підстанц,ракет|удар,11564392,Luch,Mykolayiv,Zhovtnevyi,32.22201,46.82795,REVIEW,REVIEW_NAME_ONLY_RU_SUPPORT,,,Luch,a_ukr_init_b,0,a_ukr_b,1,a_rus_init_b,1,a_rus_b,1,FALSE,FALSE,"Повідомляється, що підстанція Луч була уражена ракетним ударом у Бєлгороді",REVIEW,FALSE
399653,20251001,1,2523235,liveuamap,https://t.me/belgorod_informant/11362,ENERGY_GRID_SUPPORT,підстанц,ракет|удар,,,,,36.58734,50.59556,STRICT,COORDINATE_RU_STRICT,0.986,578072,Belgorod,a_ukr_init_b,0,a_ukr_b,1,a_rus_init_b,1,a_rus_b,1,FALSE,FALSE,"Повідомляється, що підстанція Луч була уражена ракетним ударом у Бєлгороді",REVIEW,FALSE
311084,20251002,1,2523342,liveuamap,https://t.me/exilenova_plus/12704,FUEL_STORAGE_TERMINAL,нафтобаз,Пожеж,712048,Blizhnye Kamyshi,Crimea,Feodosiis'ka,35.39246,45.06582,REVIEW,REVIEW_DISPUTED_CRIMEA,,,,a_ukr_init_b,0,a_ukr_b,0,a_rus_init_b,0,a_rus_b,0,FALSE,FALSE,Пожежа на нафтобазі у Феодосії,REVIEW,FALSE
396696,20251002,1,2498565,espreso,https://espreso.tv/viyna-z-rosiyeyu-ekspert-gonchar-poyasniv-shcho-stoit-za-rosiyskimi-udarami-po-pidstantsii-v-slavutichi-yaka-zhivit-chaes,ENERGY_GRID_SUPPORT,підстанц,удар,11902779,Vilnius Quarter,Chernihiv,Ripkyns'kyi,30.75488,51.52166,DROP,DROP_LOCATION_NOT_RU,,,,a_ukr_init_b,0,a_ukr_b,1,a_rus_init_b,0,a_rus_b,0,FALSE,FALSE,"Експерт Гончар пояснив, що стоїть за російськими ударами по підстанції в Славутичі, яка живить ЧАЕС",MACHINE_NONCANDIDATE,FALSE
68076,20251002,1,2498863,unian,https://www.unian.ua/war/pletenchuk-povidomiv-chi-poznachilisya-ataki-po-rosiyskih-npz-na-armiji-rf-u-krimu-13149318.html,REFINING_PETROCHEM_GAS,НПЗ,атак,693805,Simferopol,Crimea,Simferopol's'ka,34.09941,44.95363,REVIEW,REVIEW_DISPUTED_CRIMEA,,,,a_ukr_init_b,0,a_ukr_b,0,a_rus_init_b,0,a_rus_b,0,FALSE,FALSE,"Плетенчук повідомив, чи позначилися атаки по російських НПЗ на армії РФ у Криму",REVIEW,FALSE
271096,20251003,1,2523380,liveuamap,https://t.me/exilenova_plus/12761,AMMUNITION_ARSENAL,складу боєприпас,безпілот|вибух|удар,709717,Donetsk,Donets'k,Donets'ka,37.78748,48.00343,REVIEW,REVIEW_NAME_ONLY_RU_SUPPORT,,,Donetsk,a_ukr_init_b,1,a_ukr_b,1,a_rus_init_b,0,a_rus_b,1,FALSE,FALSE,У Донецьку повідомляється про вибухи внаслідок удару безпілотника по складу боєприпасів,REVIEW,FALSE
396543,20251003,1,2523381,liveuamap,https://t.me/suspilnechernihiv/43125,ENERGY_GRID_SUPPORT,підстанц,атак,11902776,Byelgorod Quarter,Chernihiv,Chernihivs'kyi,30.75399,51.51321,DROP,DROP_LOCATION_NOT_RU,,,,a_ukr_init_b,0,a_ukr_b,1,a_rus_init_b,1,a_rus_b,1,FALSE,FALSE,Відключення електроенергії у Славутичі після атаки на підстанцію,MACHINE_NONCANDIDATE,FALSE
358786,20251004,1,2523473,liveuamap,https://t.me/kyiv_times_official/78188,ENERGY_GRID_SUPPORT,підстанц,атак|безпілот,6930327,Slavutych,Chernihiv,Ripkyns'kyi,30.70777,51.52364,DROP,DROP_LOCATION_NOT_RU,,,,a_ukr_init_b,1,a_ukr_b,1,a_rus_init_b,0,a_rus_b,1,FALSE,FALSE,"Російські ЗМІ показують відео атаки безпілотників Shahed на підстанцію, що постачає електроенергію Чорнобильській електростанції",REVIEW,FALSE
271097,20251004,1,2523511,liveuamap,https://t.me/exilenova_plus/12761,AMMUNITION_ARSENAL,складу боєприпас,безпілот|вибух|удар,709717,Donetsk,Donets'k,Donets'ka,37.78748,48.00343,REVIEW,REVIEW_NAME_ONLY_RU_SUPPORT,,,Donetsk,a_ukr_init_b,1,a_ukr_b,1,a_rus_init_b,0,a_rus_b,1,FALSE,FALSE,У Донецьку повідомляється про вибухи внаслідок удару безпілотника по складу боєприпасів,REVIEW,FALSE
396544,20251004,1,2523512,liveuamap,https://t.me/suspilnechernihiv/43125,ENERGY_GRID_SUPPORT,підстанц,атак,11902776,Byelgorod Quarter,Chernihiv,Chernihivs'kyi,30.75399,51.51321,DROP,DROP_LOCATION_NOT_RU,,,,a_ukr_init_b,0,a_ukr_b,1,a_rus_init_b,1,a_rus_b,1,FALSE,FALSE,Відключення електроенергії у Славутичі після атаки на підстанцію,MACHINE_NONCANDIDATE,FALSE
396698,20251004,1,2499223,espreso,https://espreso.tv/ekonomika-pislya-trokh-dib-blekautu-viklikanogo-udarom-rf-po-pidstantsii-do-slavuticha-povernuli-elektroenergiyu,ENERGY_GRID_SUPPORT,підстанц,удар,11902779,Vilnius Quarter,Chernihiv,Ripkyns'kyi,30.75488,51.52166,DROP,DROP_LOCATION_NOT_RU,,,,a_ukr_init_b,0,a_ukr_b,1,a_rus_init_b,0,a_rus_b,1,FALSE,FALSE,"Після трьох діб блекауту, викликаного ударом РФ по підстанції, до Славутича повернули електроенергію",MACHINE_NONCANDIDATE,FALSE
358787,20251005,1,2523609,liveuamap,https://t.me/kyiv_times_official/78188,ENERGY_GRID_SUPPORT,підстанц,атак|безпілот,6930327,Slavutych,Chernihiv,Ripkyns'kyi,30.70777,51.52364,DROP,DROP_LOCATION_NOT_RU,,,,a_ukr_init_b,1,a_ukr_b,1,a_rus_init_b,0,a_rus_b,1,FALSE,FALSE,"Російські ЗМІ показують відео атаки безпілотників Shahed на підстанцію, що постачає електроенергію Чорнобильській електростанції",REVIEW,FALSE
399654,20251005,1,2499830,unian,https://www.unian.ua/war/u-byelgorodi-povtorniy-blekaut-pislya-vibuhiv-na-tec-13153116.html,ENERGY_GRID_SUPPORT,підстанц,вибух,,,,,36.58734,50.59556,STRICT,COORDINATE_RU_STRICT,0.986,578072,Belgorod,a_ukr_init_b,0,a_ukr_b,0,a_rus_init_b,0,a_rus_b,0,FALSE,FALSE,У Бєлгороді повторний блекаут після вибухів на підстанції,REVIEW,FALSE
68090,20251006,1,2531625,liga,https://news.liga.net/politics/news/vsu-porazili-zavod-po-proizvodstvu-vzryvchatki-v-dzerzhinske-i-neftyanoi-terminal-v-krymu,FUEL_STORAGE_TERMINAL,нефтяной терминал,взрыв,693805,Simferopol,Crimea,Simferopol's'ka,34.09941,44.95363,REVIEW,REVIEW_DISPUTED_CRIMEA,,,,a_ukr_init_b,1,a_ukr_b,1,a_rus_init_b,0,a_rus_b,1,TRUE,FALSE,Украина поразила завод по производству взрывчатки в Дзержинске и нефтяной терминал в Крыму,REVIEW,FALSE
68089,20251006,1,2499832,unian,https://www.unian.ua/war/feodosiya-u-krimu-gorit-naftobaza-pislya-ataki-droniv-13153146.html,FUEL_STORAGE_TERMINAL,нафтобаз,атак|дрон|пожеж,693805,Simferopol,Crimea,Simferopol's'ka,34.09941,44.95363,REVIEW,REVIEW_DISPUTED_CRIMEA,,,,a_ukr_init_b,0,a_ukr_b,1,a_rus_init_b,0,a_rus_b,1,FALSE,FALSE,У Криму після атаки дронів спалахнула пожежа на найбільшій нафтобазі (відео),REVIEW,FALSE
399657,20251006,2,2499847|2499849,espreso,https://espreso.tv/viyna-z-rosiyeyu-v-okupovaniy-feodosii-palae-naftobaza-u-sevastopoli-evpatorii-ta-novofedorivtsi-lunali-vibukhi,FUEL_STORAGE_TERMINAL,нафтобаз,вибух,,,,,35.38391,45.02665,REVIEW,REVIEW_DISPUTED_CRIMEA,,,,a_ukr_init_b,0,a_ukr_b,0,a_rus_init_b,0,a_rus_b,1,FALSE,FALSE,"В окупованій Феодосії палає нафтобаза, у Севастополі, Євпаторії та Новофедорівці вибухи, на АЗС відсутній бензин || В окупованій Феодосії палає нафтобаза, у Севастополі, Євпаторії та Новофедорівці вибухи, на АЗС відсутній бензин",REVIEW,FALSE
72587,20251006,1,2499848,espreso,https://espreso.tv/viyna-z-rosiyeyu-v-okupovaniy-feodosii-palae-naftobaza-u-sevastopoli-evpatorii-ta-novofedorivtsi-lunali-vibukhi,FUEL_STORAGE_TERMINAL,нафтобаз,вибух,694423,Sevastopol,Sevastopol',Lenins'kyi,33.52291,44.60105,REVIEW,REVIEW_DISPUTED_CRIMEA,,,,a_ukr_init_b,0,a_ukr_b,0,a_rus_init_b,0,a_rus_b,1,FALSE,FALSE,"В окупованій Феодосії палає нафтобаза, у Севастополі, Євпаторії та Новофедорівці вибухи, на АЗС відсутній бензин",REVIEW,FALSE
119288,20251006,1,2499850,espreso,https://espreso.tv/viyna-z-rosiyeyu-v-okupovaniy-feodosii-palae-naftobaza-u-sevastopoli-evpatorii-ta-novofedorivtsi-lunali-vibukhi,FUEL_STORAGE_TERMINAL,нафтобаз,вибух,699663,Nofofedorivka,Donets'k,Dobropil's'kyi,36.97217,48.43254,DROP,DROP_LOCATION_NOT_RU,,,,a_ukr_init_b,0,a_ukr_b,0,a_rus_init_b,0,a_rus_b,1,FALSE,FALSE,"В окупованій Феодосії палає нафтобаза, у Севастополі, Євпаторії та Новофедорівці вибухи, на АЗС відсутній бензин",MACHINE_NONCANDIDATE,FALSE
251562,20251006,1,2499855,espreso,https://espreso.tv/ekonomika-vorog-znishchiv-dvi-transformatorni-pidstantsii-terekhov-poperediv-shcho-priydeshnya-zima-bude-nayvazhchoyu-dlya-kharkova-za-roki-viyni,ENERGY_GRID_SUPPORT,підстанц,знищ,706483,Kharkiv,Kharkiv,Kharkivs'ka,36.2312,49.99217,DROP,DROP_LOCATION_NOT_RU,,,,a_ukr_init_b,0,a_ukr_b,1,a_rus_init_b,1,a_rus_b,1,FALSE,FALSE,"""""Ворог знищив дві трансформаторні підстанції"""": Терехов попередив, що прийдешня зима буде найважчою для Харкова за роки війни",MACHINE_NONCANDIDATE,FALSE
399655,20251006,2,2499508|2499510,espreso,https://espreso.tv/viyna-z-rosiyeyu-v-okupovaniy-feodosii-palae-naftobaza-u-sevastopoli-evpatorii-ta-novofedorivtsi-lunali-vibukhi,FUEL_STORAGE_TERMINAL,нафтобаз,вибух,,,,,35.38391,45.02665,REVIEW,REVIEW_DISPUTED_CRIMEA,,,,a_ukr_init_b,0,a_ukr_b,0,a_rus_init_b,0,a_rus_b,0,FALSE,FALSE,"В окупованій Феодосії палає нафтобаза, у Севастополі, Євпаторії та Новофедорівці лунали вибухи || В окупованій Феодосії палає нафтобаза, у Севастополі, Євпаторії та Новофедорівці лунали вибухи",REVIEW,FALSE
72586,20251006,1,2499509,espreso,https://espreso.tv/viyna-z-rosiyeyu-v-okupovaniy-feodosii-palae-naftobaza-u-sevastopoli-evpatorii-ta-novofedorivtsi-lunali-vibukhi,FUEL_STORAGE_TERMINAL,нафтобаз,вибух,694423,Sevastopol,Sevastopol',Lenins'kyi,33.52291,44.60105,REVIEW,REVIEW_DISPUTED_CRIMEA,,,,a_ukr_init_b,0,a_ukr_b,0,a_rus_init_b,0,a_rus_b,0,FALSE,FALSE,"В окупованій Феодосії палає нафтобаза, у Севастополі, Євпаторії та Новофедорівці лунали вибухи",REVIEW,FALSE
119287,20251006,1,2499511,espreso,https://espreso.tv/viyna-z-rosiyeyu-v-okupovaniy-feodosii-palae-naftobaza-u-sevastopoli-evpatorii-ta-novofedorivtsi-lunali-vibukhi,FUEL_STORAGE_TERMINAL,нафтобаз,вибух,699663,Nofofedorivka,Donets'k,Dobropil's'kyi,36.97217,48.43254,DROP,DROP_LOCATION_NOT_RU,,,,a_ukr_init_b,0,a_ukr_b,0,a_rus_init_b,0,a_rus_b,0,FALSE,FALSE,"В окупованій Феодосії палає нафтобаза, у Севастополі, Євпаторії та Новофедорівці лунали вибухи",MACHINE_NONCANDIDATE,FALSE
399660,20251007,1,2500627,unian,https://www.unian.ua/war/udar-po-naftobazi-u-feodosiji-z-yavilisya-foto-naslidkiv-13154937.html,FUEL_STORAGE_TERMINAL,нафтобаз,удар,,,,,35.38391,45.02665,REVIEW,REVIEW_DISPUTED_CRIMEA,,,,a_ukr_init_b,0,a_ukr_b,1,a_rus_init_b,0,a_rus_b,1,TRUE,FALSE,Дим на 12 кілометрів: з'явилися фото нафтобази у Феодосії після удару ЗСУ,REVIEW,FALSE
90406,20251008,1,2531674,liga,https://news.liga.net/society/news/v-prilukah-pozhar-iz-za-ataki-rf-po-neftebaze-gorozhan-prosyat-ne-vyhodit-na-ulitsu-video,FUEL_STORAGE_TERMINAL,нефтебаз,атак|пожар,696108,Pryluky,Chernihiv,Pryluts'ka,32.3856,50.58256,DROP,DROP_LOCATION_NOT_RU,,,,a_ukr_init_b,0,a_ukr_b,1,a_rus_init_b,1,a_rus_b,1,FALSE,FALSE,В Прилуках пожар из-за атаки РФ по нефтебазе. Горожан просят не выходить на улицу – видео,MACHINE_NONCANDIDATE,FALSE
311085,20251008,2,2523861,liveuamap,https://t.me/GeneralStaffZSU/29899,AMMUNITION_ARSENAL|FUEL_STORAGE_TERMINAL,нафтовому термінал|складу боєприпас,удар,712048,Blizhnye Kamyshi,Crimea,Feodosiis'ka,35.39314,45.06599,REVIEW,REVIEW_DISPUTED_CRIMEA,,,,a_ukr_init_b,1,a_ukr_b,1,a_rus_init_b,0,a_rus_b,1,TRUE,FALSE,"Генеральний штаб Збройних сил України: вночі українські Збройні сили завдали ударів по військовому заводу імені Свердлова в Дзержинську Нижегородської області Росії, нафтовому терміналу в Феодосії, окупований Крим, а також по складу боєприпасів 18-ї армії в окупованому Криму",REVIEW,FALSE
68095,20251008,1,2523862,liveuamap,https://t.me/GeneralStaffZSU/29899,AMMUNITION_ARSENAL|FUEL_STORAGE_TERMINAL,нафтовому термінал|складу боєприпас,удар,693805,Simferopol,Crimea,Simferopol's'ka,34.09941,44.95363,REVIEW,REVIEW_DISPUTED_CRIMEA,,,,a_ukr_init_b,1,a_ukr_b,1,a_rus_init_b,0,a_rus_b,1,TRUE,FALSE,"Генеральний штаб Збройних сил України: вночі українські Збройні сили завдали ударів по військовому заводу імені Свердлова в Дзержинську Нижегородської області Росії, нафтовому терміналу в Феодосії, окупований Крим, а також по складу боєприпасів 18-ї армії в окупованому Криму",REVIEW,FALSE
389177,20251008,1,2523865,liveuamap,https://t.me/Operatyvnyi_Donbas/123885,ENERGY_GRID_SUPPORT,підстанц,атак|безпілот,11090999,Novoiverske,Donets'k,Oleksandrivs'kyi,36.97603,48.59891,DROP,DROP_LOCATION_NOT_RU,,,,a_ukr_init_b,0,a_ukr_b,1,a_rus_init_b,1,a_rus_b,1,FALSE,FALSE,Російські безпілотники атакували підстанцію поблизу села Новоіверське Донецької області,MACHINE_NONCANDIDATE,FALSE
118740,20251008,1,2523893,liveuamap,https://t.me/donbas_pokrovsk_selidovo/87446,ENERGY_GRID_SUPPORT,підстанц,удар,699617,Novodonetske,Donets'k,Oleksandrivs'kyi,36.99105,48.64425,DROP,DROP_LOCATION_NOT_RU,,,,a_ukr_init_b,0,a_ukr_b,0,a_rus_init_b,1,a_rus_b,1,FALSE,FALSE,Зникнення електроенергії в Новодонецькому Донецької області після авіаудару по підстанції,MACHINE_NONCANDIDATE,FALSE
82718,20251008,1,2523894,liveuamap,https://t.me/donbas_pokrovsk_selidovo/87446,ENERGY_GRID_SUPPORT,підстанц,удар,695094,Ruttschenkowo,Donets'k,Donets'ka,37.67529,47.95508,DROP,DROP_LOCATION_NOT_RU,,,,a_ukr_init_b,0,a_ukr_b,0,a_rus_init_b,1,a_rus_b,1,FALSE,FALSE,Зникнення електроенергії в Новодонецькому Донецької області після авіаудару по підстанції,MACHINE_NONCANDIDATE,FALSE
311086,20251008,1,2523899,liveuamap,https://t.me/exilenova_plus/12882,FUEL_STORAGE_TERMINAL,нафтобаз,Пожеж|атак|дрон,712048,Blizhnye Kamyshi,Crimea,Feodosiis'ka,35.39151,45.06855,REVIEW,REVIEW_DISPUTED_CRIMEA,,,,a_ukr_init_b,1,a_ukr_b,1,a_rus_init_b,0,a_rus_b,1,FALSE,FALSE,Пожежа на нафтобазі у Феодосії після ймовірної атаки дрона,REVIEW,FALSE
399662,20251008,1,2500654,espreso,https://espreso.tv/viyna-z-rosiyeyu-pozhezha-na-naftobazi-v-feodosii-pislya-vluchannya-bpla-virue-tretiy-den-okupatsiyna-vlada-movchit-lyudi-viizhdzhayut,FUEL_STORAGE_TERMINAL,нафтобаз,Пожеж,,,,,35.38391,45.02665,REVIEW,REVIEW_DISPUTED_CRIMEA,,,,a_ukr_init_b,1,a_ukr_b,1,a_rus_init_b,0,a_rus_b,1,FALSE,FALSE,"Пожежа на нафтобазі в Феодосії після влучання БПЛА вирує третій день, окупаційна влада мовчить, люди виїжджають",REVIEW,FALSE
399661,20251008,1,2500930,unian,https://www.unian.ua/war/feodosiya-naftobaza-palaye-tretyu-dobu-lyudi-vijizhdzhayut-z-mista-13155900.html,FUEL_STORAGE_TERMINAL,нафтобаз,атак,,,,,35.38391,45.02665,REVIEW,REVIEW_DISPUTED_CRIMEA,,,,a_ukr_init_b,0,a_ukr_b,0,a_rus_init_b,0,a_rus_b,0,TRUE,FALSE,"Третю добу палає нафтобаза у Феодосії після атаки ЗСУ, з міста почали виїжджати люди, - ЗМІ",REVIEW,FALSE
112678,20251009,1,2531700,liga,https://news.liga.net/region_news/news/v-odesskoi-oblasti-gorel-port-i-chastnye-doma-iz-za-ataki-rossiyan-foto,PORT_EXPORT_LOGISTICS,порт,поврежд,698740,Odessa,Odessa,Odes'ka,30.73169,46.48421,DROP,DROP_LOCATION_NOT_RU,,,,a_ukr_init_b,1,a_ukr_b,1,a_rus_init_b,0,a_rus_b,1,FALSE,FALSE,"дополнено В Одесской области горел порт, в Черноморске блэкаут – поврежден энергообъект – фото",REVIEW,FALSE
311087,20251009,2,2524041,liveuamap,https://t.me/GeneralStaffZSU/29899,AMMUNITION_ARSENAL|FUEL_STORAGE_TERMINAL,нафтовому термінал|складу боєприпас,удар,712048,Blizhnye Kamyshi,Crimea,Feodosiis'ka,35.39314,45.06599,REVIEW,REVIEW_DISPUTED_CRIMEA,,,,a_ukr_init_b,1,a_ukr_b,1,a_rus_init_b,0,a_rus_b,1,TRUE,FALSE,"Генеральний штаб Збройних сил України: вночі українські Збройні сили завдали ударів по військовому заводу імені Свердлова в Дзержинську Нижегородської області Росії, нафтовому терміналу в Феодосії, окупований Крим, а також по складу боєприпасів 18-ї армії в окупованому Криму",REVIEW,FALSE
68097,20251009,1,2524042,liveuamap,https://t.me/GeneralStaffZSU/29899,AMMUNITION_ARSENAL|FUEL_STORAGE_TERMINAL,нафтовому термінал|складу боєприпас,удар,693805,Simferopol,Crimea,Simferopol's'ka,34.09941,44.95363,REVIEW,REVIEW_DISPUTED_CRIMEA,,,,a_ukr_init_b,1,a_ukr_b,1,a_rus_init_b,0,a_rus_b,1,TRUE,FALSE,"Генеральний штаб Збройних сил України: вночі українські Збройні сили завдали ударів по військовому заводу імені Свердлова в Дзержинську Нижегородської області Росії, нафтовому терміналу в Феодосії, окупований Крим, а також по складу боєприпасів 18-ї армії в окупованому Криму",REVIEW,FALSE
389178,20251009,1,2524045,liveuamap,https://t.me/Operatyvnyi_Donbas/123885,ENERGY_GRID_SUPPORT,підстанц,атак|безпілот,11090999,Novoiverske,Donets'k,Oleksandrivs'kyi,36.97603,48.59891,DROP,DROP_LOCATION_NOT_RU,,,,a_ukr_init_b,0,a_ukr_b,1,a_rus_init_b,1,a_rus_b,1,FALSE,FALSE,Російські безпілотники атакували підстанцію поблизу села Новоіверське Донецької області,MACHINE_NONCANDIDATE,FALSE
118741,20251009,1,2524072,liveuamap,https://t.me/donbas_pokrovsk_selidovo/87446,ENERGY_GRID_SUPPORT,підстанц,удар,699617,Novodonetske,Donets'k,Oleksandrivs'kyi,36.99105,48.64425,DROP,DROP_LOCATION_NOT_RU,,,,a_ukr_init_b,0,a_ukr_b,0,a_rus_init_b,1,a_rus_b,1,FALSE,FALSE,Зникнення електроенергії в Новодонецькому Донецької області після авіаудару по підстанції,MACHINE_NONCANDIDATE,FALSE
82719,20251009,1,2524073,liveuamap,https://t.me/donbas_pokrovsk_selidovo/87446,ENERGY_GRID_SUPPORT,підстанц,удар,695094,Ruttschenkowo,Donets'k,Donets'ka,37.67529,47.95508,DROP,DROP_LOCATION_NOT_RU,,,,a_ukr_init_b,0,a_ukr_b,0,a_rus_init_b,1,a_rus_b,1,FALSE,FALSE,Зникнення електроенергії в Новодонецькому Донецької області після авіаудару по підстанції,MACHINE_NONCANDIDATE,FALSE
311088,20251009,1,2524078,liveuamap,https://t.me/exilenova_plus/12882,FUEL_STORAGE_TERMINAL,нафтобаз,Пожеж|атак|дрон,712048,Blizhnye Kamyshi,Crimea,Feodosiis'ka,35.39151,45.06855,REVIEW,REVIEW_DISPUTED_CRIMEA,,,,a_ukr_init_b,1,a_ukr_b,1,a_rus_init_b,0,a_rus_b,1,FALSE,FALSE,Пожежа на нафтобазі у Феодосії після ймовірної атаки дрона,REVIEW,FALSE
90342,20251010,1,2524129,liveuamap,https://t.me/operativnoZSU/193757,FUEL_STORAGE_TERMINAL,нафтобаз,Дрон|атак|пожеж,696108,Pryluky,Chernihiv,Pryluts'ka,32.39881,50.56754,DROP,DROP_LOCATION_NOT_RU,,,,a_ukr_init_b,1,a_ukr_b,1,a_rus_init_b,0,a_rus_b,1,FALSE,FALSE,"Дрон атакував нафтобазу в Прилуках, спричинивши пожежу",REVIEW,FALSE
90343,20251011,1,2524278,liveuamap,https://t.me/operativnoZSU/193757,FUEL_STORAGE_TERMINAL,нафтобаз,Дрон|атак|пожеж,696108,Pryluky,Chernihiv,Pryluts'ka,32.39881,50.56754,DROP,DROP_LOCATION_NOT_RU,,,,a_ukr_init_b,1,a_ukr_b,1,a_rus_init_b,0,a_rus_b,1,FALSE,FALSE,"Дрон атакував нафтобазу в Прилуках, спричинивши пожежу",REVIEW,FALSE
399665,20251013,1,2531791,liga,https://news.liga.net/region_news/news/v-feodosii-atakovana-neftebaza-foto-i-video-masshtabnogo-pozhara,FUEL_STORAGE_TERMINAL,нефтебаз,атак|пожар,,,,,35.38391,45.02665,REVIEW,REVIEW_DISPUTED_CRIMEA,,,,a_ukr_init_b,0,a_ukr_b,0,a_rus_init_b,0,a_rus_b,1,FALSE,FALSE,В Феодосии атакована нефтебаза: фото и видео масштабного пожара,REVIEW,FALSE
399666,20251013,1,2502421,unian,https://www.unian.ua/war/feodosiya-naftobaza-znovu-gorit-pislya-ataki-bezpilotnikiv-13160697.html,FUEL_STORAGE_TERMINAL,нафтобаз,атак|дрон,,,,,35.38391,45.02665,REVIEW,REVIEW_DISPUTED_CRIMEA,,,,a_ukr_init_b,1,a_ukr_b,1,a_rus_init_b,0,a_rus_b,1,FALSE,FALSE,"Вдруге за тиждень: у Феодосії потужно палає нафтобаза після атаки дронів (фото, відео)",REVIEW,FALSE
399664,20251013,1,2502440,espreso,https://espreso.tv/viyna-z-rosiyeyu-ukrainski-droni-atakuvali-naftobazu-u-feodosii-ta-kilka-elektropidstantsiy-v-krimu-zmi,ENERGY_GRID_SUPPORT|FUEL_STORAGE_TERMINAL,нафтобаз|підстанц,атак|дрон,,,,,35.38391,45.02665,REVIEW,REVIEW_DISPUTED_CRIMEA,,,,a_ukr_init_b,0,a_ukr_b,1,a_rus_init_b,0,a_rus_b,0,TRUE,FALSE,Українські дрони атакували нафтобазу у Феодосії та кілька електропідстанцій в Криму,REVIEW,FALSE
68102,20251013,1,2502441,espreso,https://espreso.tv/viyna-z-rosiyeyu-ukrainski-droni-atakuvali-naftobazu-u-feodosii-ta-kilka-elektropidstantsiy-v-krimu-zmi,ENERGY_GRID_SUPPORT|FUEL_STORAGE_TERMINAL,нафтобаз|підстанц,атак|дрон,693805,Simferopol,Crimea,Simferopol's'ka,34.09941,44.95363,REVIEW,REVIEW_DISPUTED_CRIMEA,,,,a_ukr_init_b,0,a_ukr_b,1,a_rus_init_b,0,a_rus_b,0,TRUE,FALSE,Українські дрони атакували нафтобазу у Феодосії та кілька електропідстанцій в Криму,REVIEW,FALSE
399670,20251015,1,2531842,liga,https://news.liga.net/politics/news/podtverzhden-udar-po-neftetebaze-v-feodosii-povrezhdeny-16-rezervuarov-pozhar-prodolzhaetsya,FUEL_STORAGE_TERMINAL,нефтебаз,поврежд|пожар|удар,,,,,35.38391,45.02665,REVIEW,REVIEW_DISPUTED_CRIMEA,,,,a_ukr_init_b,1,a_ukr_b,1,a_rus_init_b,0,a_rus_b,1,FALSE,FALSE,"Подтвержден удар по нефтебазе в Феодосии: повреждены 16 резервуаров, пожар продолжается",REVIEW,FALSE
311093,20251015,1,2524600,liveuamap,https://t.me/Crimeanwind/87826,ENERGY_GRID_SUPPORT|FUEL_STORAGE_TERMINAL,нафтобаз|підстанц,Дрон|атак,712050,Blizhneye,Crimea,Feodosiis'ka,35.31581,45.07612,REVIEW,REVIEW_DISPUTED_CRIMEA,,,,a_ukr_init_b,1,a_ukr_b,1,a_rus_init_b,0,a_rus_b,1,FALSE,FALSE,Дрони атакували кілька підстанцій та нафтобазу в окупованому Криму,REVIEW,FALSE
290389,20251015,1,2524635,liveuamap,https://t.me/Crimeanwind/87820,ENERGY_GRID_SUPPORT,підстанц,Пожеж,710141,Denisovka,Crimea,Simferopol's'kyi,34.2107,44.92606,REVIEW,REVIEW_DISPUTED_CRIMEA,,,,a_ukr_init_b,0,a_ukr_b,0,a_rus_init_b,0,a_rus_b,0,FALSE,FALSE,"Пожежа поблизу Сімферополя виникла на електропідстанції, а не на електростанції",REVIEW,FALSE
399669,20251015,2,2503110,espreso,https://espreso.tv/viyna-z-rosiyeyu-sili-oboroni-ukraini-zavdali-povtornogo-udaru-po-naftobazi-v-okupovaniy-feodosii,FUEL_STORAGE_TERMINAL,нафтобаз,удар,,,,,35.38391,45.02665,REVIEW,REVIEW_DISPUTED_CRIMEA,,,,a_ukr_init_b,0,a_ukr_b,1,a_rus_init_b,0,a_rus_b,0,TRUE,FALSE,Сили оборони України завдали повторного удару по нафтобазі в окупованій Феодосії,REVIEW,FALSE
311094,20251016,1,2524751,liveuamap,https://t.me/Crimeanwind/87826,ENERGY_GRID_SUPPORT|FUEL_STORAGE_TERMINAL,нафтобаз|підстанц,Дрон|атак,712050,Blizhneye,Crimea,Feodosiis'ka,35.31581,45.07612,REVIEW,REVIEW_DISPUTED_CRIMEA,,,,a_ukr_init_b,1,a_ukr_b,1,a_rus_init_b,0,a_rus_b,1,FALSE,FALSE,Дрони атакували кілька підстанцій та нафтобазу в окупованому Криму,REVIEW,FALSE
290391,20251016,1,2524784,liveuamap,https://t.me/Crimeanwind/87820,ENERGY_GRID_SUPPORT,підстанц,Пожеж,710141,Denisovka,Crimea,Simferopol's'kyi,34.2107,44.92606,REVIEW,REVIEW_DISPUTED_CRIMEA,,,,a_ukr_init_b,0,a_ukr_b,0,a_rus_init_b,0,a_rus_b,0,FALSE,FALSE,"Пожежа поблизу Сімферополя виникла на електропідстанції, а не на електростанції",REVIEW,FALSE
68107,20251016,1,2503445,espreso,https://espreso.tv/poglyad-benzinoviy-kolaps-u-krimu-udari-po-feodosiyskiy-naftobazi-obgruntovana-viyskova-strategiya-zsu,FUEL_STORAGE_TERMINAL,нафтобаз,удар,693805,Simferopol,Crimea,Simferopol's'ka,34.09941,44.95363,REVIEW,REVIEW_DISPUTED_CRIMEA,,,,a_ukr_init_b,0,a_ukr_b,1,a_rus_init_b,0,a_rus_b,0,TRUE,FALSE,Бензиновий колапс у Криму: удари по Феодосійській нафтобазі — обґрунтована військова стратегія ЗСУ,REVIEW,FALSE
381793,20251017,1,2531880,liga,https://news.liga.net/politics/news/v-bashkortostane-proizoshel-vzryv-na-voennom-zavode-avangard-video,DEFENSE_INDUSTRY,военном завод,взрыв,9983712,Avanhard,Odessa,Bilia‹vs'kyi,30.61381,46.47109,DROP,DROP_LOCATION_NOT_RU,,,,a_ukr_init_b,0,a_ukr_b,0,a_rus_init_b,0,a_rus_b,0,FALSE,TRUE,"В Башкортостане произошел взрыв на военном заводе """"Авангард"""" – видео",MACHINE_NONCANDIDATE,FALSE
68110,20251017,1,2531886,liga,https://news.liga.net/politics/news/v-krymu-pereboi-so-svetom-povrezhdeny-elektropodstantsii-gorit-i-neftebaza-video,ENERGY_GRID_SUPPORT|FUEL_STORAGE_TERMINAL,нефтебаз|подстанц,поврежд,693805,Simferopol,Crimea,Simferopol's'ka,34.09941,44.95363,REVIEW,REVIEW_DISPUTED_CRIMEA,,,,a_ukr_init_b,1,a_ukr_b,1,a_rus_init_b,0,a_rus_b,0,FALSE,FALSE,В Крыму перебои со светом – повреждены электроподстанции. Горит и нефтебаза – видео,REVIEW,FALSE
68112,20251017,1,2503786,unian,https://www.unian.ua/war/v-krimu-progrimili-vibuhi-shcho-vidomo-video-13165512.html,FUEL_STORAGE_TERMINAL,нафтобаз,вибух,693805,Simferopol,Crimea,Simferopol's'ka,34.09941,44.95363,REVIEW,REVIEW_DISPUTED_CRIMEA,,,,a_ukr_init_b,1,a_ukr_b,1,a_rus_init_b,0,a_rus_b,1,FALSE,FALSE,"В Криму прогриміли вибухи: палає нафтобаза, видно стовпи диму (відео)",REVIEW,FALSE
399674,20251018,1,2531900,liga,https://news.liga.net/politics/news/poyavilsya-sputnikovyi-snimok-neftyanogo-terminala-v-okkupirovannoi-feodosii-posle-udarov,FUEL_STORAGE_TERMINAL,нефтяного терминал,удар,,,,,35.38391,45.02665,REVIEW,REVIEW_DISPUTED_CRIMEA,,,,a_ukr_init_b,1,a_ukr_b,1,a_rus_init_b,0,a_rus_b,1,FALSE,FALSE,Появился спутниковый снимок нефтяного терминала в оккупированной Феодосии после ударов,REVIEW,FALSE
359208,20251019,1,2525026,liveuamap,https://t.me/zaporizka_sish/84234,FUEL_STORAGE_TERMINAL,нафтобаз,дрон|удар,7037622,Kar'yernoye,Crimea,Saks'kyi,33.60053,45.2965,REVIEW,REVIEW_DISPUTED_CRIMEA,,,,a_ukr_init_b,1,a_ukr_b,1,a_rus_init_b,0,a_rus_b,1,FALSE,FALSE,Сили спеціальних операцій підтвердили удари дронами FP-2 по нафтобазі та ФДКУ комбіната Гвардійський в Криму,REVIEW,FALSE
359209,20251020,1,2525149,liveuamap,https://t.me/zaporizka_sish/84234,FUEL_STORAGE_TERMINAL,нафтобаз,дрон|удар,7037622,Kar'yernoye,Crimea,Saks'kyi,33.60053,45.2965,REVIEW,REVIEW_DISPUTED_CRIMEA,,,,a_ukr_init_b,1,a_ukr_b,1,a_rus_init_b,0,a_rus_b,1,FALSE,FALSE,Сили спеціальних операцій підтвердили удари дронами FP-2 по нафтобазі та ФДКУ комбіната Гвардійський в Криму,REVIEW,FALSE
315476,20251021,1,2525182,liveuamap,https://t.me/GeneralStaffZSU/30455,FUEL_STORAGE_TERMINAL|REFINING_PETROCHEM_GAS,нафтобаз|нафтоперероб,удар,712451,Berdyansk,Zaporizhzhya,Berdians'ka,36.78932,46.75567,DROP,DROP_LOCATION_NOT_RU,,,,a_ukr_init_b,1,a_ukr_b,1,a_rus_init_b,0,a_rus_b,1,TRUE,FALSE,"Генеральний штаб Збройних сил України підтвердив удари по Новокуйбишевському нафтопереробному заводу в Самарській області, Оренбурзькому газопереробному заводі та нафтобазі в окупованому Бердянську",REVIEW,FALSE
315477,20251022,1,2525263,liveuamap,https://t.me/GeneralStaffZSU/30455,FUEL_STORAGE_TERMINAL|REFINING_PETROCHEM_GAS,нафтобаз|нафтоперероб,удар,712451,Berdyansk,Zaporizhzhya,Berdians'ka,36.78932,46.75567,DROP,DROP_LOCATION_NOT_RU,,,,a_ukr_init_b,1,a_ukr_b,1,a_rus_init_b,0,a_rus_b,1,TRUE,FALSE,"Генеральний штаб Збройних сил України підтвердив удари по Новокуйбишевському нафтопереробному заводу в Самарській області, Оренбурзькому газопереробному заводі та нафтобазі в окупованому Бердянську",REVIEW,FALSE
68123,20251022,1,2505811,unian,https://www.unian.ua/war/poki-ne-syadut-na-guzhoviy-transport-pletenchuk-rozpoviv-pro-udari-po-naftobazah-v-krimu-13171140.html,FUEL_STORAGE_TERMINAL,нафтобаз,удар,693805,Simferopol,Crimea,Simferopol's'ka,34.09941,44.95363,REVIEW,REVIEW_DISPUTED_CRIMEA,,,,a_ukr_init_b,1,a_ukr_b,1,a_rus_init_b,0,a_rus_b,1,FALSE,FALSE,Поки не пересядуть на віслюків: Плетенчук розповів про удари по нафтобазах в Криму,REVIEW,FALSE
325162,20251027,1,2532064,liga,https://news.liga.net/society/video/sso-unichtozhili-neftebazu-rossiyan-i-sklad-topliva-v-okkupirovannoi-luganskoi-oblasti,FUEL_STORAGE_TERMINAL,нефтебаз,уничтож,712734,Baydivka,Luhans'k,Starobil's'kyi,38.90252,49.15874,DROP,DROP_LOCATION_NOT_RU,,,,a_ukr_init_b,1,a_ukr_b,1,a_rus_init_b,1,a_rus_b,1,TRUE,FALSE,ССО уничтожили нефтебазу россиян и склад топлива в оккупированной Луганской области,REVIEW,FALSE
325161,20251027,1,2506982,espreso,https://espreso.tv/viyna-z-rosiyeyu-sso-znishchili-sklad-paliva-ta-naftobazu-rf-na-luganshchini,FUEL_STORAGE_TERMINAL,нафтобаз,знищ,712734,Baydivka,Luhans'k,Starobil's'kyi,38.90252,49.15874,DROP,DROP_LOCATION_NOT_RU,,,,a_ukr_init_b,0,a_ukr_b,1,a_rus_init_b,0,a_rus_b,1,TRUE,FALSE,ССО знищили склад палива та нафтобазу РФ на Луганщині,MACHINE_NONCANDIDATE,FALSE
68137,20251029,2,2532099,liga,https://news.liga.net/politics/news/drony-sbu-porazili-v-krymu-dve-neftebazy-i-protivovozdushnuyu-oboronu-rossiyan-istochnik,FUEL_STORAGE_TERMINAL,нефтебаз,Дрон,693805,Simferopol,Crimea,Simferopol's'ka,34.09941,44.95363,REVIEW,REVIEW_DISPUTED_CRIMEA,,,,a_ukr_init_b,1,a_ukr_b,1,a_rus_init_b,0,a_rus_b,1,TRUE,FALSE,Дроны СБУ поразили в Крыму две нефтебазы и противовоздушную оборону россиян – источник,REVIEW,FALSE
68135,20251029,1,2507599,espreso,https://espreso.tv/viyna-z-rosiyeyu-bezpilotniki-sbu-zavdali-udariv-po-dvokh-naftobazakh-u-krimu-zmi,FUEL_STORAGE_TERMINAL,нафтобаз,Безпілот|удар,693805,Simferopol,Crimea,Simferopol's'ka,34.09941,44.95363,REVIEW,REVIEW_DISPUTED_CRIMEA,,,,a_ukr_init_b,0,a_ukr_b,0,a_rus_init_b,1,a_rus_b,1,TRUE,FALSE,Безпілотники СБУ завдали ударів по двох нафтобазах у Криму,REVIEW,FALSE
68134,20251029,1,2507846,unian,https://www.unian.ua/war/krim-droni-nakrili-mista-okupovanogo-pivostrova-stalisya-pozhezhi-13178619.html,FUEL_STORAGE_TERMINAL,нафтобаз,атак|вибух,693805,Simferopol,Crimea,Simferopol's'ka,34.09941,44.95363,REVIEW,REVIEW_DISPUTED_CRIMEA,,,,a_ukr_init_b,0,a_ukr_b,0,a_rus_init_b,0,a_rus_b,0,FALSE,FALSE,"Крим весь ранок перебував під атакою БпЛА: у містах вибухи, горить нафтобаза (відео)",REVIEW,FALSE
68138,20251029,1,2507848,unian,https://www.unian.ua/war/krim-stalo-vidomo-shcho-vdalosya-uraziti-dronam-na-timchasovo-okupovanomu-pivostrovi-13178694.html,FUEL_STORAGE_TERMINAL,нафтобаз,дрон,693805,Simferopol,Crimea,Simferopol's'ka,34.09941,44.95363,REVIEW,REVIEW_DISPUTED_CRIMEA,,,,a_ukr_init_b,0,a_ukr_b,1,a_rus_init_b,1,a_rus_b,1,TRUE,FALSE,"У Криму дрони СБУ уразили дві нафтобази, """"Панцир-С2"""" та ворожі РЛС, - джерела",REVIEW,FALSE
96592,20251030,1,2525882,liveuamap,https://t.me/GeneralStaffZSU/30815,REFINING_PETROCHEM_GAS,нафтоперероб,удар,697363,Petrivka,Donets'k,Kostiantynivs'kyi,37.78279,48.38743,DROP,DROP_LOCATION_NOT_RU,,,,a_ukr_init_b,1,a_ukr_b,1,a_rus_init_b,0,a_rus_b,1,TRUE,FALSE,"Генеральний штаб Збройних сил України повідомляє про удари по нафтопереробному заводу в Новоспаському Ульяновської області Росії, Марійському нафтопереробному заводі в республіці Марій Ел та газопереробному заводі в Будьонівську Ставропольського краю Росії",REVIEW,FALSE
262331,20251030,1,2525927,liveuamap,https://t.me/supernova_plus/44936,FUEL_STORAGE_TERMINAL,нафтобаз,Дрон|атак,707777,Hvardiiske,Crimea,Simferopol's'kyi,34.02946,45.11663,REVIEW,REVIEW_DISPUTED_CRIMEA,,,,a_ukr_init_b,1,a_ukr_b,1,a_rus_init_b,0,a_rus_b,1,FALSE,FALSE,Дрони атакували нафтобазу в Гвардійському під Сімферополем,REVIEW,FALSE
68139,20251030,1,2525928,liveuamap,https://t.me/supernova_plus/44936,FUEL_STORAGE_TERMINAL,нафтобаз,Дрон|атак,693805,Simferopol,Crimea,Simferopol's'ka,34.09941,44.95363,REVIEW,REVIEW_DISPUTED_CRIMEA,,,,a_ukr_init_b,1,a_ukr_b,1,a_rus_init_b,0,a_rus_b,1,FALSE,FALSE,Дрони атакували нафтобазу в Гвардійському під Сімферополем,REVIEW,FALSE
262330,20251030,1,2525929,liveuamap,https://t.me/supernova_plus/44933,FUEL_STORAGE_TERMINAL,нафтобаз,вибух,707777,Hvardiiske,Crimea,Simferopol's'kyi,34.02912,45.11653,REVIEW,REVIEW_DISPUTED_CRIMEA,,,,a_ukr_init_b,1,a_ukr_b,1,a_rus_init_b,0,a_rus_b,1,FALSE,FALSE,Дим піднімається на нафтобазі під Сімферополем після вибухів,REVIEW,FALSE
159285,20251031,1,2535664,liga,https://news.liga.net/region_news/news/rf-atakovala-zheleznodorozhnoe-passazhirskoe-depo-v-sumah-i-infrastrukturu-uz-vozle-lozovoi,RAIL_STRATEGIC_LOGISTICS,железнодорожное депо,атак,702760,Lozova,Kharkiv,Lozivs'ka,36.31137,48.89005,DROP,DROP_LOCATION_NOT_RU,,,,a_ukr_init_b,0,a_ukr_b,0,a_rus_init_b,0,a_rus_b,0,FALSE,FALSE,Россия атаковала железнодорожное депо в Сумах и инфраструктуру УЗ возле Лозовой – фото,MACHINE_NONCANDIDATE,FALSE
96593,20251031,1,2526050,liveuamap,https://t.me/GeneralStaffZSU/30815,REFINING_PETROCHEM_GAS,нафтоперероб,удар,697363,Petrivka,Donets'k,Kostiantynivs'kyi,37.78279,48.38743,DROP,DROP_LOCATION_NOT_RU,,,,a_ukr_init_b,1,a_ukr_b,1,a_rus_init_b,0,a_rus_b,1,TRUE,FALSE,"Генеральний штаб Збройних сил України повідомляє про удари по нафтопереробному заводу в Новоспаському Ульяновської області Росії, Марійському нафтопереробному заводі в республіці Марій Ел та газопереробному заводі в Будьонівську Ставропольського краю Росії",REVIEW,FALSE
262333,20251031,1,2526093,liveuamap,https://t.me/supernova_plus/44936,FUEL_STORAGE_TERMINAL,нафтобаз,Дрон|атак,707777,Hvardiiske,Crimea,Simferopol's'kyi,34.02946,45.11663,REVIEW,REVIEW_DISPUTED_CRIMEA,,,,a_ukr_init_b,1,a_ukr_b,1,a_rus_init_b,0,a_rus_b,1,FALSE,FALSE,Дрони атакували нафтобазу в Гвардійському під Сімферополем,REVIEW,FALSE
68140,20251031,1,2526094,liveuamap,https://t.me/supernova_plus/44936,FUEL_STORAGE_TERMINAL,нафтобаз,Дрон|атак,693805,Simferopol,Crimea,Simferopol's'ka,34.09941,44.95363,REVIEW,REVIEW_DISPUTED_CRIMEA,,,,a_ukr_init_b,1,a_ukr_b,1,a_rus_init_b,0,a_rus_b,1,FALSE,FALSE,Дрони атакували нафтобазу в Гвардійському під Сімферополем,REVIEW,FALSE
262332,20251031,1,2526095,liveuamap,https://t.me/supernova_plus/44933,FUEL_STORAGE_TERMINAL,нафтобаз,вибух,707777,Hvardiiske,Crimea,Simferopol's'kyi,34.02912,45.11653,REVIEW,REVIEW_DISPUTED_CRIMEA,,,,a_ukr_init_b,1,a_ukr_b,1,a_rus_init_b,0,a_rus_b,1,FALSE,FALSE,Дим піднімається на нафтобазі під Сімферополем після вибухів,REVIEW,FALSE
352049,20251102,1,2526204,liveuamap,https://t.me/supernova_plus/45037,ENERGY_GRID_SUPPORT,підстанц,вибух,810782,Briketovka,Luhans'k,Alchevs'ka,38.79152,48.48554,DROP,DROP_LOCATION_NOT_RU,,,,a_ukr_init_b,1,a_ukr_b,1,a_rus_init_b,0,a_rus_b,1,FALSE,FALSE,Повідомлялося про вибухи на підстанції в Алчевську,REVIEW,FALSE
378897,20251103,1,2526280,liveuamap,https://t.me/supernova_plus/45115,FUEL_STORAGE_TERMINAL,нафтобаз,дрон,9291670,Postnykove,Donets'k,Shakhtars'ka,38.50587,48.03548,DROP,DROP_LOCATION_NOT_RU,,,,a_ukr_init_b,1,a_ukr_b,1,a_rus_init_b,0,a_rus_b,1,FALSE,FALSE,Повідомляється про наліт дронів на нафтобазу в Шахтарську,REVIEW,FALSE
352050,20251103,1,2526308,liveuamap,https://t.me/supernova_plus/45037,ENERGY_GRID_SUPPORT,підстанц,вибух,810782,Briketovka,Luhans'k,Alchevs'ka,38.79152,48.48554,DROP,DROP_LOCATION_NOT_RU,,,,a_ukr_init_b,1,a_ukr_b,1,a_rus_init_b,0,a_rus_b,1,FALSE,FALSE,Повідомлялося про вибухи на підстанції в Алчевську,REVIEW,FALSE
378898,20251104,1,2526388,liveuamap,https://t.me/supernova_plus/45115,FUEL_STORAGE_TERMINAL,нафтобаз,дрон,9291670,Postnykove,Donets'k,Shakhtars'ka,38.50587,48.03548,DROP,DROP_LOCATION_NOT_RU,,,,a_ukr_init_b,1,a_ukr_b,1,a_rus_init_b,0,a_rus_b,1,FALSE,FALSE,Повідомляється про наліт дронів на нафтобазу в Шахтарську,REVIEW,FALSE
276998,20251105,1,2538566,liga,https://news.liga.net/politics/news/v-donetske-progremeli-silnye-vzryvy-soobshtayut-ob-udare-po-skladu-boepripasov-video,AMMUNITION_ARSENAL,складу боеприпас,взрыв|удар,709717,Donetsk,Donets'k,Donets'ka,37.80285,48.01588,REVIEW,REVIEW_NAME_ONLY_RU_SUPPORT,,,Donetsk,a_ukr_init_b,0,a_ukr_b,1,a_rus_init_b,0,a_rus_b,0,FALSE,FALSE,В Донецке прогремели сильные взрывы: сообщают об ударе по складу боеприпасов – видео,REVIEW,FALSE
381553,20251105,1,2510018,unian,https://www.unian.ua/war/udar-po-tuapse-u-reuters-rozpovili-pro-naslidki-13186461.html,PORT_EXPORT_LOGISTICS,Порт,атак|дрон,9982339,Port,Odessa,Kominternivs'kyi,31.00479,46.72451,DROP,DROP_LOCATION_NOT_RU,,,,a_ukr_init_b,0,a_ukr_b,0,a_rus_init_b,0,a_rus_b,0,FALSE,FALSE,"Порт Туапсе зупинив експорт палива після атаки дронів, - Reuters",MACHINE_NONCANDIDATE,FALSE
271102,20251106,1,2526490,liveuamap,https://t.me/exilenova_plus/13580,AMMUNITION_ARSENAL,склад боєприпас,вибух|ракет|удар,709717,Donetsk,Donets'k,Donets'ka,37.81734,48.00576,REVIEW,REVIEW_NAME_ONLY_RU_SUPPORT,,,Donetsk,a_ukr_init_b,0,a_ukr_b,1,a_rus_init_b,0,a_rus_b,0,FALSE,FALSE,У Донецьку вибухнув склад боєприпасів внаслідок ймовірного ракетного удару,REVIEW,FALSE
367108,20251107,1,2526580,liveuamap,https://t.me/Crimeanwind/89135,FUEL_STORAGE_TERMINAL,нафтобаз,дрон|пожеж|удар,8997506,Bitumnoye,Crimea,Simferopol's'kyi,34.04148,45.0291,REVIEW,REVIEW_DISPUTED_CRIMEA,,,,a_ukr_init_b,1,a_ukr_b,1,a_rus_init_b,0,a_rus_b,0,FALSE,FALSE,Повідомляється про пожежу після удару дрона на нафтобазі поблизу Сімферополя вночі,REVIEW,FALSE
370294,20251107,1,2526585,liveuamap,https://t.me/GeneralStaffZSU/31116,FUEL_STORAGE_TERMINAL|REFINING_PETROCHEM_GAS,нафтобаз|нафтоперероб,безпілот|удар,9113069,Spartak,Donets'k,Iasynuvats'kyi,37.74862,48.07473,REVIEW,REVIEW_NAME_ONLY_RU_SUPPORT,,,Spartak,a_ukr_init_b,1,a_ukr_b,1,a_rus_init_b,0,a_rus_b,1,TRUE,FALSE,"Генеральний штаб Збройних сил України повідомляє про військові удари по базі безпілотників типу Шахед на території Донецького аеропорту, Волгоградському нафтопереробному заводу та нафтобазам у Гвардійському та Сімферополі в окупованому Криму",REVIEW,FALSE
68147,20251107,1,2526586,liveuamap,https://t.me/GeneralStaffZSU/31116,FUEL_STORAGE_TERMINAL|REFINING_PETROCHEM_GAS,нафтобаз|нафтоперероб,безпілот|удар,693805,Simferopol,Crimea,Simferopol's'ka,34.09941,44.95363,REVIEW,REVIEW_DISPUTED_CRIMEA,,,,a_ukr_init_b,1,a_ukr_b,1,a_rus_init_b,0,a_rus_b,1,TRUE,FALSE,"Генеральний штаб Збройних сил України повідомляє про військові удари по базі безпілотників типу Шахед на території Донецького аеропорту, Волгоградському нафтопереробному заводу та нафтобазам у Гвардійському та Сімферополі в окупованому Криму",REVIEW,FALSE
271104,20251107,1,2526621,liveuamap,https://t.me/exilenova_plus/13580,AMMUNITION_ARSENAL,склад боєприпас,вибух|ракет|удар,709717,Donetsk,Donets'k,Donets'ka,37.81734,48.00576,REVIEW,REVIEW_NAME_ONLY_RU_SUPPORT,,,Donetsk,a_ukr_init_b,0,a_ukr_b,1,a_rus_init_b,0,a_rus_b,0,FALSE,FALSE,У Донецьку вибухнув склад боєприпасів внаслідок ймовірного ракетного удару,REVIEW,FALSE
68145,20251107,1,2510691,unian,https://www.unian.ua/war/udar-po-naftobazah-u-krimu-u-sso-pokazali-video-13188579.html,FUEL_STORAGE_TERMINAL,нафтобаз,знищ|удар,693805,Simferopol,Crimea,Simferopol's'ka,34.09941,44.95363,REVIEW,REVIEW_DISPUTED_CRIMEA,,,,a_ukr_init_b,0,a_ukr_b,0,a_rus_init_b,0,a_rus_b,0,TRUE,FALSE,"ССО показали, як знищують нафтобази ворога у Криму: які наслідки ударів (відео)",REVIEW,FALSE
68148,20251108,1,2557768,liga,https://news.liga.net/politics/video/sily-spetsoperatsii-unichtozhili-puskovuyu-s-400-i-sklad-boepripasov-okkupantov-v-krymu-video,AMMUNITION_ARSENAL,склад боеприпас,уничтож,693805,Simferopol,Crimea,Simferopol's'ka,34.09941,44.95363,REVIEW,REVIEW_DISPUTED_CRIMEA,,,,a_ukr_init_b,0,a_ukr_b,0,a_rus_init_b,0,a_rus_b,1,FALSE,FALSE,Силы спецопераций уничтожили пусковую С-400 и склад боеприпасов оккупантов в Крыму – видео,REVIEW,FALSE
367109,20251108,1,2526717,liveuamap,https://t.me/Crimeanwind/89135,FUEL_STORAGE_TERMINAL,нафтобаз,дрон|пожеж|удар,8997506,Bitumnoye,Crimea,Simferopol's'kyi,34.04148,45.0291,REVIEW,REVIEW_DISPUTED_CRIMEA,,,,a_ukr_init_b,1,a_ukr_b,1,a_rus_init_b,0,a_rus_b,0,FALSE,FALSE,Повідомляється про пожежу після удару дрона на нафтобазі поблизу Сімферополя вночі,REVIEW,FALSE
370295,20251108,1,2526722,liveuamap,https://t.me/GeneralStaffZSU/31116,FUEL_STORAGE_TERMINAL|REFINING_PETROCHEM_GAS,нафтобаз|нафтоперероб,безпілот|удар,9113069,Spartak,Donets'k,Iasynuvats'kyi,37.74862,48.07473,REVIEW,REVIEW_NAME_ONLY_RU_SUPPORT,,,Spartak,a_ukr_init_b,1,a_ukr_b,1,a_rus_init_b,0,a_rus_b,1,TRUE,FALSE,"Генеральний штаб Збройних сил України повідомляє про військові удари по базі безпілотників типу Шахед на території Донецького аеропорту, Волгоградському нафтопереробному заводу та нафтобазам у Гвардійському та Сімферополі в окупованому Криму",REVIEW,FALSE
68150,20251108,1,2526723,liveuamap,https://t.me/GeneralStaffZSU/31116,FUEL_STORAGE_TERMINAL|REFINING_PETROCHEM_GAS,нафтобаз|нафтоперероб,безпілот|удар,693805,Simferopol,Crimea,Simferopol's'ka,34.09941,44.95363,REVIEW,REVIEW_DISPUTED_CRIMEA,,,,a_ukr_init_b,1,a_ukr_b,1,a_rus_init_b,0,a_rus_b,1,TRUE,FALSE,"Генеральний штаб Збройних сил України повідомляє про військові удари по базі безпілотників типу Шахед на території Донецького аеропорту, Волгоградському нафтопереробному заводу та нафтобазам у Гвардійському та Сімферополі в окупованому Криму",REVIEW,FALSE
68149,20251108,1,2510725,espreso,https://espreso.tv/viyna-z-rosiyeyu-sso-znishchili-puskovu-ustanovku-triumf-ta-sklad-boepripasiv-u-krimu,AMMUNITION_ARSENAL,склад боєприпас,знищ,693805,Simferopol,Crimea,Simferopol's'ka,34.09941,44.95363,REVIEW,REVIEW_DISPUTED_CRIMEA,,,,a_ukr_init_b,0,a_ukr_b,1,a_rus_init_b,0,a_rus_b,1,TRUE,FALSE,"ССО знищили пускову установку """"Тріумф"""" та склад боєприпасів у Криму",REVIEW,FALSE
365495,20251109,1,2526760,liveuamap,https://t.me/operativnoZSU/196323,ENERGY_GRID_SUPPORT,підстанц,Дрон|атак,8620996,Koreneve,Sumy,Nedryhailivs'kyi,33.9815,50.84145,DROP,DROP_LOCATION_NOT_RU,,,,a_ukr_init_b,1,a_ukr_b,1,a_rus_init_b,0,a_rus_b,1,FALSE,FALSE,Дрони атакували електропідстанцію в Коренево Курської області,REVIEW,FALSE
358960,20251110,1,2526867,liveuamap,https://t.me/supernova_plus/45312,ENERGY_GRID_SUPPORT,підстанц,вибух|пожеж,7020272,Michurinovka,Crimea,Dzhankois'ka,34.36626,45.69928,REVIEW,REVIEW_DISPUTED_CRIMEA,,,,a_ukr_init_b,0,a_ukr_b,1,a_rus_init_b,0,a_rus_b,1,FALSE,FALSE,Повідомляється про вибухи та пожежу на підстанції 330 кВ Джанкой в окупованому Криму,REVIEW,FALSE
68156,20251110,1,2526868,liveuamap,https://t.me/supernova_plus/45312,ENERGY_GRID_SUPPORT,підстанц,вибух|пожеж,693805,Simferopol,Crimea,Simferopol's'ka,34.09941,44.95363,REVIEW,REVIEW_DISPUTED_CRIMEA,,,,a_ukr_init_b,0,a_ukr_b,1,a_rus_init_b,0,a_rus_b,1,FALSE,FALSE,Повідомляється про вибухи та пожежу на підстанції 330 кВ Джанкой в окупованому Криму,REVIEW,FALSE
399682,20251110,1,2526872,liveuamap,https://t.me/supernova_plus/45302,ENERGY_GRID_SUPPORT,підстанц,вибух,,,,,38.92852,47.21537,STRICT,COORDINATE_RU_STRICT,0.603,10232667,Bristol Taganrog,a_ukr_init_b,0,a_ukr_b,0,a_rus_init_b,0,a_rus_b,1,FALSE,FALSE,На підстанції в Таганрозі Ростовської області сталося 2 вибухи.,REVIEW,FALSE
399681,20251110,1,2526876,liveuamap,https://t.me/exilenova_plus/13645,ENERGY_GRID_SUPPORT,підстанц,пожеж,,,,,38.92852,47.21537,STRICT,COORDINATE_RU_STRICT,0.603,10232667,Bristol Taganrog,a_ukr_init_b,0,a_ukr_b,0,a_rus_init_b,0,a_rus_b,0,FALSE,FALSE,Повідомляється про пожежу на електропідстанції в Таганрозі,REVIEW,FALSE
365496,20251110,1,2526906,liveuamap,https://t.me/operativnoZSU/196323,ENERGY_GRID_SUPPORT,підстанц,Дрон|атак,8620996,Koreneve,Sumy,Nedryhailivs'kyi,33.9815,50.84145,DROP,DROP_LOCATION_NOT_RU,,,,a_ukr_init_b,1,a_ukr_b,1,a_rus_init_b,0,a_rus_b,1,FALSE,FALSE,Дрони атакували електропідстанцію в Коренево Курської області,REVIEW,FALSE
399685,20251111,1,2564210,liga,https://news.liga.net/politics/news/genshtab-podtverdil-udary-po-npz-saratova-po-feodosii-i-okkupirovannoi-donetskoi-oblasti,REFINING_PETROCHEM_GAS,НПЗ,удар,,,,,35.38391,45.02665,REVIEW,REVIEW_DISPUTED_CRIMEA,,,,a_ukr_init_b,0,a_ukr_b,1,a_rus_init_b,0,a_rus_b,0,FALSE,TRUE,"Генштаб подтвердил удары по НПЗ Саратова, Феодосии и оккупированной Донецкой области",REVIEW,FALSE
82809,20251111,1,2564211,liga,https://news.liga.net/politics/news/genshtab-podtverdil-udary-po-npz-saratova-po-feodosii-i-okkupirovannoi-donetskoi-oblasti,REFINING_PETROCHEM_GAS,НПЗ,удар,695094,Ruttschenkowo,Donets'k,Donets'ka,37.67529,47.95508,DROP,DROP_LOCATION_NOT_RU,,,,a_ukr_init_b,0,a_ukr_b,1,a_rus_init_b,0,a_rus_b,0,FALSE,TRUE,"Генштаб подтвердил удары по НПЗ Саратова, Феодосии и оккупированной Донецкой области",MACHINE_NONCANDIDATE,FALSE
359210,20251111,1,2526982,liveuamap,https://t.me/ukrpravda_news/70577,FUEL_STORAGE_TERMINAL,нафтобаз,Дрон|атак,7037622,Kar'yernoye,Crimea,Saks'kyi,33.59685,45.29693,REVIEW,REVIEW_DISPUTED_CRIMEA,,,,a_ukr_init_b,1,a_ukr_b,1,a_rus_init_b,0,a_rus_b,1,FALSE,FALSE,Дрони атакували нафтобазу Гвадрійська в окупованому Криму,REVIEW,FALSE
358961,20251111,1,2527018,liveuamap,https://t.me/supernova_plus/45312,ENERGY_GRID_SUPPORT,підстанц,вибух|пожеж,7020272,Michurinovka,Crimea,Dzhankois'ka,34.36626,45.69928,REVIEW,REVIEW_DISPUTED_CRIMEA,,,,a_ukr_init_b,0,a_ukr_b,1,a_rus_init_b,0,a_rus_b,1,FALSE,FALSE,Повідомляється про вибухи та пожежу на підстанції 330 кВ Джанкой в окупованому Криму,REVIEW,FALSE
68159,20251111,1,2527019,liveuamap,https://t.me/supernova_plus/45312,ENERGY_GRID_SUPPORT,підстанц,вибух|пожеж,693805,Simferopol,Crimea,Simferopol's'ka,34.09941,44.95363,REVIEW,REVIEW_DISPUTED_CRIMEA,,,,a_ukr_init_b,0,a_ukr_b,1,a_rus_init_b,0,a_rus_b,1,FALSE,FALSE,Повідомляється про вибухи та пожежу на підстанції 330 кВ Джанкой в окупованому Криму,REVIEW,FALSE
399686,20251111,1,2527023,liveuamap,https://t.me/supernova_plus/45302,ENERGY_GRID_SUPPORT,підстанц,вибух,,,,,38.92852,47.21537,STRICT,COORDINATE_RU_STRICT,0.603,10232667,Bristol Taganrog,a_ukr_init_b,0,a_ukr_b,0,a_rus_init_b,0,a_rus_b,1,FALSE,FALSE,На підстанції в Таганрозі Ростовської області сталося 2 вибухи.,REVIEW,FALSE
399684,20251111,1,2527027,liveuamap,https://t.me/exilenova_plus/13645,ENERGY_GRID_SUPPORT,підстанц,пожеж,,,,,38.92852,47.21537,STRICT,COORDINATE_RU_STRICT,0.603,10232667,Bristol Taganrog,a_ukr_init_b,0,a_ukr_b,0,a_rus_init_b,0,a_rus_b,0,FALSE,FALSE,Повідомляється про пожежу на електропідстанції в Таганрозі,REVIEW,FALSE
388606,20251112,1,2532342,liga,https://news.liga.net/politics/chronicle/novaya-ugroza-iz-rossii-vse-glavnoe-ob-eskalatsii-voennoy-agressii-rf-protiv-ukrainy-live,REFINING_PETROCHEM_GAS,НПЗ,атак,10951287,Vesele,Zaporizhzhya,Tokmats'kyi,35.7672,47.17894,DROP,DROP_LOCATION_NOT_RU,,,,a_ukr_init_b,1,a_ukr_b,1,a_rus_init_b,0,a_rus_b,1,TRUE,FALSE,"СБУ атаковала НПЗ в Орске, Силы обороны отошли с позиций в Запорожской области – LIVE",REVIEW,FALSE
359211,20251112,1,2527090,liveuamap,https://t.me/ukrpravda_news/70577,FUEL_STORAGE_TERMINAL,нафтобаз,Дрон|атак,7037622,Kar'yernoye,Crimea,Saks'kyi,33.59685,45.29693,REVIEW,REVIEW_DISPUTED_CRIMEA,,,,a_ukr_init_b,1,a_ukr_b,1,a_rus_init_b,0,a_rus_b,1,FALSE,FALSE,Дрони атакували нафтобазу Гвадрійська в окупованому Криму,REVIEW,FALSE
381554,20251114,1,2512766,espreso,https://espreso.tv/viyna-z-rosiyeyu-port-novorosiysk-u-rf-prizupiniv-eksport-nafti-pislya-ataki-ukrainskikh-bpla-reuters,PORT_EXPORT_LOGISTICS,Порт,атак,9982339,Port,Odessa,Kominternivs'kyi,31.00479,46.72451,DROP,DROP_LOCATION_NOT_RU,,,,a_ukr_init_b,0,a_ukr_b,1,a_rus_init_b,0,a_rus_b,1,TRUE,FALSE,Порт Новоросійськ у РФ призупинив експорт нафти після атаки українських БПЛА,MACHINE_NONCANDIDATE,FALSE
68162,20251115,1,2513417,unian,https://www.unian.ua/war/u-volgogradi-droni-atakuyut-npz-po-krimu-b-yut-neptunami-socmerezhi-13197438.html,REFINING_PETROCHEM_GAS,НПЗ,атак|дрон,693805,Simferopol,Crimea,Simferopol's'ka,34.09941,44.95363,REVIEW,REVIEW_DISPUTED_CRIMEA,,,,a_ukr_init_b,0,a_ukr_b,0,a_rus_init_b,0,a_rus_b,0,FALSE,FALSE,"У Волгограді дрони атакують НПЗ, по Криму б'ють """"Нептунами"""", - соцмережі (відео)",REVIEW,FALSE
82817,20251116,2,2513437,espreso,https://espreso.tv/viyna-z-rosiyeyu-sili-oboroni-urazili-npz-u-samarskiy-oblasti-rf-ta-sklad-droniv-rosiyskogo-pidrozdilu-rubikon-na-donechchini,REFINING_PETROCHEM_GAS,НПЗ,дрон,695094,Ruttschenkowo,Donets'k,Donets'ka,37.67529,47.95508,DROP,DROP_LOCATION_NOT_RU,,,,a_ukr_init_b,0,a_ukr_b,0,a_rus_init_b,0,a_rus_b,0,FALSE,FALSE,"Сили оборони уразили НПЗ у Самарській області РФ та склад дронів російського підрозділу """"Рубікон"""" на Донеччині",MACHINE_NONCANDIDATE,FALSE
26460,20251117,1,2527437,liveuamap,https://t.me/supernova_plus/45579,ENERGY_GRID_SUPPORT,підстанц,Вибух,688900,Voikove,Donets'k,Maki‹vs'ka,38.00514,48.00006,DROP,DROP_LOCATION_NOT_RU,,,,a_ukr_init_b,0,a_ukr_b,1,a_rus_init_b,0,a_rus_b,1,FALSE,FALSE,Вибухи на кількох підстанціях на окупованих територіях Донецької області,MACHINE_NONCANDIDATE,FALSE
26461,20251118,1,2527555,liveuamap,https://t.me/supernova_plus/45579,ENERGY_GRID_SUPPORT,підстанц,Вибух,688900,Voikove,Donets'k,Maki‹vs'ka,38.00514,48.00006,DROP,DROP_LOCATION_NOT_RU,,,,a_ukr_init_b,0,a_ukr_b,1,a_rus_init_b,0,a_rus_b,1,FALSE,FALSE,Вибухи на кількох підстанціях на окупованих територіях Донецької області,MACHINE_NONCANDIDATE,FALSE
199366,20251122,1,2527907,liveuamap,https://t.me/supernova_plus/45686,ENERGY_GRID_SUPPORT,підстанц,Дрон|атак,704362,Yany Kapu,Crimea,Krasnoperekops'kyi,33.79287,45.96866,REVIEW,REVIEW_DISPUTED_CRIMEA,,,,a_ukr_init_b,1,a_ukr_b,1,a_rus_init_b,0,a_rus_b,1,FALSE,FALSE,"Дрони атакували підстанцію в Красноперекопську, окупований Крим",REVIEW,FALSE
199367,20251123,1,2528037,liveuamap,https://t.me/supernova_plus/45686,ENERGY_GRID_SUPPORT,підстанц,Дрон|атак,704362,Yany Kapu,Crimea,Krasnoperekops'kyi,33.79287,45.96866,REVIEW,REVIEW_DISPUTED_CRIMEA,,,,a_ukr_init_b,1,a_ukr_b,1,a_rus_init_b,0,a_rus_b,1,FALSE,FALSE,"Дрони атакували підстанцію в Красноперекопську, окупований Крим",REVIEW,FALSE
68168,20251123,1,2516455,unian,https://www.unian.ua/war/brom-krim-sili-bezpilotnih-sistem-atakuvali-zavod-ta-pidstanciyu-v-okupovanomu-krimu-13205496.html,DEFENSE_INDUSTRY,ВПК,Атак,693805,Simferopol,Crimea,Simferopol's'ka,34.09941,44.95363,REVIEW,REVIEW_DISPUTED_CRIMEA,,,,a_ukr_init_b,0,a_ukr_b,0,a_rus_init_b,0,a_rus_b,0,FALSE,FALSE,"Атаковано великий хімзавод у Криму, який працював на ВПК окупантів: Мадяр показав відео",REVIEW,FALSE
95110,20251126,1,2528240,liveuamap,https://t.me/GeneralStaffZSU/31799,FUEL_STORAGE_TERMINAL|REFINING_PETROCHEM_GAS,нафтовому термінал|нафтоперероб,Ракет|безпілот|удар,696877,Podil,Kiev City,Shevchenkivs'kyi,30.47813,50.44131,DROP,DROP_LOCATION_NOT_RU,,,,a_ukr_init_b,1,a_ukr_b,1,a_rus_init_b,1,a_rus_b,1,TRUE,TRUE,"Генеральний Штаб Збройних Сил України: у ніч на 25 листопада підрозділи Ракетних військ і артилерії у взаємодії зі Силами спеціальних операцій, берегових ракетних військ ВМС та Сил безпілотних систем із застосуванням реактивних БпЛА Барс і крилатих ракет Нептун завдали успішних ударів по декількох російських стратегічних об'єктах. У м. Таганрог Ростовської області РФ зафіксовано ураження Авіаремонтного заводу ТАНТК ім. Г.М. Берієва та підприємства з виробництва БпЛА Молнія - Атлант Аеро. Окрім того, підрозділи Сили оборони України завдали успішного ураження по нафтовому терміналу Шесхаріс у Новоросійську, а також нафтопереробному заводу Туапсинський у Краснодарському Краю",REVIEW,FALSE
311861,20251127,1,2532515,liveuamap,https://t.me/supernova_plus/45902,ENERGY_GRID_SUPPORT,підстанц,Дрон|атак,712206,Bezginovo,Luhans'k,Novoaidars'kyi,39.01547,48.94274,DROP,DROP_LOCATION_NOT_RU,,,,a_ukr_init_b,1,a_ukr_b,1,a_rus_init_b,0,a_rus_b,1,TRUE,FALSE,Дрони атакували електропідстанцію в Новоайдарі на окупованій частині Луганської області України,REVIEW,FALSE
158725,20251127,1,2532516,liveuamap,https://t.me/supernova_plus/45902,ENERGY_GRID_SUPPORT,підстанц,Дрон|атак,702658,Luhansk,Luhans'k,Luhans'ka,39.30771,48.5739,DROP,DROP_LOCATION_NOT_RU,,,,a_ukr_init_b,1,a_ukr_b,1,a_rus_init_b,0,a_rus_b,1,TRUE,FALSE,Дрони атакували електропідстанцію в Новоайдарі на окупованій частині Луганської області України,REVIEW,FALSE
188507,20251129,1,2535892,liga,https://news.liga.net/politics/chronicle/rossiyane-udarili-po-zaporozhyu-i-odesse-izvestny-vse-28-punktov-mirnogo-plana-live,REFINING_PETROCHEM_GAS,НПЗ,атак|дрон|ракет,703448,Kyiv,Kiev City,Shevchenkivs'kyi,30.52355,50.45044,DROP,DROP_LOCATION_NOT_RU,,,,a_ukr_init_b,1,a_ukr_b,1,a_rus_init_b,0,a_rus_b,1,FALSE,TRUE,"Россия атакует Киев и область дронами и ракетами, в России горит Афипский НПЗ – LIVE",REVIEW,FALSE
133077,20251129,1,2535428,liveuamap,https://t.me/GeneralStaffZSU/31914,REFINING_PETROCHEM_GAS|STRATEGIC_AIRBASE,аеродром|нафтоперероб,безпілот|удар,701243,Mikhaylovka,Crimea,Saks'kyi,33.60203,45.09422,REVIEW,REVIEW_DISPUTED_CRIMEA,,,,a_ukr_init_b,0,a_ukr_b,1,a_rus_init_b,0,a_rus_b,0,TRUE,FALSE,"Генеральний штаб Збройних сил України підтвердив удари по Саратовському нафтопереробному заводу та місці зберігання безпілотників на аеродромі Саки, а також по інших військових об'єктах",REVIEW,FALSE
188516,20251130,1,2564365,liga,https://news.liga.net/politics/news/kazahstan-vyrazil-protest-kievu-iz-za-ataki-po-neftyanomu-terminalu-v-rf-prosyat-ne-dopuskat-takogo,FUEL_STORAGE_TERMINAL,нефтяному терминал,атак,703448,Kyiv,Kiev City,Shevchenkivs'kyi,30.52355,50.45044,DROP,DROP_LOCATION_NOT_RU,,,,a_ukr_init_b,1,a_ukr_b,1,a_rus_init_b,0,a_rus_b,1,FALSE,TRUE,Казахстан выразил протест Киеву из-за атаки по нефтяному терминалу в РФ: просят не допускать такого,REVIEW,FALSE
58053,20251130,1,2564366,liga,https://news.liga.net/politics/news/na-kubani-pozhalovalis-na-ataku-po-npz-slavyansk-eko-pod-rostovom-ostanovilas-kotelnaya,REFINING_PETROCHEM_GAS,НПЗ,атак,693468,Sloviansk,Donets'k,Slovians'ka,37.60582,48.85227,DROP,DROP_LOCATION_NOT_RU,,,,a_ukr_init_b,0,a_ukr_b,0,a_rus_init_b,0,a_rus_b,0,FALSE,TRUE,"На Кубани пожаловались на атаку по НПЗ """"Славянск ЭКО"""", под Ростовом остановилась котельная",MACHINE_NONCANDIDATE,FALSE
350258,20251130,1,2536552,unian,https://www.unian.ua/war/udari-po-rosiji-na-kubani-poshkodzheno-npz-bilya-rostova-zupinilasya-kotelnya-13212093.html,REFINING_PETROCHEM_GAS,НПЗ,Атак|дрон|пошкодж,809452,Kuban,Luhans'k,Novopskovs'kyi,39.02962,49.65099,REVIEW,REVIEW_COORDINATE_NEAR_RU,19.686,11682238,Balka Karayashnik,a_ukr_init_b,0,a_ukr_b,0,a_rus_init_b,0,a_rus_b,0,FALSE,TRUE,"Атака дронів на РФ: на Кубані пошкоджено НПЗ, біля Ростова зупинилася котельня, - ЗМІ",REVIEW,FALSE
68187,20251204,1,2538552,espreso,https://espreso.tv/viyna-z-rosiyeyu-biytsi-gur-znishchili-rosiyskiy-vinishchuvach-mig-29-na-aerodromi-u-krimu,STRATEGIC_AIRBASE,аеродром,знищ,693805,Simferopol,Crimea,Simferopol's'ka,34.09941,44.95363,REVIEW,REVIEW_DISPUTED_CRIMEA,,,,a_ukr_init_b,0,a_ukr_b,1,a_rus_init_b,1,a_rus_b,1,FALSE,FALSE,Бійці ГУР знищили російський винищувач МіГ-29 на аеродромі у Криму,REVIEW,FALSE
289498,20251204,1,2537994,liveuamap,https://t.me/supernova_plus/46104,FUEL_STORAGE_TERMINAL,Нафтобаз,атак|дрон,709985,Dmytrivka,Dnipropetrovs'k,Petropavlivs'kyi,36.19508,48.39587,DROP,DROP_LOCATION_NOT_RU,,,,a_ukr_init_b,0,a_ukr_b,1,a_rus_init_b,0,a_rus_b,0,FALSE,FALSE,Нафтобазу в Дмитрівці Тамбовської області вночі атакували дрони,MACHINE_NONCANDIDATE,FALSE
257057,20251205,1,2538803,liveuamap,https://t.me/channel24_ua/196550,STRATEGIC_AIRBASE,аеродром,безпілот|знищ,707281,Kacha,Sevastopol',Nakhimovs'kyi,33.5677,44.77657,REVIEW,REVIEW_DISPUTED_CRIMEA,,,,a_ukr_init_b,0,a_ukr_b,1,a_rus_init_b,0,a_rus_b,1,TRUE,FALSE,Українська військова розвідка знищила винищувач МіГ-29 на аеродромі Кача за допомогою безпілотників,REVIEW,FALSE
381555,20251206,1,2545197,liveuamap,https://t.me/supernova_plus/46170,PORT_EXPORT_LOGISTICS,Порт,удар,9982339,Port,Odessa,Kominternivs'kyi,31.00479,46.72451,DROP,DROP_LOCATION_NOT_RU,,,,a_ukr_init_b,0,a_ukr_b,0,a_rus_init_b,1,a_rus_b,1,FALSE,FALSE,Порт Темрюк досі горить після нічних ударів,MACHINE_NONCANDIDATE,FALSE
321115,20251206,1,2551299,unian,https://www.unian.ua/war/rosiyani-atakuvali-odeshchinu-urazheno-port-ta-energoob-yekt-tisyachi-lyudey-bez-tepla-i-vodi-novini-odesi-13218351.html,PORT_EXPORT_LOGISTICS,порт,атак,712609,Bilka,Odessa,Ivanivs'kyi,30.40579,46.90822,DROP,DROP_LOCATION_NOT_RU,,,,a_ukr_init_b,0,a_ukr_b,1,a_rus_init_b,1,a_rus_b,1,FALSE,FALSE,"Росіяни атакували Одещину: уражено порт та енергооб’єкт, тисячі людей залишились без тепла",MACHINE_NONCANDIDATE,FALSE
325170,20251208,1,2564184,espreso,https://espreso.tv/viyna-z-rosiyeyu-sili-oboroni-ukraini-atakuvali-rosiyski-skladi-boepripasiv-ta-droniv-na-tot-luganshchini-ta-donechchini,AMMUNITION_ARSENAL,склади боєприпас,атак|дрон,712734,Baydivka,Luhans'k,Starobil's'kyi,38.90252,49.15874,DROP,DROP_LOCATION_NOT_RU,,,,a_ukr_init_b,0,a_ukr_b,1,a_rus_init_b,0,a_rus_b,1,TRUE,FALSE,Сили оборони України атакували російські склади боєприпасів та дронів на ТОТ Луганщини та Донеччини,MACHINE_NONCANDIDATE,FALSE
82867,20251208,1,2564185,espreso,https://espreso.tv/viyna-z-rosiyeyu-sili-oboroni-ukraini-atakuvali-rosiyski-skladi-boepripasiv-ta-droniv-na-tot-luganshchini-ta-donechchini,AMMUNITION_ARSENAL,склади боєприпас,атак|дрон,695094,Ruttschenkowo,Donets'k,Donets'ka,37.67529,47.95508,DROP,DROP_LOCATION_NOT_RU,,,,a_ukr_init_b,0,a_ukr_b,1,a_rus_init_b,0,a_rus_b,1,TRUE,FALSE,Сили оборони України атакували російські склади боєприпасів та дронів на ТОТ Луганщини та Донеччини,MACHINE_NONCANDIDATE,FALSE
56415,20251211,1,2577231,liveuamap,https://t.me/Crimeanwind/90734,STRATEGIC_AIRBASE,аеродром,вибух,693342,Sofiivka,Crimea,Simferopol's'kyi,33.98569,45.11628,REVIEW,REVIEW_DISPUTED_CRIMEA,,,,a_ukr_init_b,0,a_ukr_b,1,a_rus_init_b,0,a_rus_b,0,FALSE,FALSE,На аеродромі Гвардійське в окупованому Криму сталося кілька вибухів,REVIEW,FALSE
68198,20251211,1,2577232,liveuamap,https://t.me/Crimeanwind/90734,STRATEGIC_AIRBASE,аеродром,вибух,693805,Simferopol,Crimea,Simferopol's'ka,34.09941,44.95363,REVIEW,REVIEW_DISPUTED_CRIMEA,,,,a_ukr_init_b,0,a_ukr_b,1,a_rus_init_b,0,a_rus_b,0,FALSE,FALSE,На аеродромі Гвардійське в окупованому Криму сталося кілька вибухів,REVIEW,FALSE
112813,20251212,1,2589997,liga,https://news.liga.net/politics/news/vrag-atakoval-eshte-odin-port-v-odesse-est-ranenyi-video,PORT_EXPORT_LOGISTICS,порт,атак,698740,Odessa,Odessa,Odes'ka,30.73169,46.48421,DROP,DROP_LOCATION_NOT_RU,,,,a_ukr_init_b,0,a_ukr_b,1,a_rus_init_b,1,a_rus_b,1,FALSE,FALSE,"Враг атаковал еще один порт – в Одессе, есть раненый: видео",MACHINE_NONCANDIDATE,FALSE
68206,20251213,1,2602552,unian,https://www.unian.ua/war/rf-i-krim-pid-masovanoyu-atakoyu-goryat-naftobazi-ta-elektrostanciji-video-13225530.html,FUEL_STORAGE_TERMINAL,нафтобаз,атак,693805,Simferopol,Crimea,Simferopol's'ka,34.09941,44.95363,REVIEW,REVIEW_DISPUTED_CRIMEA,,,,a_ukr_init_b,0,a_ukr_b,1,a_rus_init_b,1,a_rus_b,1,FALSE,FALSE,РФ і Крим під масованою атакою: палають нафтобази та електростанції (відео),REVIEW,FALSE
105075,20251214,1,2596496,liveuamap,https://t.me/our_odessa/98416,ENERGY_GRID_SUPPORT,підстанц,атак,698740,Odessa,Odessa,Odes'ka,30.74112,46.46955,DROP,DROP_LOCATION_NOT_RU,,,,a_ukr_init_b,0,a_ukr_b,0,a_rus_init_b,1,a_rus_b,1,FALSE,FALSE,"Внаслідок російської атаки в Одесі без електропостачання залишилися всі тягові підстанції міста, робота трамваїв та тролейбусів тимчасово призупинена",MACHINE_NONCANDIDATE,FALSE
95111,20251215,1,2602826,liveuamap,https://t.me/GeneralStaffZSU/32563,FUEL_STORAGE_TERMINAL|REFINING_PETROCHEM_GAS,нафтобаз|нафтоперероб,удар,696877,Podil,Kiev City,Shevchenkivs'kyi,30.47419,50.43857,DROP,DROP_LOCATION_NOT_RU,,,,a_ukr_init_b,0,a_ukr_b,1,a_rus_init_b,1,a_rus_b,1,TRUE,FALSE,"Генеральний штаб Збройних сил України заявив про удари по Афіпському нафтопереробному заводу, нафтобазі в Урюпінську та кількох військових об'єктах на окупованих територіях сходу України",MACHINE_NONCANDIDATE,FALSE
68219,20251218,1,2628224,liga,https://news.liga.net/politics/news/drony-sbu-udarili-po-aerodromu-v-krymu-unichtozheno-tehniki-na-sotni-millionov-dollarov,STRATEGIC_AIRBASE,аэродром,Дрон|Уничтож|удар,693805,Simferopol,Crimea,Simferopol's'ka,34.09941,44.95363,REVIEW,REVIEW_DISPUTED_CRIMEA,,,,a_ukr_init_b,0,a_ukr_b,0,a_rus_init_b,0,a_rus_b,1,TRUE,FALSE,Дроны СБУ ударили по аэродрому в Крыму. Уничтожено техники на сотни миллионов долларов,REVIEW,FALSE
321145,20251219,1,2640632,unian,https://www.unian.ua/war/novini-odesi-rosiyani-vdarili-balistikoyu-po-oblasti-bagato-zagiblih-ta-poranenih-novini-odesi-13231758.html,PORT_EXPORT_LOGISTICS,порт,атак,712609,Bilka,Odessa,Ivanivs'kyi,30.40579,46.90822,DROP,DROP_LOCATION_NOT_RU,,,,a_ukr_init_b,0,a_ukr_b,0,a_rus_init_b,1,a_rus_b,1,FALSE,FALSE,"Росіяни атакували порт на Одещині: 7 людей загинуло, багато поранених",MACHINE_NONCANDIDATE,FALSE
112847,20251219,1,2634624,liga,https://news.liga.net/politics/chronicle/rossiyane-udarili-po-zaporozhyu-i-odesse-izvestny-vse-28-punktov-mirnogo-plana-live,PORT_EXPORT_LOGISTICS,порт,атак,698740,Odessa,Odessa,Odes'ka,30.73169,46.48421,DROP,DROP_LOCATION_NOT_RU,,,,a_ukr_init_b,0,a_ukr_b,1,a_rus_init_b,0,a_rus_b,1,TRUE,FALSE,"СБУ поразила танкер в Средиземном море, россияне атаковали баллистикой порт под Одессой – LIVE",MACHINE_NONCANDIDATE,FALSE
68222,20251220,1,2640678,espreso,https://espreso.tv/viyna-z-rosiyeyu-droni-sbu-urazili-dva-rosiyski-litaki-su-27-na-aerodromi-belbek-u-krimu,STRATEGIC_AIRBASE,аеродром,Дрон,693805,Simferopol,Crimea,Simferopol's'ka,34.09941,44.95363,REVIEW,REVIEW_DISPUTED_CRIMEA,,,,a_ukr_init_b,0,a_ukr_b,1,a_rus_init_b,0,a_rus_b,1,TRUE,FALSE,Дрони СБУ уразили два російські літаки Су-27 на аеродромі Бельбек у Криму,REVIEW,FALSE
321150,20251220,1,2640680,espreso,https://espreso.tv/viyna-z-rosiyeyu-rosiyani-znovu-atakuvali-port-pivdenniy-na-odeshchini-e-vluchannya-v-rezervuari,PORT_EXPORT_LOGISTICS,порт,атак,712609,Bilka,Odessa,Ivanivs'kyi,30.40579,46.90822,DROP,DROP_LOCATION_NOT_RU,,,,a_ukr_init_b,0,a_ukr_b,1,a_rus_init_b,0,a_rus_b,0,FALSE,FALSE,"Росіяни знову атакували порт Південний на Одещині, є влучання в резервуари",MACHINE_NONCANDIDATE,FALSE
149720,20251221,1,2659853,liveuamap,https://t.me/SBUkr/16448,STRATEGIC_AIRBASE,аеродром,Дрон,702463,Liubymivka,Sevastopol',Nakhimovs'kyi,33.56495,44.68914,REVIEW,REVIEW_DISPUTED_CRIMEA,,,,a_ukr_init_b,0,a_ukr_b,1,a_rus_init_b,1,a_rus_b,1,TRUE,FALSE,Дрони Служби безпеки України вразили 2 винищувачі Су-27 на аеродромі Бельбек,REVIEW,FALSE
268160,20251222,1,3198294,ng,https://www.ng.ru/news/830856.html,ENERGY_GRID_SUPPORT,подстанц,атак|дрон,709276,Enerhodar,Zaporizhzhya,Kamians'ko-Dniprovs'kyi,34.65601,47.49983,DROP,DROP_LOCATION_NOT_RU,,,,a_ukr_init_b,0,a_ukr_b,1,a_rus_init_b,1,a_rus_b,1,TRUE,FALSE,ВСУ дронами и артиллерией атакуют ключевую подстанцию Энергодара,MACHINE_NONCANDIDATE,FALSE
149721,20251222,1,2659945,liveuamap,https://t.me/SBUkr/16448,STRATEGIC_AIRBASE,аеродром,Дрон,702463,Liubymivka,Sevastopol',Nakhimovs'kyi,33.56495,44.68914,REVIEW,REVIEW_DISPUTED_CRIMEA,,,,a_ukr_init_b,1,a_ukr_b,1,a_rus_init_b,0,a_rus_b,0,TRUE,FALSE,Дрони Служби безпеки України вразили 2 винищувачі Су-27 на аеродромі Бельбек,REVIEW,FALSE
321156,20251222,1,2659429,unian,https://www.unian.ua/war/odesa-chastina-mista-bez-svitla-cherez-ataku-rosiji-novini-odesi-13233273.html,PORT_EXPORT_LOGISTICS,порт,атак|пожеж,712609,Bilka,Odessa,Ivanivs'kyi,30.40579,46.90822,DROP,DROP_LOCATION_NOT_RU,,,,a_ukr_init_b,0,a_ukr_b,0,a_rus_init_b,0,a_rus_b,0,FALSE,FALSE,РФ атакувала порт та енергетику Одещини: почалася пожежа,MACHINE_NONCANDIDATE,FALSE
